{"windPeak": 1.1261510482953834e-18, "windAvg": 0.0, "temp": 21.999999999999996, "humidity": 79.0, "direction": "N", "rainHour": 0.0, "pressure": 1006.1875}