{"windPeak": 6.745979380957623, "windAvg": 4.001366860000003, "temp": 24.499999999999996, "humidity": 58.0, "direction": "N", "rainHour": 0.0, "pressure": 993.0}