{"windPeak": 4.201097311739945, "windAvg": 2.5299339000000005, "temp": 33.77777777777778, "humidity": 54.0, "direction": "N", "rainHour": 0.0, "pressure": 1005.25}