{"windPeak": 1.9746127504105213, "windAvg": 0.21116335999999997, "temp": 13.0, "humidity": 85.0, "direction": "N", "rainHour": 0.0, "pressure": 1009.875}