{"windPeak": 4.23747788139835, "windAvg": 1.9528136999999992, "temp": 18.61111111111111, "humidity": 65.0, "direction": "N", "rainHour": 0.0, "pressure": 1003.875}