{"windPeak": 3.8622712306109612, "windAvg": 2.19618842, "temp": 34.27777777777778, "humidity": 53.0, "direction": "N", "rainHour": 0.0, "pressure": 1005.25}