{"windPeak": 5.689606725382065, "windAvg": 1.8145732800000003, "temp": 17.611111111111114, "humidity": 79.0, "direction": "N", "rainHour": 0.0, "pressure": 1006.0}