{"windPeak": 2.2440501626802507, "windAvg": 0.13242447999999998, "temp": 20.222222222222225, "humidity": 72.0, "direction": "N", "rainHour": 0.0, "pressure": 1009.0}