{"windPeak": 4.168381240255364, "windAvg": 1.2629537400000002, "temp": 21.11111111111111, "humidity": 53.0, "direction": "N", "rainHour": 0.0, "pressure": 1010.6875}