{"windPeak": 1.3038468952488513e-05, "windAvg": 0.0, "temp": 22.888888888888893, "humidity": 72.0, "direction": "N", "rainHour": 0.0, "pressure": 1011.1875}