{"windPeak": 6.114912064574688, "windAvg": 3.7647028400000004, "temp": 33.22222222222222, "humidity": 31.0, "direction": "N", "rainHour": 0.0, "pressure": 1006.0}