{"windPeak": 6.911240805193107, "windAvg": 4.1762925000000015, "temp": 30.388888888888893, "humidity": 32.0, "direction": "N", "rainHour": 0.0, "pressure": 1005.0}