{"windPeak": 0.00015430283810204627, "windAvg": 0.0, "temp": 20.72222222222222, "humidity": 62.0, "direction": "N", "rainHour": 0.0, "pressure": 1006.5625}