{"windPeak": 3.653403364062927, "windAvg": 2.0566058599999995, "temp": 37.22222222222222, "humidity": 37.0, "direction": "N", "rainHour": 0.0, "pressure": 1003.0}