{"windPeak": 5.291563491020263, "windAvg": 2.9826824800000007, "temp": 21.611111111111114, "humidity": 60.0, "direction": "N", "rainHour": 0.0, "pressure": 997.6875}