{"windPeak": 5.65678739637771e-08, "windAvg": 0.0, "temp": 22.38888888888889, "humidity": 82.0, "direction": "N", "rainHour": 0.0, "pressure": 1007.0625}