{"windPeak": 4.215207549162204, "windAvg": 2.2682165999999997, "temp": 23.722222222222225, "humidity": 85.0, "direction": "N", "rainHour": 0.0, "pressure": 995.5625}