{"windPeak": 6.4146878681333295, "windAvg": 3.49716962, "temp": 22.277777777777775, "humidity": 40.0, "direction": "N", "rainHour": 0.0, "pressure": 999.5}