{"windPeak": 1.7127595460661778, "windAvg": 0.29213914, "temp": 26.777777777777782, "humidity": 73.0, "direction": "N", "rainHour": 0.0, "pressure": 1001.25}