{"windPeak": 1.5162182157870192e-18, "windAvg": 0.0, "temp": 8.61111111111111, "humidity": 81.0, "direction": "N", "rainHour": 0.0, "pressure": 1001.75}