{"windPeak": 1.8634405654185346, "windAvg": 0.5194081799999999, "temp": 19.111111111111114, "humidity": 84.0, "direction": "N", "rainHour": 0.0, "pressure": 1004.5625}