{"windPeak": 2.9214264607118842e-24, "windAvg": 0.0, "temp": 23.88888888888889, "humidity": 81.0, "direction": "N", "rainHour": 0.0, "pressure": 1002.5}