{"windPeak": 2.148989107270693, "windAvg": 0.35611448, "temp": 22.5, "humidity": 81.0, "direction": "N", "rainHour": 0.0, "pressure": 1003.5}