{"windPeak": 4.17526566589554e-27, "windAvg": 0.0, "temp": 19.111111111111114, "humidity": 72.0, "direction": "N", "rainHour": 0.0, "pressure": 1012.25}