{"windPeak": 1.9301288067937823, "windAvg": 0.20087362000000003, "temp": 24.722222222222225, "humidity": 72.0, "direction": "N", "rainHour": 0.0, "pressure": 1000.5}