{"windPeak": 0.19986110464958085, "windAvg": 0.0, "temp": 26.27777777777778, "humidity": 39.0, "direction": "N", "rainHour": 0.0, "pressure": 1005.875}