{"windPeak": 1.002299936322209e-05, "windAvg": 0.0, "temp": 25.777777777777782, "humidity": 70.0, "direction": "N", "rainHour": 0.0, "pressure": 1007.6875}