{"windPeak": 4.965449411617447, "windAvg": 2.116554839999999, "temp": 17.0, "humidity": 87.0, "direction": "N", "rainHour": 0.0, "pressure": 998.5}