{"windPeak": 2.797237642117006, "windAvg": 0.36640422, "temp": 17.11111111111111, "humidity": 86.0, "direction": "N", "rainHour": 0.01, "pressure": 998.75}