{"windPeak": 3.5772714829570513, "windAvg": 1.7072020799999998, "temp": 23.277777777777782, "humidity": 85.0, "direction": "N", "rainHour": 0.0, "pressure": 997.0625}