{"windPeak": 7.634940487698367e-31, "windAvg": 0.0, "temp": 17.27777777777778, "humidity": 80.0, "direction": "N", "rainHour": 0.0, "pressure": 994.0}