{"windPeak": 1.0298330433715112e-20, "windAvg": 0.0, "temp": 23.000000000000004, "humidity": 63.0, "direction": "N", "rainHour": 0.0, "pressure": 1004.1875}