{"windPeak": 0.004817118345394112, "windAvg": 0.0, "temp": 24.388888888888893, "humidity": 63.0, "direction": "N", "rainHour": 0.0, "pressure": 1008.25}