{"windPeak": 2.035422346713768e-24, "windAvg": 0.0, "temp": 13.111111111111112, "humidity": 80.0, "direction": "N", "rainHour": 0.0, "pressure": 1004.0}