{"windPeak": 2.5859430042053373, "windAvg": 1.1086076400000002, "temp": 21.72222222222222, "humidity": 64.0, "direction": "N", "rainHour": 0.0, "pressure": 1009.25}