{"windPeak": 3.0182329803293184, "windAvg": 0.6746490399999999, "temp": 26.500000000000004, "humidity": 74.0, "direction": "N", "rainHour": 0.0, "pressure": 1001.5625}