{"windPeak": 3.728243336634938e-46, "windAvg": 0.0, "temp": 17.22222222222222, "humidity": 76.0, "direction": "N", "rainHour": 0.0, "pressure": 1010.6875}