{"windPeak": 2.818332673399542e-32, "windAvg": 0.0, "temp": 12.277777777777779, "humidity": 83.0, "direction": "N", "rainHour": 0.0, "pressure": 1013.25}