{"windPeak": 3.523090437423815e-18, "windAvg": 0.0, "temp": 24.22222222222222, "humidity": 82.0, "direction": "N", "rainHour": 0.0, "pressure": 1001.25}