{"windPeak": 3.887365908460672e-16, "windAvg": 0.0, "temp": 20.777777777777782, "humidity": 69.0, "direction": "N", "rainHour": 0.0, "pressure": 1004.0625}