{"windPeak": 6.299646339923411, "windAvg": 2.284322279999999, "temp": 20.72222222222222, "humidity": 59.0, "direction": "N", "rainHour": 0.0, "pressure": 1002.6875}