{"windPeak": 2.7706140898541127, "windAvg": 0.16776749999999999, "temp": 20.611111111111107, "humidity": 86.0, "direction": "N", "rainHour": 0.0, "pressure": 1007.25}