{"windPeak": 1.932057666546494, "windAvg": 0.40174724000000006, "temp": 20.500000000000004, "humidity": 58.0, "direction": "N", "rainHour": 0.0, "pressure": 1006.6875}