{"windPeak": 1.7061422881106028, "windAvg": 0.0, "temp": 30.61111111111111, "humidity": 59.0, "direction": "N", "rainHour": 0.0, "pressure": 1005.6875}