{"windPeak": 4.604676807843391e-08, "windAvg": 0.0, "temp": 22.888888888888893, "humidity": 74.0, "direction": "N", "rainHour": 0.0, "pressure": 1009.1875}