{"windPeak": 7.27731344543896, "windAvg": 2.846679, "temp": 14.38888888888889, "humidity": 87.0, "direction": "N", "rainHour": 0.0, "pressure": 999.875}