{"windPeak": 3.987171971847692, "windAvg": 2.7460184400000003, "temp": 28.5, "humidity": 63.0, "direction": "N", "rainHour": 0.0, "pressure": 1006.75}