{"windPeak": 8.222206187047101, "windAvg": 3.5383286400000014, "temp": 18.388888888888886, "humidity": 82.0, "direction": "N", "rainHour": 0.0, "pressure": 998.1875}