{"windPeak": 5.493064537531248, "windAvg": 2.59748834, "temp": 24.722222222222225, "humidity": 67.0, "direction": "N", "rainHour": 0.0, "pressure": 1007.5625}