{"windPeak": 0.6523170377069389, "windAvg": 0.0, "temp": 18.722222222222225, "humidity": 84.0, "direction": "N", "rainHour": 0.0, "pressure": 1004.875}