{"windPeak": 0.011699709792841856, "windAvg": 0.0, "temp": 21.999999999999996, "humidity": 80.0, "direction": "N", "rainHour": 0.0, "pressure": 1002.5}