{"windPeak": 4.720260335618359, "windAvg": 2.62030466, "temp": 24.777777777777775, "humidity": 64.0, "direction": "N", "rainHour": 0.0, "pressure": 991.0}