{"windPeak": 0.08966417498892888, "windAvg": 0.0, "temp": 21.72222222222222, "humidity": 76.0, "direction": "N", "rainHour": 0.0, "pressure": 1011.875}