{"windPeak": 0.0004915180453997806, "windAvg": 0.0, "temp": 19.000000000000004, "humidity": 85.0, "direction": "N", "rainHour": 0.0, "pressure": 1000.0}