{"windPeak": 4.28719036637611e-09, "windAvg": 0.0, "temp": 24.499999999999996, "humidity": 77.0, "direction": "N", "rainHour": 0.0, "pressure": 1002.6875}