{"windPeak": 0.043015494386997574, "windAvg": 0.0, "temp": 14.888888888888888, "humidity": 75.0, "direction": "N", "rainHour": 0.0, "pressure": 1007.5625}