{"windPeak": 2.703767394647024, "windAvg": 0.44648523999999995, "temp": 37.111111111111114, "humidity": 46.0, "direction": "N", "rainHour": 0.0, "pressure": 1001.75}