{"windPeak": 8.15312029505005e-05, "windAvg": 0.0, "temp": 20.388888888888893, "humidity": 65.0, "direction": "N", "rainHour": 0.0, "pressure": 1011.5}