{"windPeak": 0.014371205800265373, "windAvg": 0.0, "temp": 12.388888888888888, "humidity": 71.0, "direction": "N", "rainHour": 0.0, "pressure": 1001.0625}