{"windPeak": 1.0041697917179413e-07, "windAvg": 0.0, "temp": 17.38888888888889, "humidity": 74.0, "direction": "N", "rainHour": 0.0, "pressure": 1003.875}