{"windPeak": 3.025539715602585, "windAvg": 0.26261206000000004, "temp": 26.38888888888889, "humidity": 55.0, "direction": "N", "rainHour": 0.0, "pressure": 1014.0625}