{"windPeak": 1.3082194383192796e-05, "windAvg": 0.0, "temp": 26.27777777777778, "humidity": 65.0, "direction": "N", "rainHour": 0.0, "pressure": 1003.0625}