{"windPeak": 3.692313999384042, "windAvg": 1.9528136999999994, "temp": 28.22222222222222, "humidity": 51.0, "direction": "N", "rainHour": 0.0, "pressure": 1008.5}