{"windPeak": 2.2721518485446146, "windAvg": 0.8719436200000003, "temp": 22.722222222222225, "humidity": 85.0, "direction": "N", "rainHour": 0.0, "pressure": 998.375}