{"windPeak": 2.435029734653041, "windAvg": 0.72833464, "temp": 30.222222222222225, "humidity": 59.0, "direction": "N", "rainHour": 0.0, "pressure": 1007.75}