{"windPeak": 4.2337965216053774, "windAvg": 2.6328313000000008, "temp": 29.777777777777775, "humidity": 42.0, "direction": "N", "rainHour": 0.0, "pressure": 1007.1875}