{"windPeak": 5.668110613730937, "windAvg": 3.2913747000000018, "temp": 19.499999999999996, "humidity": 87.0, "direction": "N", "rainHour": 0.0, "pressure": 995.375}