{"windPeak": 4.069171471157123, "windAvg": 1.9389449199999995, "temp": 35.50000000000001, "humidity": 26.0, "direction": "N", "rainHour": 0.0, "pressure": 1005.375}