{"windPeak": 8.747267709558182, "windAvg": 3.058289720000001, "temp": 26.999999999999996, "humidity": 35.0, "direction": "N", "rainHour": 0.0, "pressure": 997.875}