{"windPeak": 0.0009194782989488351, "windAvg": 0.0, "temp": 23.000000000000004, "humidity": 67.0, "direction": "N", "rainHour": 0.0, "pressure": 1002.75}