{"windPeak": 1.48551045750732e-06, "windAvg": 0.0, "temp": 25.222222222222225, "humidity": 72.0, "direction": "N", "rainHour": 0.0, "pressure": 1005.75}