{"windPeak": 2.7838834063804248, "windAvg": 0.47064375999999997, "temp": 34.22222222222222, "humidity": 45.0, "direction": "N", "rainHour": 0.0, "pressure": 1011.375}