{"windPeak": 4.147861866842045, "windAvg": 2.5505134000000007, "temp": 23.22222222222222, "humidity": 71.0, "direction": "N", "rainHour": 0.0, "pressure": 1001.6875}