{"windPeak": 4.466916048440831, "windAvg": 2.72543896, "temp": 35.111111111111114, "humidity": 36.0, "direction": "N", "rainHour": 0.0, "pressure": 1006.25}