{"windPeak": 1.542853497696696, "windAvg": 0.55117216, "temp": 15.888888888888891, "humidity": 60.0, "direction": "N", "rainHour": 0.0, "pressure": 1000.25}