{"windPeak": 6.6668977212003735e-56, "windAvg": 0.0, "temp": 23.22222222222222, "humidity": 60.0, "direction": "N", "rainHour": 0.0, "pressure": 1012.875}