{"windPeak": 4.52884114259291e-22, "windAvg": 0.0, "temp": 20.777777777777782, "humidity": 73.0, "direction": "N", "rainHour": 0.0, "pressure": 1002.375}