{"windPeak": 5.135460128421963, "windAvg": 3.1267389000000008, "temp": 23.11111111111111, "humidity": 75.0, "direction": "N", "rainHour": 0.0, "pressure": 1000.5625}