{"windPeak": 4.248819199354621, "windAvg": 2.8386261000000013, "temp": 21.888888888888893, "humidity": 74.0, "direction": "N", "rainHour": 0.0, "pressure": 990.375}