{"windPeak": 2.4136633067408217e-06, "windAvg": 0.0, "temp": 19.22222222222222, "humidity": 85.0, "direction": "N", "rainHour": 0.0, "pressure": 1004.5625}