{"windPeak": 5.739368476002735, "windAvg": 3.3428234800000007, "temp": 18.22222222222222, "humidity": 86.0, "direction": "N", "rainHour": 0.0, "pressure": 998.0625}