{"windPeak": 4.248914697054055, "windAvg": 2.643121060000001, "temp": 27.5, "humidity": 64.0, "direction": "N", "rainHour": 0.0, "pressure": 989.75}