{"windPeak": 9.6898527669033, "windAvg": 5.431640979999998, "temp": 11.61111111111111, "humidity": 62.0, "direction": "N", "rainHour": 0.0, "pressure": 1004.25}