{"windPeak": 3.8333674790570313, "windAvg": 1.2924808200000004, "temp": 7.611111111111113, "humidity": 74.0, "direction": "N", "rainHour": 0.0, "pressure": 1005.6875}