{"windPeak": 0.0006751234656011725, "windAvg": 0.0, "temp": 22.38888888888889, "humidity": 76.0, "direction": "N", "rainHour": 0.0, "pressure": 1005.0}