{"windPeak": 0.19111221223027375, "windAvg": 0.0, "temp": 8.61111111111111, "humidity": 72.0, "direction": "N", "rainHour": 0.0, "pressure": 1000.0}