{"windPeak": 5.109778414307051, "windAvg": 2.4887749400000003, "temp": 27.5, "humidity": 46.0, "direction": "N", "rainHour": 0.0, "pressure": 1005.0625}