{"windPeak": 0.3318202984169216, "windAvg": 0.08679172000000002, "temp": 37.0, "humidity": 46.0, "direction": "N", "rainHour": 0.0, "pressure": 1001.6875}