{"windPeak": 4.6074676337020755, "windAvg": 1.8100995, "temp": 17.72222222222222, "humidity": 73.0, "direction": "N", "rainHour": 0.0, "pressure": 1010.5625}