{"windPeak": 8.401613958534592e-34, "windAvg": 0.0, "temp": 11.88888888888889, "humidity": 86.0, "direction": "N", "rainHour": 0.0, "pressure": 1013.0}