{"windPeak": 6.310044438164478, "windAvg": 3.281085000000001, "temp": 26.72222222222222, "humidity": 36.0, "direction": "N", "rainHour": 0.0, "pressure": 1006.5625}