{"windPeak": 2.8300994724407422, "windAvg": 0.18029414000000002, "temp": 17.611111111111114, "humidity": 55.0, "direction": "N", "rainHour": 0.0, "pressure": 1000.0}