{"windPeak": 8.926256474391025, "windAvg": 4.968602440000001, "temp": 12.5, "humidity": 56.0, "direction": "N", "rainHour": 0.0, "pressure": 1004.5}