{"windPeak": 5.3715204297667745, "windAvg": 2.7974672, "temp": 22.888888888888893, "humidity": 54.0, "direction": "N", "rainHour": 0.0, "pressure": 1001.875}