{"windPeak": 6.153884242761754, "windAvg": 2.82833638, "temp": 30.72222222222222, "humidity": 46.0, "direction": "N", "rainHour": 0.0, "pressure": 1007.1875}