{"windPeak": 2.1971148295610186, "windAvg": 1.39045704, "temp": 28.277777777777782, "humidity": 62.0, "direction": "N", "rainHour": 0.0, "pressure": 1007.875}