{"windPeak": 2.749298355427042e-20, "windAvg": 0.0, "temp": 22.611111111111114, "humidity": 87.0, "direction": "N", "rainHour": 0.0, "pressure": 1000.0}