{"windPeak": 5.127834326052891, "windAvg": 3.0113148200000013, "temp": 29.88888888888889, "humidity": 51.0, "direction": "N", "rainHour": 0.0, "pressure": 1007.375}