{"windPeak": 0.053404150788320726, "windAvg": 0.0, "temp": 29.000000000000004, "humidity": 63.0, "direction": "N", "rainHour": 0.0, "pressure": 1005.75}