{"windPeak": 5.768296603639494, "windAvg": 2.3755878, "temp": 24.277777777777782, "humidity": 84.0, "direction": "N", "rainHour": 0.0, "pressure": 990.1875}