{"windPeak": 1.314206224551603, "windAvg": 0.19282078000000002, "temp": 23.88888888888889, "humidity": 55.0, "direction": "N", "rainHour": 0.0, "pressure": 1009.5625}