{"windPeak": 1.3459986615594417, "windAvg": 0.0, "temp": 27.38888888888889, "humidity": 71.0, "direction": "N", "rainHour": 0.0, "pressure": 1003.1875}