{"windPeak": 5.32088048775233, "windAvg": 2.4122730199999998, "temp": 25.777777777777782, "humidity": 34.0, "direction": "N", "rainHour": 0.0, "pressure": 1010.25}