{"windPeak": 0.4988259653516786, "windAvg": 0.0, "temp": 11.38888888888889, "humidity": 82.0, "direction": "N", "rainHour": 0.0, "pressure": 1008.5625}