{"windPeak": 2.1646805677727896e-11, "windAvg": 0.0, "temp": 21.222222222222225, "humidity": 70.0, "direction": "N", "rainHour": 0.0, "pressure": 1002.5}