{"windPeak": 3.036736379160795, "windAvg": 0.8209423000000001, "temp": 24.388888888888893, "humidity": 66.0, "direction": "N", "rainHour": 0.0, "pressure": 1009.5625}