{"windPeak": 2.947289764105009e-29, "windAvg": 0.0, "temp": 20.27777777777778, "humidity": 71.0, "direction": "N", "rainHour": 0.0, "pressure": 1003.6875}