{"windPeak": 0.0025448807960681903, "windAvg": 0.0, "temp": 23.61111111111111, "humidity": 64.0, "direction": "N", "rainHour": 0.0, "pressure": 1008.375}