{"windPeak": 1.570025756756e-43, "windAvg": 0.0, "temp": 13.388888888888891, "humidity": 83.0, "direction": "N", "rainHour": 0.0, "pressure": 1004.1875}