{"windPeak": 8.230947386062245e-22, "windAvg": 0.0, "temp": 19.000000000000004, "humidity": 79.0, "direction": "N", "rainHour": 0.0, "pressure": 998.5625}