{"windPeak": 3.016135018455604, "windAvg": 1.0696855800000005, "temp": 29.777777777777775, "humidity": 46.0, "direction": "N", "rainHour": 0.0, "pressure": 1007.5}