{"windPeak": 1.3139242577380152, "windAvg": 0.0559225, "temp": 21.222222222222225, "humidity": 70.0, "direction": "N", "rainHour": 0.0, "pressure": 1008.875}