{"windPeak": 1.2591717775695546, "windAvg": 0.07873888, "temp": 18.5, "humidity": 59.0, "direction": "N", "rainHour": 0.0, "pressure": 1006.5625}