{"windPeak": 5.25231124852693, "windAvg": 2.2373474200000003, "temp": 21.222222222222225, "humidity": 60.0, "direction": "N", "rainHour": 0.0, "pressure": 1006.0}