{"windPeak": 6.551516741268441e-05, "windAvg": 0.0, "temp": 21.11111111111111, "humidity": 59.0, "direction": "N", "rainHour": 0.0, "pressure": 1006.5625}