{"windPeak": 3.955100057380932e-43, "windAvg": 0.0, "temp": 24.777777777777775, "humidity": 85.0, "direction": "N", "rainHour": 0.0, "pressure": 1000.5}