{"windPeak": 4.455897900809343, "windAvg": 1.8834698000000003, "temp": 26.500000000000004, "humidity": 48.0, "direction": "N", "rainHour": 0.0, "pressure": 999.375}