{"windPeak": 2.628398429510533e-26, "windAvg": 0.0, "temp": 21.77777777777778, "humidity": 78.0, "direction": "N", "rainHour": 0.0, "pressure": 1003.375}