{"windPeak": 3.8786682033120288, "windAvg": 2.126397139999999, "temp": 36.22222222222223, "humidity": 37.0, "direction": "N", "rainHour": 0.0, "pressure": 1008.5625}