{"windPeak": 4.628767131484771, "windAvg": 1.9666824999999997, "temp": 27.5, "humidity": 55.0, "direction": "N", "rainHour": 0.0, "pressure": 1007.5625}