{"windPeak": 3.143125952555191, "windAvg": 1.4888806400000005, "temp": 20.388888888888893, "humidity": 87.0, "direction": "N", "rainHour": 0.0, "pressure": 1007.0625}