{"windPeak": 3.547346046401594e-17, "windAvg": 0.0, "temp": 17.38888888888889, "humidity": 81.0, "direction": "N", "rainHour": 0.0, "pressure": 993.0625}