{"windPeak": 4.647229182804511, "windAvg": 2.8694953400000007, "temp": 23.000000000000004, "humidity": 87.0, "direction": "N", "rainHour": 0.0, "pressure": 989.5625}