{"windPeak": 4.36294488586312, "windAvg": 1.2651906600000002, "temp": 13.499999999999998, "humidity": 78.0, "direction": "N", "rainHour": 0.0, "pressure": 1004.1875}