{"windPeak": 5.964603637956125e-20, "windAvg": 0.0, "temp": 22.611111111111114, "humidity": 64.0, "direction": "N", "rainHour": 0.0, "pressure": 1004.0}