{"windPeak": 2.128746231961736, "windAvg": 0.75562482, "temp": 20.500000000000004, "humidity": 59.0, "direction": "N", "rainHour": 0.0, "pressure": 1006.75}