{"windPeak": 8.49895627648992, "windAvg": 3.2193465800000007, "temp": 27.5, "humidity": 34.0, "direction": "N", "rainHour": 0.0, "pressure": 1006.0}