{"windPeak": 4.081057787181333, "windAvg": 2.2122941, "temp": 32.77777777777778, "humidity": 50.0, "direction": "N", "rainHour": 0.0, "pressure": 1011.5}