{"windPeak": 0.007819525150563167, "windAvg": 0.0, "temp": 22.888888888888893, "humidity": 81.0, "direction": "N", "rainHour": 0.0, "pressure": 1003.1875}