{"windPeak": 1.3006626765866687e-12, "windAvg": 0.0, "temp": 23.61111111111111, "humidity": 55.0, "direction": "N", "rainHour": 0.0, "pressure": 1013.0625}