{"windPeak": 2.2623617983257573, "windAvg": 0.4863020599999999, "temp": 24.111111111111114, "humidity": 75.0, "direction": "N", "rainHour": 0.0, "pressure": 1007.875}