{"windPeak": 0.8214624087751526, "windAvg": 0.04563276, "temp": 20.0, "humidity": 72.0, "direction": "N", "rainHour": 0.0, "pressure": 1009.25}