{"windPeak": 4.363090397377501e-11, "windAvg": 0.0, "temp": 25.61111111111111, "humidity": 53.0, "direction": "N", "rainHour": 0.0, "pressure": 1013.0}