{"windPeak": 0.06360431525166621, "windAvg": 0.0, "temp": 20.611111111111107, "humidity": 71.0, "direction": "N", "rainHour": 0.0, "pressure": 1009.0625}