{"windPeak": 1.1167447500858255e-63, "windAvg": 0.0, "temp": 26.611111111111114, "humidity": 54.0, "direction": "N", "rainHour": 0.0, "pressure": 1009.1875}