{"windPeak": 2.0141395216176264e-12, "windAvg": 0.0, "temp": 21.27777777777778, "humidity": 77.0, "direction": "N", "rainHour": 0.0, "pressure": 991.25}