{"windPeak": 0.0025674663017032496, "windAvg": 0.0, "temp": 11.222222222222225, "humidity": 83.0, "direction": "N", "rainHour": 0.0, "pressure": 1009.0625}