{"windPeak": 1.4073199669173928e-41, "windAvg": 0.0, "temp": 17.72222222222222, "humidity": 70.0, "direction": "N", "rainHour": 0.0, "pressure": 1011.1875}