{"windPeak": 1.8615538926885143e-27, "windAvg": 0.0, "temp": 11.11111111111111, "humidity": 85.0, "direction": "N", "rainHour": 0.0, "pressure": 1004.0625}