{"windPeak": 3.9313347209098075, "windAvg": 2.35500832, "temp": -40.0, "humidity": 0.0, "direction": "N", "rainHour": 0.0, "pressure": 1006.0}