{"windPeak": 0.8446835204641474, "windAvg": 0.0, "temp": 28.61111111111111, "humidity": 53.0, "direction": "N", "rainHour": 0.0, "pressure": 1008.0}