{"windPeak": 4.6683308427756245, "windAvg": 2.5710928800000006, "temp": 24.277777777777782, "humidity": 78.0, "direction": "N", "rainHour": 0.0, "pressure": 1006.6875}