{"windPeak": 6.150568517916267, "windAvg": 4.217451480000001, "temp": 26.888888888888893, "humidity": 51.0, "direction": "N", "rainHour": 0.0, "pressure": 1002.75}