{"windPeak": 2.427199729260811, "windAvg": 1.5036441799999998, "temp": 26.777777777777782, "humidity": 48.0, "direction": "N", "rainHour": 0.0, "pressure": 1008.875}