{"windPeak": 4.075002596226649, "windAvg": 1.5255657999999994, "temp": 25.72222222222222, "humidity": 66.0, "direction": "N", "rainHour": 0.0, "pressure": 1007.6875}