{"windPeak": 3.306016842533432, "windAvg": 2.19037248, "temp": 35.0, "humidity": 51.0, "direction": "N", "rainHour": 0.0, "pressure": 1005.5}