{"windPeak": 6.48693458650108, "windAvg": 1.9769722799999994, "temp": 32.27777777777778, "humidity": 31.0, "direction": "N", "rainHour": 0.0, "pressure": 1007.25}