{"windPeak": 3.6439347923294756, "windAvg": 2.3447185799999994, "temp": 30.388888888888893, "humidity": 62.0, "direction": "N", "rainHour": 0.0, "pressure": 1000.75}