{"windPeak": 6.649775186207781, "windAvg": 3.929338700000003, "temp": 18.388888888888886, "humidity": 81.0, "direction": "N", "rainHour": 0.0, "pressure": 998.75}