{"windPeak": 0.1177766618150128, "windAvg": 0.0, "temp": 8.277777777777777, "humidity": 75.0, "direction": "N", "rainHour": 0.0, "pressure": 1000.0625}