{"windPeak": 0.00019668964494999873, "windAvg": 0.0, "temp": 27.611111111111114, "humidity": 73.0, "direction": "N", "rainHour": 0.0, "pressure": 1003.1875}