{"windPeak": 8.116982141628673, "windAvg": 4.89657432, "temp": 27.77777777777778, "humidity": 40.0, "direction": "N", "rainHour": 0.0, "pressure": 993.1875}