{"windPeak": 5.307798371487375, "windAvg": 3.044420920000001, "temp": 32.72222222222223, "humidity": 32.0, "direction": "N", "rainHour": 0.0, "pressure": 1006.0}