{"windPeak": 9.130727729510589e-35, "windAvg": 0.0, "temp": 23.000000000000004, "humidity": 80.0, "direction": "N", "rainHour": 0.0, "pressure": 1006.0}