{"windPeak": 2.1091336258018174, "windAvg": 0.31048172, "temp": 13.88888888888889, "humidity": 84.0, "direction": "N", "rainHour": 0.0, "pressure": 1006.0}