{"windPeak": 4.798800282032401, "windAvg": 2.02349974, "temp": 27.722222222222225, "humidity": 50.0, "direction": "N", "rainHour": 0.0, "pressure": 1008.25}