{"windPeak": 5.197592646221667, "windAvg": 1.8673641600000004, "temp": 21.611111111111114, "humidity": 82.0, "direction": "N", "rainHour": 0.0, "pressure": 994.875}