{"windPeak": 1.1525480959917577e-32, "windAvg": 0.0, "temp": 16.38888888888889, "humidity": 76.0, "direction": "N", "rainHour": 0.0, "pressure": 1005.5}