{"windPeak": 4.549709946862959, "windAvg": 2.79746718, "temp": 22.11111111111111, "humidity": 75.0, "direction": "N", "rainHour": 0.0, "pressure": 996.25}