{"windPeak": 1.9944400208333595, "windAvg": 0.28542844, "temp": 26.38888888888889, "humidity": 77.0, "direction": "N", "rainHour": 0.0, "pressure": 1003.0625}