{"windPeak": 3.4188577243989675, "windAvg": 1.4007467799999997, "temp": 32.111111111111114, "humidity": 54.0, "direction": "N", "rainHour": 0.0, "pressure": 1007.6875}