{"windPeak": 4.654856005732033, "windAvg": 2.6019620800000007, "temp": 32.388888888888886, "humidity": 58.0, "direction": "N", "rainHour": 0.0, "pressure": 1000.6875}