{"windPeak": 3.120195023726455, "windAvg": 1.10547598, "temp": 16.27777777777778, "humidity": 86.0, "direction": "N", "rainHour": 0.0, "pressure": 1007.5}