{"windPeak": 6.426751219759704, "windAvg": 3.147318320000002, "temp": 26.888888888888893, "humidity": 38.0, "direction": "N", "rainHour": 0.0, "pressure": 1006.5}