{"windPeak": 9.833201752199079, "windAvg": 3.28108504, "temp": 14.27777777777778, "humidity": 88.0, "direction": "N", "rainHour": 0.0, "pressure": 999.6875}