{"windPeak": 3.7243245456906955, "windAvg": 2.169792999999999, "temp": 23.277777777777782, "humidity": 47.0, "direction": "N", "rainHour": 0.0, "pressure": 1004.0625}