{"windPeak": 1.5505419538293221, "windAvg": 0.22368999999999997, "temp": 25.777777777777782, "humidity": 67.0, "direction": "N", "rainHour": 0.0, "pressure": 1005.1875}