{"windPeak": 9.27484495607783e-16, "windAvg": 0.0, "temp": 22.22222222222222, "humidity": 80.0, "direction": "N", "rainHour": 0.0, "pressure": 1004.5}