{"windPeak": 8.04552601504674, "windAvg": 3.3428234200000007, "temp": 33.00000000000001, "humidity": 42.0, "direction": "N", "rainHour": 0.0, "pressure": 1006.375}