{"windPeak": 4.012592296581432, "windAvg": 1.4946965799999996, "temp": 30.111111111111114, "humidity": 45.0, "direction": "N", "rainHour": 0.0, "pressure": 1007.5625}