{"windPeak": 8.199851498347884e-20, "windAvg": 0.0, "temp": 16.38888888888889, "humidity": 76.0, "direction": "N", "rainHour": 0.0, "pressure": 1000.375}