{"windPeak": 1.3420778888383458, "windAvg": 0.04563276, "temp": 19.88888888888889, "humidity": 75.0, "direction": "N", "rainHour": 0.0, "pressure": 1009.0625}