{"windPeak": 3.625199073049211e-24, "windAvg": 0.0, "temp": 21.222222222222225, "humidity": 76.0, "direction": "N", "rainHour": 0.0, "pressure": 1008.5625}