{"windPeak": 7.8440295204996895, "windAvg": 4.28947972, "temp": 22.77777777777778, "humidity": 43.0, "direction": "N", "rainHour": 0.0, "pressure": 997.6875}