{"windPeak": 1.6226967653112025e-21, "windAvg": 0.0, "temp": 28.000000000000004, "humidity": 62.0, "direction": "N", "rainHour": 0.0, "pressure": 1004.25}