{"windPeak": 0.00030010483057720276, "windAvg": 0.0, "temp": 23.61111111111111, "humidity": 69.0, "direction": "N", "rainHour": 0.0, "pressure": 1009.0}