{"windPeak": 7.26145000441227e-10, "windAvg": 0.0, "temp": 21.27777777777778, "humidity": 69.0, "direction": "N", "rainHour": 0.0, "pressure": 1002.75}