{"windPeak": 1.4266947371016236, "windAvg": 0.2818494, "temp": 19.22222222222222, "humidity": 63.0, "direction": "N", "rainHour": 0.0, "pressure": 1010.875}