{"windPeak": 0.32467475506741694, "windAvg": 0.0, "temp": 26.72222222222222, "humidity": 53.0, "direction": "N", "rainHour": 0.0, "pressure": 996.375}