{"windPeak": 5.993760125409013, "windAvg": 3.2399259800000015, "temp": 28.88888888888889, "humidity": 43.0, "direction": "N", "rainHour": 0.0, "pressure": 1009.5625}