{"windPeak": 5.811591059700828, "windAvg": 2.7254389599999995, "temp": 28.11111111111111, "humidity": 48.0, "direction": "N", "rainHour": 0.0, "pressure": 1008.25}