{"windPeak": 5.6153937529407765, "windAvg": 3.085579880000001, "temp": 24.277777777777782, "humidity": 86.0, "direction": "N", "rainHour": 0.0, "pressure": 992.0625}