{"windPeak": 0.000765388080967163, "windAvg": 0.0, "temp": 25.111111111111114, "humidity": 61.0, "direction": "N", "rainHour": 0.0, "pressure": 1008.1875}