{"windPeak": 5.809468483855357, "windAvg": 2.7598872599999997, "temp": 31.72222222222222, "humidity": 39.0, "direction": "N", "rainHour": 0.0, "pressure": 1006.75}