{"windPeak": 4.164997302799924, "windAvg": 2.3241390999999996, "temp": 32.27777777777778, "humidity": 54.0, "direction": "N", "rainHour": 0.0, "pressure": 1004.75}