{"windPeak": 2.486922474682039e-37, "windAvg": 0.0, "temp": 11.500000000000002, "humidity": 85.0, "direction": "N", "rainHour": 0.0, "pressure": 1004.0}