{"windPeak": 0.285795530174372, "windAvg": 0.0, "temp": 28.11111111111111, "humidity": 67.0, "direction": "N", "rainHour": 0.0, "pressure": 1009.375}