{"windPeak": 0.1651672243625725, "windAvg": 0.04563276, "temp": 24.722222222222225, "humidity": 47.0, "direction": "N", "rainHour": 0.0, "pressure": 1006.5}