{"windPeak": 7.768261524140855e-06, "windAvg": 0.0, "temp": 23.11111111111111, "humidity": 86.0, "direction": "N", "rainHour": 0.0, "pressure": 1001.1875}