{"windPeak": 1.9293511199877447, "windAvg": 0.17582034, "temp": 24.22222222222222, "humidity": 68.0, "direction": "N", "rainHour": 0.0, "pressure": 1007.875}