{"windPeak": 5.759862904764167, "windAvg": 1.8499163, "temp": 18.111111111111107, "humidity": 87.0, "direction": "N", "rainHour": 0.0, "pressure": 994.1875}