{"windPeak": 3.6613941128496688, "windAvg": 1.65575338, "temp": 24.61111111111111, "humidity": 76.0, "direction": "N", "rainHour": 0.0, "pressure": 1002.0625}