{"windPeak": 3.4342785049952065, "windAvg": 1.6132522799999998, "temp": 29.277777777777782, "humidity": 34.0, "direction": "N", "rainHour": 0.0, "pressure": 1005.875}