{"windPeak": 3.1334578729799785, "windAvg": 1.6808066599999996, "temp": 23.22222222222222, "humidity": 81.0, "direction": "N", "rainHour": 0.0, "pressure": 1003.375}