{"windPeak": 3.329081186545647e-65, "windAvg": 0.0, "temp": 26.27777777777778, "humidity": 55.0, "direction": "N", "rainHour": 0.0, "pressure": 1008.875}