{"windPeak": 2.5934829399015786, "windAvg": 1.7823619199999994, "temp": 36.5, "humidity": 37.0, "direction": "N", "rainHour": 0.0, "pressure": 1002.875}