{"windPeak": 3.6103637534203368, "windAvg": 0.6281215199999999, "temp": 16.77777777777778, "humidity": 56.0, "direction": "N", "rainHour": 0.0, "pressure": 1000.25}