{"windPeak": 5.491834764627075, "windAvg": 3.425141320000001, "temp": 26.11111111111111, "humidity": 40.0, "direction": "N", "rainHour": 0.0, "pressure": 1004.875}