{"windPeak": 0.005344988353937018, "windAvg": 0.0, "temp": 32.111111111111114, "humidity": 55.0, "direction": "N", "rainHour": 0.0, "pressure": 1007.5}