{"windPeak": 3.950119904506753, "windAvg": 2.35500832, "temp": 32.88888888888889, "humidity": 55.0, "direction": "N", "rainHour": 0.0, "pressure": 1007.25}