{"windPeak": 2.90050061879674, "windAvg": 0.8907335800000001, "temp": 31.222222222222225, "humidity": 60.0, "direction": "N", "rainHour": 0.0, "pressure": 1011.75}