{"windPeak": 1.7479235362826748e-07, "windAvg": 0.0, "temp": 29.22222222222222, "humidity": 67.0, "direction": "N", "rainHour": 0.0, "pressure": 1003.0625}