{"windPeak": 1.5158563691094405e-18, "windAvg": 0.0, "temp": 14.38888888888889, "humidity": 79.0, "direction": "N", "rainHour": 0.0, "pressure": 1012.875}