{"windPeak": 5.230858765914623e-52, "windAvg": 0.0, "temp": 25.111111111111114, "humidity": 80.0, "direction": "N", "rainHour": 0.0, "pressure": 1003.6875}