{"windPeak": 2.3605646458224734, "windAvg": 0.97036722, "temp": 32.22222222222222, "humidity": 43.0, "direction": "N", "rainHour": 0.0, "pressure": 1008.5625}