{"windPeak": 0.011142582497357058, "windAvg": 0.0, "temp": 16.500000000000004, "humidity": 65.0, "direction": "N", "rainHour": 0.0, "pressure": 1006.75}