{"windPeak": 2.6210253681204025, "windAvg": 0.9806569600000004, "temp": 16.61111111111111, "humidity": 75.0, "direction": "N", "rainHour": 0.0, "pressure": 1004.5625}