{"windPeak": 3.195150626436338, "windAvg": 1.9447608600000001, "temp": 38.388888888888886, "humidity": 44.0, "direction": "N", "rainHour": 0.0, "pressure": 1001.375}