{"windPeak": 1.4988441902590976e-05, "windAvg": 0.0, "temp": 16.500000000000004, "humidity": 80.0, "direction": "N", "rainHour": 0.0, "pressure": 1009.875}