{"windPeak": 4.671983502559217, "windAvg": 2.74601846, "temp": 19.388888888888893, "humidity": 61.0, "direction": "N", "rainHour": 0.0, "pressure": 1004.0625}