{"windPeak": 1.5948193421212866, "windAvg": 0.19282078000000002, "temp": 15.388888888888891, "humidity": 62.0, "direction": "N", "rainHour": 0.0, "pressure": 1000.375}