{"windPeak": 1.6728207256185163e-23, "windAvg": 0.0, "temp": 20.888888888888886, "humidity": 80.0, "direction": "N", "rainHour": 0.0, "pressure": 1004.5}