{"windPeak": 2.2560282627675536, "windAvg": 1.5103548800000002, "temp": 20.72222222222222, "humidity": 58.0, "direction": "N", "rainHour": 0.0, "pressure": 1004.25}