{"windPeak": 2.251188339959391e-06, "windAvg": 0.0, "temp": 23.22222222222222, "humidity": 70.0, "direction": "N", "rainHour": 0.0, "pressure": 1011.0}