{"windPeak": 0.9923771215542362, "windAvg": 0.0, "temp": 25.222222222222225, "humidity": 73.0, "direction": "N", "rainHour": 0.0, "pressure": 1005.75}