{"windPeak": 5.04892860903623, "windAvg": 3.044421020000001, "temp": -2.6111111111111107, "humidity": 0.0, "direction": "N", "rainHour": 0.0, "pressure": 1003.0}