{"windPeak": 5.926642789750076, "windAvg": 2.8914170000000006, "temp": 20.500000000000004, "humidity": 55.0, "direction": "N", "rainHour": 0.0, "pressure": 1002.75}