{"windPeak": 2.931068429139721, "windAvg": 1.7537295999999996, "temp": 26.0, "humidity": 65.0, "direction": "N", "rainHour": 0.0, "pressure": 1004.6875}