{"windPeak": 7.793234606543548, "windAvg": 3.281085020000001, "temp": 25.888888888888886, "humidity": 42.0, "direction": "N", "rainHour": 0.0, "pressure": 1006.5625}