{"windPeak": 8.316128322496567, "windAvg": 4.78338728, "temp": 22.888888888888893, "humidity": 43.0, "direction": "N", "rainHour": 0.0, "pressure": 997.875}