{"windPeak": 3.212335867709269, "windAvg": 0.04563276, "temp": 25.111111111111114, "humidity": 67.0, "direction": "N", "rainHour": 0.0, "pressure": 1006.5625}