{"windPeak": 9.895867659686952e-55, "windAvg": 0.0, "temp": 20.27777777777778, "humidity": 70.0, "direction": "N", "rainHour": 0.0, "pressure": 1014.1875}