{"windPeak": 11.326917419137468, "windAvg": 5.441930660000001, "temp": 18.388888888888886, "humidity": 46.0, "direction": "N", "rainHour": 0.0, "pressure": 1000.875}