{"windPeak": 1.730303540978741e-48, "windAvg": 0.0, "temp": 24.000000000000004, "humidity": 74.0, "direction": "N", "rainHour": 0.0, "pressure": 1000.6875}