{"windPeak": 5.218779620599485, "windAvg": 2.9222861600000005, "temp": 25.27777777777778, "humidity": 72.0, "direction": "N", "rainHour": 0.0, "pressure": 1009.25}