{"windPeak": 1.852888429918097, "windAvg": 0.8254161000000001, "temp": 21.888888888888893, "humidity": 68.0, "direction": "N", "rainHour": 0.0, "pressure": 992.6875}