{"windPeak": 9.901259725863558e-17, "windAvg": 0.0, "temp": 21.38888888888889, "humidity": 68.0, "direction": "N", "rainHour": 0.0, "pressure": 1002.5625}