{"windPeak": 9.850028029075728e-06, "windAvg": 0.0, "temp": 24.88888888888889, "humidity": 63.0, "direction": "N", "rainHour": 0.0, "pressure": 1002.375}