{"windPeak": 4.377430172064192, "windAvg": 2.4386684, "temp": 25.388888888888893, "humidity": 61.0, "direction": "N", "rainHour": 0.0, "pressure": 996.0625}