{"windPeak": 3.5936454788092735, "windAvg": 1.97205104, "temp": 30.777777777777782, "humidity": 47.0, "direction": "N", "rainHour": 0.0, "pressure": 1001.875}