{"windPeak": 1.7523228987315677e-11, "windAvg": 0.0, "temp": 23.11111111111111, "humidity": 73.0, "direction": "N", "rainHour": 0.0, "pressure": 1004.375}