{"windPeak": 2.263907354085044, "windAvg": 1.4343002800000002, "temp": 26.777777777777782, "humidity": 67.0, "direction": "N", "rainHour": 0.0, "pressure": 1006.5625}