{"windPeak": 4.223777923964904, "windAvg": 2.59167234, "temp": 26.500000000000004, "humidity": 50.0, "direction": "N", "rainHour": 0.0, "pressure": 1002.6875}