{"windPeak": 3.7682038301711835, "windAvg": 1.6195156000000004, "temp": 27.888888888888893, "humidity": 72.0, "direction": "N", "rainHour": 0.0, "pressure": 1001.0}