{"windPeak": 0.004869303031146665, "windAvg": 0.0, "temp": 20.111111111111114, "humidity": 70.0, "direction": "N", "rainHour": 0.0, "pressure": 1004.1875}