{"windPeak": 2.767193970622002, "windAvg": 1.1631880000000003, "temp": 24.000000000000004, "humidity": 76.0, "direction": "N", "rainHour": 0.0, "pressure": 1006.6875}