{"windPeak": 3.7227284960314364, "windAvg": 1.8463372599999994, "temp": 28.77777777777778, "humidity": 66.0, "direction": "N", "rainHour": 0.0, "pressure": 1000.75}