{"windPeak": 1.7331787825475413, "windAvg": 0.02281638, "temp": 22.611111111111114, "humidity": 72.0, "direction": "N", "rainHour": 0.0, "pressure": 1005.25}