{"windPeak": 0.006854211887674561, "windAvg": 0.0, "temp": 29.61111111111111, "humidity": 45.0, "direction": "N", "rainHour": 0.0, "pressure": 1008.375}