{"windPeak": 2.6481833644820814, "windAvg": 0.43932716000000005, "temp": 17.0, "humidity": 88.0, "direction": "N", "rainHour": 0.0, "pressure": 1000.0625}