{"windPeak": 5.744120596483192, "windAvg": 3.2605054800000017, "temp": 32.72222222222223, "humidity": 31.0, "direction": "N", "rainHour": 0.0, "pressure": 1005.875}