{"windPeak": 0.2204823466743635, "windAvg": 0.0, "temp": 25.222222222222225, "humidity": 71.0, "direction": "N", "rainHour": 0.0, "pressure": 1006.6875}