{"windPeak": 4.854546616127093, "windAvg": 2.6842800000000007, "temp": 29.61111111111111, "humidity": 47.0, "direction": "N", "rainHour": 0.0, "pressure": 1007.5625}