{"windPeak": 4.167063322750203, "windAvg": 2.3357709800000013, "temp": 26.72222222222222, "humidity": 54.0, "direction": "N", "rainHour": 0.0, "pressure": 1009.0}