{"windPeak": 1.558747637742893, "windAvg": 0.27513870000000007, "temp": 26.777777777777782, "humidity": 49.0, "direction": "N", "rainHour": 0.0, "pressure": 1004.375}