{"windPeak": 5.6523300789827e-05, "windAvg": 0.0, "temp": 22.11111111111111, "humidity": 69.0, "direction": "N", "rainHour": 0.0, "pressure": 1009.5}