{"windPeak": 8.531844539950611e-18, "windAvg": 0.0, "temp": 21.888888888888893, "humidity": 66.0, "direction": "N", "rainHour": 0.0, "pressure": 1007.5625}