{"windPeak": 4.310385805334494, "windAvg": 2.2521109200000002, "temp": -40.0, "humidity": 0.0, "direction": "N", "rainHour": 0.0, "pressure": 1006.75}