{"windPeak": 6.644312512551862, "windAvg": 4.217451440000001, "temp": 29.111111111111114, "humidity": 40.0, "direction": "N", "rainHour": 0.0, "pressure": 1006.375}