{"windPeak": 0.553093472508546, "windAvg": 0.0, "temp": 21.222222222222225, "humidity": 80.0, "direction": "N", "rainHour": 0.0, "pressure": 1000.5625}