{"windPeak": 7.219762008956712, "windAvg": 2.66370054, "temp": 29.88888888888889, "humidity": 38.0, "direction": "N", "rainHour": 0.0, "pressure": 1009.1875}