{"windPeak": 2.214959373782541, "windAvg": 1.0866860200000004, "temp": 29.388888888888893, "humidity": 50.0, "direction": "N", "rainHour": 0.0, "pressure": 1002.375}