{"windPeak": 4.858728179629327, "windAvg": 2.8077569000000007, "temp": 31.72222222222222, "humidity": 56.0, "direction": "N", "rainHour": 0.0, "pressure": 1002.75}