{"windPeak": 3.2346803298419746, "windAvg": 2.0132099999999995, "temp": 16.27777777777778, "humidity": 73.0, "direction": "N", "rainHour": 0.0, "pressure": 1004.5}