{"windPeak": 6.938282177949899, "windAvg": 3.6206464800000013, "temp": 22.888888888888893, "humidity": 57.0, "direction": "N", "rainHour": 0.0, "pressure": 1005.6875}