{"windPeak": 9.413812272565181e-05, "windAvg": 0.0, "temp": 13.722222222222225, "humidity": 80.0, "direction": "N", "rainHour": 0.0, "pressure": 1011.0625}