{"windPeak": 10.748764880774534, "windAvg": 4.289479660000001, "temp": 15.0, "humidity": 87.0, "direction": "N", "rainHour": 0.0, "pressure": 1000.5}