{"windPeak": 6.997643844681608, "windAvg": 3.5074593000000016, "temp": 23.388888888888886, "humidity": 66.0, "direction": "N", "rainHour": 0.0, "pressure": 993.1875}