{"windPeak": 1.352672631466521, "windAvg": 0.11408190000000001, "temp": 11.38888888888889, "humidity": 85.0, "direction": "N", "rainHour": 0.0, "pressure": 1008.0625}