{"windPeak": 3.2668207076176374, "windAvg": 1.6101206200000004, "temp": 33.5, "humidity": 40.0, "direction": "N", "rainHour": 0.0, "pressure": 1006.5}