{"windPeak": 2.6238734071703402, "windAvg": 0.33329809999999993, "temp": 23.5, "humidity": 64.0, "direction": "N", "rainHour": 0.0, "pressure": 1007.25}