{"windPeak": 2.7957031754075605, "windAvg": 0.34716687999999996, "temp": 21.72222222222222, "humidity": 74.0, "direction": "N", "rainHour": 0.0, "pressure": 1006.1875}