{"windPeak": 4.533034657647292, "windAvg": 1.14216114, "temp": 31.777777777777782, "humidity": 42.0, "direction": "N", "rainHour": 0.0, "pressure": 996.25}