{"windPeak": 4.8439755670145036e-17, "windAvg": 0.0, "temp": 9.11111111111111, "humidity": 80.0, "direction": "N", "rainHour": 0.0, "pressure": 1001.6875}