{"windPeak": 4.226407210049989, "windAvg": 2.2418211999999995, "temp": 26.38888888888889, "humidity": 39.0, "direction": "N", "rainHour": 0.0, "pressure": 1007.375}