{"windPeak": 3.198758118136037, "windAvg": 1.5573297799999992, "temp": 24.111111111111114, "humidity": 75.0, "direction": "N", "rainHour": 0.0, "pressure": 1006.5}