{"windPeak": 4.0896087708934905, "windAvg": 2.8283363600000007, "temp": 28.22222222222222, "humidity": 47.0, "direction": "N", "rainHour": 0.0, "pressure": 1010.25}