{"windPeak": 1.4330324813960963e-15, "windAvg": 0.0, "temp": 21.611111111111114, "humidity": 74.0, "direction": "N", "rainHour": 0.0, "pressure": 1010.25}