{"windPeak": 6.611231197422877, "windAvg": 3.8470208400000008, "temp": 25.111111111111114, "humidity": 42.0, "direction": "N", "rainHour": 0.0, "pressure": 1005.5}