{"windPeak": 3.7718666838209343, "windAvg": 0.67017524, "temp": 17.22222222222222, "humidity": 54.0, "direction": "N", "rainHour": 0.0, "pressure": 1000.25}