{"windPeak": 3.3585833781810264, "windAvg": 2.1080545599999994, "temp": 27.5, "humidity": 54.0, "direction": "N", "rainHour": 0.0, "pressure": 991.6875}