{"windPeak": 0.0019473409757166885, "windAvg": 0.0, "temp": 24.777777777777775, "humidity": 73.0, "direction": "N", "rainHour": 0.0, "pressure": 1007.75}