{"windPeak": 4.096032032580893, "windAvg": 2.28298014, "temp": 20.111111111111114, "humidity": 58.0, "direction": "N", "rainHour": 0.0, "pressure": 996.1875}