{"windPeak": 1.0383264903374875e-19, "windAvg": 0.0, "temp": 21.77777777777778, "humidity": 79.0, "direction": "N", "rainHour": 0.0, "pressure": 1004.1875}