{"windPeak": 9.150923498266996, "windAvg": 4.608461580000002, "temp": 28.722222222222225, "humidity": 42.0, "direction": "N", "rainHour": 0.0, "pressure": 993.25}