{"windPeak": 1.546772667754055, "windAvg": 0.13466138, "temp": 21.72222222222222, "humidity": 72.0, "direction": "N", "rainHour": 0.0, "pressure": 1005.375}