{"windPeak": 0.00026692865786853725, "windAvg": 0.0, "temp": 37.111111111111114, "humidity": 47.0, "direction": "N", "rainHour": 0.0, "pressure": 1008.5}