{"windPeak": 3.53567611736581, "windAvg": 0.88268074, "temp": 19.499999999999996, "humidity": 61.0, "direction": "N", "rainHour": 0.0, "pressure": 1006.75}