{"windPeak": 2.013368861923207, "windAvg": 0.32300836, "temp": 24.61111111111111, "humidity": 76.0, "direction": "N", "rainHour": 0.0, "pressure": 1006.25}