{"windPeak": 2.6706923567356616e-07, "windAvg": 0.0, "temp": 21.222222222222225, "humidity": 73.0, "direction": "N", "rainHour": 0.0, "pressure": 1006.5}