{"windPeak": 0.029525461609366796, "windAvg": 0.0, "temp": 17.22222222222222, "humidity": 74.0, "direction": "N", "rainHour": 0.0, "pressure": 1001.25}