{"windPeak": 1.6531651444620585, "windAvg": 0.32524526000000004, "temp": 18.111111111111107, "humidity": 60.0, "direction": "N", "rainHour": 0.0, "pressure": 1006.5625}