{"windPeak": 6.895040526126761, "windAvg": 3.291374780000001, "temp": 31.0, "humidity": 44.0, "direction": "N", "rainHour": 0.0, "pressure": 1007.25}