{"windPeak": 0.10976603354813207, "windAvg": 0.043395859999999994, "temp": 27.722222222222225, "humidity": 56.0, "direction": "N", "rainHour": 0.0, "pressure": 1014.1875}