{"windPeak": 4.187714572110364, "windAvg": 1.0195790200000006, "temp": 18.277777777777782, "humidity": 62.0, "direction": "N", "rainHour": 0.0, "pressure": 1007.0}