{"windPeak": 4.3515722590626725e-08, "windAvg": 0.0, "temp": 15.722222222222221, "humidity": 74.0, "direction": "N", "rainHour": 0.0, "pressure": 1011.0625}