{"windPeak": 6.960250302201236e-25, "windAvg": 0.0, "temp": 21.11111111111111, "humidity": 70.0, "direction": "N", "rainHour": 0.0, "pressure": 1003.5}