{"windPeak": 4.727092447142839, "windAvg": 2.13802904, "temp": 22.77777777777778, "humidity": 77.0, "direction": "N", "rainHour": 0.0, "pressure": 1009.5}