{"windPeak": 8.846402417010367e-07, "windAvg": 0.0, "temp": 25.72222222222222, "humidity": 77.0, "direction": "N", "rainHour": 0.0, "pressure": 1001.375}