{"windPeak": 1.3319791380173749e-08, "windAvg": 0.0, "temp": 21.999999999999996, "humidity": 64.0, "direction": "N", "rainHour": 0.0, "pressure": 1010.1875}