{"windPeak": 5.350492097194144, "windAvg": 2.241821199999999, "temp": 23.22222222222222, "humidity": 82.0, "direction": "N", "rainHour": 0.01, "pressure": 1006.5625}