{"windPeak": 0.0014299438240419785, "windAvg": 0.0, "temp": 21.77777777777778, "humidity": 85.0, "direction": "N", "rainHour": 0.0, "pressure": 1004.0}