{"windPeak": 2.6878105447644573e-28, "windAvg": 0.0, "temp": 21.222222222222225, "humidity": 81.0, "direction": "N", "rainHour": 0.0, "pressure": 1004.6875}