{"windPeak": 3.352288249095886e-42, "windAvg": 0.0, "temp": 18.277777777777782, "humidity": 68.0, "direction": "N", "rainHour": 0.0, "pressure": 996.0}