{"windPeak": 1.6322592746710187, "windAvg": 0.18029414000000002, "temp": 21.27777777777778, "humidity": 68.0, "direction": "N", "rainHour": 0.0, "pressure": 1008.6875}