{"windPeak": 4.185971114819798, "windAvg": 2.44761598, "temp": 17.888888888888893, "humidity": 69.0, "direction": "N", "rainHour": 0.0, "pressure": 1004.375}