{"windPeak": 0.02953295598020811, "windAvg": 0.0, "temp": 23.22222222222222, "humidity": 79.0, "direction": "N", "rainHour": 0.0, "pressure": 1001.5625}