{"windPeak": 2.8385207104904795e-26, "windAvg": 0.0, "temp": 27.277777777777775, "humidity": 62.0, "direction": "N", "rainHour": 0.0, "pressure": 1011.25}