{"windPeak": 4.411106736404228, "windAvg": 2.61225186, "temp": 18.22222222222222, "humidity": 88.0, "direction": "N", "rainHour": 0.0, "pressure": 995.375}