{"windPeak": 4.583884829787604e-53, "windAvg": 0.0, "temp": 26.999999999999996, "humidity": 63.0, "direction": "N", "rainHour": 0.0, "pressure": 1000.75}