{"windPeak": 0.06776256796436944, "windAvg": 0.0, "temp": 21.500000000000004, "humidity": 80.0, "direction": "N", "rainHour": 0.0, "pressure": 1002.5}