{"windPeak": 4.460133035039054, "windAvg": 1.5327238799999998, "temp": 19.777777777777775, "humidity": 87.0, "direction": "N", "rainHour": 0.0, "pressure": 996.25}