{"windPeak": 3.7904782810177253, "windAvg": 1.0813174600000002, "temp": 33.5, "humidity": 56.0, "direction": "N", "rainHour": 0.0, "pressure": 1008.0625}