{"windPeak": 1.0597528356969806e-10, "windAvg": 0.0, "temp": 18.388888888888886, "humidity": 70.0, "direction": "N", "rainHour": 0.0, "pressure": 1000.0}