{"windPeak": 5.716996468986133, "windAvg": 3.28108498, "temp": 19.72222222222222, "humidity": 75.0, "direction": "N", "rainHour": 0.0, "pressure": 999.1875}