{"windPeak": 6.172836165456553, "windAvg": 3.816151580000002, "temp": 18.88888888888889, "humidity": 87.0, "direction": "N", "rainHour": 0.0, "pressure": 997.875}