{"windPeak": 2.1628052966271474, "windAvg": 0.12213474000000002, "temp": 21.72222222222222, "humidity": 79.0, "direction": "N", "rainHour": 0.0, "pressure": 1007.5}