{"windPeak": 1.6481473374525861, "windAvg": 0.1700044, "temp": 20.388888888888893, "humidity": 75.0, "direction": "N", "rainHour": 0.0, "pressure": 1009.1875}