{"windPeak": 14.635394777927399, "windAvg": 5.164107580000001, "temp": 11.88888888888889, "humidity": 65.0, "direction": "N", "rainHour": 0.0, "pressure": 1003.75}