{"windPeak": 3.1344005183677066e-13, "windAvg": 0.0, "temp": 18.277777777777782, "humidity": 87.0, "direction": "N", "rainHour": 0.0, "pressure": 1004.25}