{"windPeak": 1.878078948824765, "windAvg": 0.30242888, "temp": 21.38888888888889, "humidity": 52.0, "direction": "N", "rainHour": 0.0, "pressure": 1007.1875}