{"windPeak": 4.068615846070833, "windAvg": 1.65709554, "temp": 21.72222222222222, "humidity": 75.0, "direction": "N", "rainHour": 0.0, "pressure": 1014.875}