{"windPeak": 1.2583944726415992, "windAvg": 0.13466138, "temp": 21.222222222222225, "humidity": 55.0, "direction": "N", "rainHour": 0.0, "pressure": 1006.5625}