{"windPeak": 4.991640636738536, "windAvg": 2.2445054600000005, "temp": 17.27777777777778, "humidity": 72.0, "direction": "N", "rainHour": 0.0, "pressure": 1006.5}