{"windPeak": 0.33706578792616754, "windAvg": 0.0, "temp": 12.222222222222223, "humidity": 62.0, "direction": "N", "rainHour": 0.0, "pressure": 1000.1875}