{"windPeak": 4.91189964934035e-06, "windAvg": 0.0, "temp": 25.388888888888893, "humidity": 66.0, "direction": "N", "rainHour": 0.0, "pressure": 1008.5625}