{"windPeak": 1.7070160413128094e-28, "windAvg": 0.0, "temp": 20.388888888888893, "humidity": 71.0, "direction": "N", "rainHour": 0.0, "pressure": 1003.875}