{"windPeak": 5.767703119635283, "windAvg": 3.342823520000002, "temp": 27.38888888888889, "humidity": 58.0, "direction": "N", "rainHour": 0.0, "pressure": 1007.875}