{"windPeak": 4.7389444619560965, "windAvg": 2.787177420000001, "temp": 29.61111111111111, "humidity": 59.0, "direction": "N", "rainHour": 0.0, "pressure": 1006.5625}