{"windPeak": 1.9037425769337937, "windAvg": 0.11989784, "temp": 27.222222222222225, "humidity": 67.0, "direction": "N", "rainHour": 0.0, "pressure": 1000.75}