{"windPeak": 2.54255598540579, "windAvg": 0.61648964, "temp": 18.88888888888889, "humidity": 85.0, "direction": "N", "rainHour": 0.0, "pressure": 1004.5}