{"windPeak": 1.8519709097868362, "windAvg": 0.10960810000000003, "temp": 20.888888888888886, "humidity": 79.0, "direction": "N", "rainHour": 0.0, "pressure": 991.5}