{"windPeak": 5.136199504117935e-27, "windAvg": 0.0, "temp": 27.722222222222225, "humidity": 56.0, "direction": "N", "rainHour": 0.0, "pressure": 1009.25}