{"windPeak": 5.230323780228134, "windAvg": 3.1164491400000016, "temp": 22.888888888888893, "humidity": 77.0, "direction": "N", "rainHour": 0.0, "pressure": 1000.0}