{"windPeak": 2.4607494188749317e-11, "windAvg": 0.0, "temp": 25.111111111111114, "humidity": 80.0, "direction": "N", "rainHour": 0.0, "pressure": 1000.875}