{"windPeak": 2.0210397052258733, "windAvg": 0.17805724, "temp": 31.72222222222222, "humidity": 62.0, "direction": "N", "rainHour": 0.0, "pressure": 1001.1875}