{"windPeak": 3.2530081048734267, "windAvg": 1.3506402200000003, "temp": 33.00000000000001, "humidity": 44.0, "direction": "N", "rainHour": 0.0, "pressure": 1003.0}