{"windPeak": 1.6429065583505502, "windAvg": 0.17805723999999998, "temp": 17.888888888888893, "humidity": 61.0, "direction": "N", "rainHour": 0.0, "pressure": 1006.5625}