{"windPeak": 3.7276682056673693, "windAvg": 2.3447185799999994, "temp": 8.88888888888889, "humidity": 79.0, "direction": "N", "rainHour": 0.0, "pressure": 1000.75}