{"windPeak": 15.419422683167227, "windAvg": 5.133238420000001, "temp": 14.38888888888889, "humidity": 88.0, "direction": "N", "rainHour": 0.0, "pressure": 1000.75}