{"windPeak": 9.411226884469674e-15, "windAvg": 0.0, "temp": 9.38888888888889, "humidity": 79.0, "direction": "N", "rainHour": 0.0, "pressure": 1001.5}