{"windPeak": 4.652539123328539, "windAvg": 2.4453790999999994, "temp": 20.0, "humidity": 88.0, "direction": "N", "rainHour": 0.0, "pressure": 1007.1875}