{"windPeak": 4.2166959457887073e-07, "windAvg": 0.0, "temp": 17.22222222222222, "humidity": 72.0, "direction": "N", "rainHour": 0.0, "pressure": 1008.1875}