{"windPeak": 3.9350213173732655e-21, "windAvg": 0.0, "temp": 25.777777777777782, "humidity": 69.0, "direction": "N", "rainHour": 0.0, "pressure": 1006.0}