{"windPeak": 5.348424177563241, "windAvg": 2.6386472600000004, "temp": 18.388888888888886, "humidity": 87.0, "direction": "N", "rainHour": 0.0, "pressure": 997.5}