{"windPeak": 3.559145706866005, "windAvg": 1.9720510399999993, "temp": 25.222222222222225, "humidity": 76.0, "direction": "N", "rainHour": 0.0, "pressure": 1006.25}