{"windPeak": 4.913196164503364e-08, "windAvg": 0.0, "temp": 24.88888888888889, "humidity": 74.0, "direction": "N", "rainHour": 0.0, "pressure": 1007.5625}