{"windPeak": 3.1822838149379487, "windAvg": 1.0446323000000004, "temp": 29.388888888888893, "humidity": 55.0, "direction": "N", "rainHour": 0.0, "pressure": 1008.25}