{"windPeak": 2.2331680868287798e-13, "windAvg": 0.0, "temp": 22.22222222222222, "humidity": 79.0, "direction": "N", "rainHour": 0.0, "pressure": 1006.1875}