{"windPeak": 2.3436222861414597, "windAvg": 0.40174723999999995, "temp": 21.611111111111114, "humidity": 66.0, "direction": "N", "rainHour": 0.0, "pressure": 1010.25}