{"windPeak": 3.6265381631853564, "windAvg": 2.4373262400000004, "temp": 23.722222222222225, "humidity": 75.0, "direction": "N", "rainHour": 0.0, "pressure": 1003.5}