{"windPeak": 1.3931512389188985, "windAvg": 0.29795508000000004, "temp": 17.0, "humidity": 87.0, "direction": "N", "rainHour": 0.0, "pressure": 1003.0}