{"windPeak": 2.6012340877264517, "windAvg": 1.7582033999999995, "temp": 20.500000000000004, "humidity": 60.0, "direction": "N", "rainHour": 0.0, "pressure": 1004.375}