{"windPeak": 3.3333903030856247, "windAvg": 0.7730726400000001, "temp": 31.72222222222222, "humidity": 60.0, "direction": "N", "rainHour": 0.0, "pressure": 1001.0625}