{"windPeak": 2.5938068131988836, "windAvg": 0.70551826, "temp": 17.22222222222222, "humidity": 86.0, "direction": "N", "rainHour": 0.0, "pressure": 993.875}