{"windPeak": 5.342738288890004, "windAvg": 3.5074593000000016, "temp": 19.61111111111111, "humidity": 87.0, "direction": "N", "rainHour": 0.0, "pressure": 995.0625}