{"windPeak": 7.015114226696891, "windAvg": 3.6103567800000014, "temp": 21.77777777777778, "humidity": 42.0, "direction": "N", "rainHour": 0.0, "pressure": 999.5}