{"windPeak": 0.0003487751677937174, "windAvg": 0.0, "temp": 20.388888888888893, "humidity": 84.0, "direction": "N", "rainHour": 0.0, "pressure": 1002.5}