{"windPeak": 6.51607791988614, "windAvg": 3.5280387800000006, "temp": 19.000000000000004, "humidity": 77.0, "direction": "N", "rainHour": 0.0, "pressure": 1000.75}