{"windPeak": 1.9818835469513039, "windAvg": 0.4062210400000001, "temp": 29.88888888888889, "humidity": 44.0, "direction": "N", "rainHour": 0.0, "pressure": 1004.25}