{"windPeak": 2.21005550521592e-40, "windAvg": 0.0, "temp": 12.777777777777779, "humidity": 81.0, "direction": "N", "rainHour": 0.0, "pressure": 1004.0625}