{"windPeak": 1.0302702543670448, "windAvg": 0.37669396, "temp": 24.111111111111114, "humidity": 79.0, "direction": "N", "rainHour": 0.0, "pressure": 1008.25}