{"windPeak": 1.481328474437774e-21, "windAvg": 0.0, "temp": 14.38888888888889, "humidity": 84.0, "direction": "N", "rainHour": 0.0, "pressure": 1011.0}