{"windPeak": 2.197646418306564, "windAvg": 0.35387757999999997, "temp": 22.38888888888889, "humidity": 69.0, "direction": "N", "rainHour": 0.0, "pressure": 1009.375}