{"windPeak": 7.761483142838309, "windAvg": 3.60006706, "temp": 14.27777777777778, "humidity": 87.0, "direction": "N", "rainHour": 0.0, "pressure": 1001.375}