{"windPeak": 3.5311099239265085, "windAvg": 1.6772276199999996, "temp": 23.277777777777782, "humidity": 79.0, "direction": "N", "rainHour": 0.0, "pressure": 989.375}