{"windPeak": 4.376720182112625, "windAvg": 2.5196441600000004, "temp": 24.277777777777782, "humidity": 82.0, "direction": "N", "rainHour": 0.0, "pressure": 989.5}