{"windPeak": 4.0313662335149525, "windAvg": 1.8467846599999995, "temp": 19.61111111111111, "humidity": 79.0, "direction": "N", "rainHour": 0.0, "pressure": 997.875}