{"windPeak": 4.1240585349957945e-32, "windAvg": 0.0, "temp": 20.777777777777782, "humidity": 82.0, "direction": "N", "rainHour": 0.0, "pressure": 1004.1875}