{"windPeak": 5.05593358094243, "windAvg": 2.43732624, "temp": 21.611111111111114, "humidity": 83.0, "direction": "N", "rainHour": 0.0, "pressure": 1007.375}