{"windPeak": 10.974777307107471, "windAvg": 4.855415560000002, "temp": 14.222222222222223, "humidity": 59.0, "direction": "N", "rainHour": 0.0, "pressure": 1002.5}