{"windPeak": 5.781288223964235, "windAvg": 2.75407128, "temp": 17.72222222222222, "humidity": 62.0, "direction": "N", "rainHour": 0.0, "pressure": 1002.875}