{"windPeak": 0.2792692624287927, "windAvg": 0.0, "temp": 23.388888888888886, "humidity": 84.0, "direction": "N", "rainHour": 0.0, "pressure": 1001.0}