{"windPeak": 0.11070733965510104, "windAvg": 0.0, "temp": 25.222222222222225, "humidity": 53.0, "direction": "N", "rainHour": 0.0, "pressure": 1008.875}