{"windPeak": 1.006286364568704e-51, "windAvg": 0.0, "temp": 26.500000000000004, "humidity": 54.0, "direction": "N", "rainHour": 0.0, "pressure": 1002.6875}