{"windPeak": 1.713484131898439e-67, "windAvg": 0.0, "temp": 28.388888888888886, "humidity": 48.0, "direction": "N", "rainHour": 0.0, "pressure": 1008.75}