{"windPeak": 6.262359446901009, "windAvg": 4.2689001200000005, "temp": 26.500000000000004, "humidity": 52.0, "direction": "N", "rainHour": 0.0, "pressure": 1002.6875}