{"windPeak": 1.5172634209881572e-17, "windAvg": 0.0, "temp": 16.722222222222225, "humidity": 76.0, "direction": "N", "rainHour": 0.0, "pressure": 1000.375}