{"windPeak": 5.242850019542989, "windAvg": 2.69233284, "temp": 21.38888888888889, "humidity": 57.0, "direction": "N", "rainHour": 0.0, "pressure": 996.875}