{"windPeak": 6.334070135347802, "windAvg": 3.6412260200000013, "temp": 20.72222222222222, "humidity": 62.0, "direction": "N", "rainHour": 0.0, "pressure": 1005.25}