{"windPeak": 1.3746102056457777e-09, "windAvg": 0.0, "temp": 22.77777777777778, "humidity": 72.0, "direction": "N", "rainHour": 0.0, "pressure": 1006.75}