{"windPeak": 0.5339374936221251, "windAvg": 0.0, "temp": 18.77777777777778, "humidity": 62.0, "direction": "N", "rainHour": 0.0, "pressure": 1008.5625}