{"windPeak": 2.7071619048662177, "windAvg": 0.28766534000000005, "temp": 40.27777777777778, "humidity": 46.0, "direction": "N", "rainHour": 0.0, "pressure": 1000.0}