{"windPeak": 9.454134761670028e-31, "windAvg": 0.0, "temp": 12.000000000000002, "humidity": 84.0, "direction": "N", "rainHour": 0.0, "pressure": 1013.0625}