{"windPeak": 7.945156956293433e-36, "windAvg": 0.0, "temp": 10.999999999999998, "humidity": 85.0, "direction": "N", "rainHour": 0.0, "pressure": 1004.0625}