{"windPeak": 5.92117150423654, "windAvg": 2.9209440399999993, "temp": 25.0, "humidity": 53.0, "direction": "N", "rainHour": 0.0, "pressure": 1001.6875}