{"windPeak": 8.012504692551987, "windAvg": 3.99107708, "temp": 25.72222222222222, "humidity": 40.0, "direction": "N", "rainHour": 0.0, "pressure": 998.0}