{"windPeak": 1.4146414838498218e-16, "windAvg": 0.0, "temp": 25.72222222222222, "humidity": 70.0, "direction": "N", "rainHour": 0.0, "pressure": 1006.5625}