{"windPeak": 6.908857817089461e-24, "windAvg": 0.0, "temp": 20.222222222222225, "humidity": 85.0, "direction": "N", "rainHour": 0.0, "pressure": 1007.25}