{"windPeak": 4.915999689313047, "windAvg": 3.363402920000002, "temp": 29.88888888888889, "humidity": 46.0, "direction": "N", "rainHour": 0.0, "pressure": 1007.5}