{"windPeak": 1.7949791417319064e-31, "windAvg": 0.0, "temp": 19.22222222222222, "humidity": 73.0, "direction": "N", "rainHour": 0.0, "pressure": 1011.25}