{"windPeak": 6.464922581420924, "windAvg": 3.1061594400000008, "temp": 15.722222222222221, "humidity": 87.0, "direction": "N", "rainHour": 0.0, "pressure": 999.0}