{"windPeak": 4.451929350182402e-50, "windAvg": 0.0, "temp": 25.111111111111114, "humidity": 63.0, "direction": "N", "rainHour": 0.0, "pressure": 1003.0}