{"windPeak": 12.681514632565408, "windAvg": 4.896574260000001, "temp": 21.77777777777778, "humidity": 44.0, "direction": "N", "rainHour": 0.0, "pressure": 998.1875}