{"windPeak": 3.0740307703501863, "windAvg": 0.79365212, "temp": 17.5, "humidity": 87.0, "direction": "N", "rainHour": 0.0, "pressure": 990.6875}