{"windPeak": 0.0038876527317165837, "windAvg": 0.0, "temp": 24.88888888888889, "humidity": 75.0, "direction": "N", "rainHour": 0.0, "pressure": 1002.375}