{"windPeak": 2.8952128707944107, "windAvg": 1.4566692799999998, "temp": 29.777777777777775, "humidity": 57.0, "direction": "N", "rainHour": 0.0, "pressure": 1004.875}