{"windPeak": 1.7650364287087459, "windAvg": 0.10155526, "temp": 18.722222222222225, "humidity": 84.0, "direction": "N", "rainHour": 0.0, "pressure": 998.875}