{"windPeak": 1.6669034179328623e-18, "windAvg": 0.0, "temp": 13.611111111111112, "humidity": 84.0, "direction": "N", "rainHour": 0.0, "pressure": 1011.1875}