{"windPeak": 8.002306792957032, "windAvg": 3.9087593800000007, "temp": 25.27777777777778, "humidity": 42.0, "direction": "N", "rainHour": 0.0, "pressure": 1005.25}