{"windPeak": 0.7289979919701914, "windAvg": 0.0, "temp": 22.77777777777778, "humidity": 86.0, "direction": "N", "rainHour": 0.0, "pressure": 997.1875}