{"windPeak": 3.455629080725827, "windAvg": 1.8168101800000003, "temp": 31.27777777777778, "humidity": 62.0, "direction": "N", "rainHour": 0.0, "pressure": 1001.1875}