{"windPeak": 3.4798874523796037, "windAvg": 1.7859409599999991, "temp": 19.61111111111111, "humidity": 87.0, "direction": "N", "rainHour": 0.0, "pressure": 996.75}