{"windPeak": 1.6410222771929217, "windAvg": 0.033106119999999996, "temp": 23.11111111111111, "humidity": 71.0, "direction": "N", "rainHour": 0.0, "pressure": 1008.1875}