{"windPeak": 5.371819667524879e-15, "windAvg": 0.0, "temp": 22.38888888888889, "humidity": 80.0, "direction": "N", "rainHour": 0.0, "pressure": 1004.25}