{"windPeak": 0.03806791194647735, "windAvg": 0.0, "temp": 25.61111111111111, "humidity": 70.0, "direction": "N", "rainHour": 0.0, "pressure": 1007.0}