{"windPeak": 0.004287093480408356, "windAvg": 0.0, "temp": 20.777777777777782, "humidity": 65.0, "direction": "N", "rainHour": 0.0, "pressure": 998.6875}