{"windPeak": 2.6610761442366056e-05, "windAvg": 0.0, "temp": 27.222222222222225, "humidity": 72.0, "direction": "N", "rainHour": 0.0, "pressure": 1002.0625}