{"windPeak": 9.640711474283458, "windAvg": 2.4328524600000003, "temp": 27.38888888888889, "humidity": 50.0, "direction": "N", "rainHour": 0.0, "pressure": 1005.1875}