{"windPeak": 3.7188771352927072, "windAvg": 0.9063918800000004, "temp": 19.000000000000004, "humidity": 83.0, "direction": "N", "rainHour": 0.0, "pressure": 1003.375}