{"windPeak": 2.0732462682124566e-47, "windAvg": 0.0, "temp": 22.611111111111114, "humidity": 83.0, "direction": "N", "rainHour": 0.0, "pressure": 1004.1875}