{"windPeak": 4.437079882264228e-26, "windAvg": 0.0, "temp": 19.22222222222222, "humidity": 67.0, "direction": "N", "rainHour": 0.0, "pressure": 1005.5625}