{"windPeak": 0.2813309267199265, "windAvg": 0.0, "temp": 23.000000000000004, "humidity": 73.0, "direction": "N", "rainHour": 0.0, "pressure": 1010.0}