{"windPeak": 9.216072535444002e-54, "windAvg": 0.0, "temp": 21.72222222222222, "humidity": 69.0, "direction": "N", "rainHour": 0.0, "pressure": 1010.25}