{"windPeak": 9.456979299322858e-11, "windAvg": 0.0, "temp": 19.000000000000004, "humidity": 61.0, "direction": "N", "rainHour": 0.0, "pressure": 1003.0}