{"windPeak": 4.835934176444979, "windAvg": 2.5129334800000005, "temp": 16.27777777777778, "humidity": 72.0, "direction": "N", "rainHour": 0.0, "pressure": 1003.5}