{"windPeak": 3.2896424636053463e-10, "windAvg": 0.0, "temp": 22.888888888888893, "humidity": 72.0, "direction": "N", "rainHour": 0.0, "pressure": 1010.25}