{"windPeak": 5.250070423759415, "windAvg": 2.3344288399999997, "temp": 34.27777777777778, "humidity": 26.0, "direction": "N", "rainHour": 0.0, "pressure": 1005.5625}