{"windPeak": 6.287927330536646, "windAvg": 1.9997885999999994, "temp": 21.27777777777778, "humidity": 59.0, "direction": "N", "rainHour": 0.0, "pressure": 1002.6875}