{"windPeak": 0.00045924604966768616, "windAvg": 0.0, "temp": 22.22222222222222, "humidity": 74.0, "direction": "N", "rainHour": 0.0, "pressure": 1011.5625}