{"windPeak": 2.29504817115917, "windAvg": 0.51359224, "temp": 23.277777777777782, "humidity": 65.0, "direction": "N", "rainHour": 0.0, "pressure": 1009.0}