{"windPeak": 8.854429688452589, "windAvg": 5.092079460000002, "temp": 10.222222222222221, "humidity": 73.0, "direction": "N", "rainHour": 0.0, "pressure": 1004.375}