{"windPeak": 3.002977994823202, "windAvg": 1.6177260799999993, "temp": 20.888888888888886, "humidity": 57.0, "direction": "N", "rainHour": 0.0, "pressure": 1004.375}