{"windPeak": 2.280902321447794e-24, "windAvg": 0.0, "temp": 19.499999999999996, "humidity": 67.0, "direction": "N", "rainHour": 0.0, "pressure": 1000.375}