{"windPeak": 0.0004379590692255137, "windAvg": 0.0, "temp": 22.722222222222225, "humidity": 83.0, "direction": "N", "rainHour": 0.0, "pressure": 1002.1875}