{"windPeak": 0.1024148343797644, "windAvg": 0.0, "temp": 16.500000000000004, "humidity": 63.0, "direction": "N", "rainHour": 0.0, "pressure": 1007.0}