{"windPeak": 0.0006861745081289085, "windAvg": 0.0, "temp": 21.888888888888893, "humidity": 81.0, "direction": "N", "rainHour": 0.0, "pressure": 1007.0}