{"windPeak": 3.973790755738552, "windAvg": 1.7577560399999996, "temp": 19.777777777777775, "humidity": 66.0, "direction": "N", "rainHour": 0.0, "pressure": 1005.25}