{"windPeak": 3.580031533572195, "windAvg": 2.12550242, "temp": 28.722222222222225, "humidity": 41.0, "direction": "N", "rainHour": 0.0, "pressure": 1014.375}