{"windPeak": 9.908324272173143, "windAvg": 5.452220520000001, "temp": 12.388888888888888, "humidity": 62.0, "direction": "N", "rainHour": 0.0, "pressure": 1004.1875}