{"windPeak": 6.317146476545953e-10, "windAvg": 0.0, "temp": 22.888888888888893, "humidity": 77.0, "direction": "N", "rainHour": 0.0, "pressure": 1005.875}