{"windPeak": 5.124406690644764, "windAvg": 2.9723927800000003, "temp": 23.277777777777782, "humidity": 74.0, "direction": "N", "rainHour": 0.0, "pressure": 1000.5}