{"windPeak": 1.6328175959501496e-11, "windAvg": 0.0, "temp": 17.611111111111114, "humidity": 65.0, "direction": "N", "rainHour": 0.0, "pressure": 1003.0}