{"windPeak": 5.354968959079041e-19, "windAvg": 0.0, "temp": 18.61111111111111, "humidity": 73.0, "direction": "N", "rainHour": 0.0, "pressure": 1004.5625}