{"windPeak": 4.303113880717383, "windAvg": 0.8222844400000001, "temp": 18.388888888888886, "humidity": 69.0, "direction": "N", "rainHour": 0.0, "pressure": 1010.5}