{"windPeak": 6.572357697582175, "windAvg": 3.702964380000002, "temp": 23.388888888888886, "humidity": 49.0, "direction": "N", "rainHour": 0.0, "pressure": 1005.6875}