{"windPeak": 1.516059186878486e-13, "windAvg": 0.0, "temp": 25.27777777777778, "humidity": 71.0, "direction": "N", "rainHour": 0.0, "pressure": 1006.875}