{"windPeak": 5.483176831666136e-26, "windAvg": 0.0, "temp": 21.222222222222225, "humidity": 82.0, "direction": "N", "rainHour": 0.0, "pressure": 1004.75}