{"windPeak": 2.6463793163736673, "windAvg": 0.56504094, "temp": 24.88888888888889, "humidity": 70.0, "direction": "N", "rainHour": 0.0, "pressure": 1007.1875}