{"windPeak": 3.87093687768098e-06, "windAvg": 0.0, "temp": 27.77777777777778, "humidity": 57.0, "direction": "N", "rainHour": 0.0, "pressure": 1010.5}