{"windPeak": 4.698948936508314, "windAvg": 1.41729984, "temp": 17.77777777777778, "humidity": 85.0, "direction": "N", "rainHour": 0.0, "pressure": 998.25}