{"windPeak": 0.009670354299643013, "windAvg": 0.0, "temp": 28.722222222222225, "humidity": 50.0, "direction": "N", "rainHour": 0.0, "pressure": 1003.0625}