{"windPeak": 3.902847589753271e-34, "windAvg": 0.0, "temp": 23.61111111111111, "humidity": 80.0, "direction": "N", "rainHour": 0.0, "pressure": 1002.875}