{"windPeak": 1.464652411914122e-09, "windAvg": 0.0, "temp": 25.888888888888886, "humidity": 71.0, "direction": "N", "rainHour": 0.0, "pressure": 1007.375}