{"windPeak": 1.90406838100923, "windAvg": 0.19863672, "temp": 23.722222222222225, "humidity": 70.0, "direction": "N", "rainHour": 0.0, "pressure": 1005.75}