{"windPeak": 0.01648803877150882, "windAvg": 0.0, "temp": 19.777777777777775, "humidity": 84.0, "direction": "N", "rainHour": 0.0, "pressure": 1000.25}