{"windPeak": 0.00047221373683390533, "windAvg": 0.0, "temp": 21.500000000000004, "humidity": 62.0, "direction": "N", "rainHour": 0.0, "pressure": 1011.375}