{"windPeak": 0.00595797601340875, "windAvg": 0.0, "temp": 24.499999999999996, "humidity": 46.0, "direction": "N", "rainHour": 0.0, "pressure": 1006.1875}