{"windPeak": 4.02041676049641, "windAvg": 1.70272828, "temp": 28.61111111111111, "humidity": 71.0, "direction": "N", "rainHour": 0.0, "pressure": 1002.5}