{"windPeak": 3.573601194527041e-22, "windAvg": 0.0, "temp": 21.27777777777778, "humidity": 82.0, "direction": "N", "rainHour": 0.0, "pressure": 1005.0625}