{"windPeak": 0.010426779846427106, "windAvg": 0.0, "temp": 18.000000000000004, "humidity": 69.0, "direction": "N", "rainHour": 0.0, "pressure": 1004.0}