{"windPeak": 3.366610121031447, "windAvg": 2.02349974, "temp": 37.72222222222223, "humidity": 38.0, "direction": "N", "rainHour": 0.0, "pressure": 1003.0625}