{"windPeak": 0.1149844537624974, "windAvg": 0.0, "temp": 23.22222222222222, "humidity": 77.0, "direction": "N", "rainHour": 0.0, "pressure": 1004.1875}