{"windPeak": 3.3238505716689272e-15, "windAvg": 0.0, "temp": 17.11111111111111, "humidity": 77.0, "direction": "N", "rainHour": 0.0, "pressure": 1004.25}