{"windPeak": 2.3885788768681114e-31, "windAvg": 0.0, "temp": 20.222222222222225, "humidity": 83.0, "direction": "N", "rainHour": 0.0, "pressure": 1004.375}