{"windPeak": 2.4298422703317503e-42, "windAvg": 0.0, "temp": 17.611111111111114, "humidity": 69.0, "direction": "N", "rainHour": 0.0, "pressure": 1010.875}