{"windPeak": 8.623562101972282e-07, "windAvg": 0.0, "temp": 15.888888888888891, "humidity": 81.0, "direction": "N", "rainHour": 0.0, "pressure": 1001.6875}