{"windPeak": 3.8219407848996405, "windAvg": 2.18142488, "temp": 32.388888888888886, "humidity": 45.0, "direction": "N", "rainHour": 0.0, "pressure": 1001.375}