{"windPeak": 4.310043050345157, "windAvg": 1.8852593199999996, "temp": 22.22222222222222, "humidity": 82.0, "direction": "N", "rainHour": 0.0, "pressure": 1007.5}