{"windPeak": 1.1272734721279162e-49, "windAvg": 0.0, "temp": 31.72222222222222, "humidity": 61.0, "direction": "N", "rainHour": 0.0, "pressure": 1008.0}