{"windPeak": 5.433508015333017e-07, "windAvg": 0.0, "temp": 26.38888888888889, "humidity": 67.0, "direction": "N", "rainHour": 0.0, "pressure": 1003.6875}