{"windPeak": 0.002909686117515944, "windAvg": 0.0, "temp": 18.88888888888889, "humidity": 79.0, "direction": "N", "rainHour": 0.0, "pressure": 1009.5}