{"windPeak": 3.8635633430547927, "windAvg": 2.28298014, "temp": 34.22222222222222, "humidity": 54.0, "direction": "N", "rainHour": 0.0, "pressure": 1005.375}