{"windPeak": 3.866847664721501, "windAvg": 2.24182118, "temp": 28.722222222222225, "humidity": 50.0, "direction": "N", "rainHour": 0.0, "pressure": 1008.0625}