{"windPeak": 10.46006455294249, "windAvg": 4.382087380000002, "temp": 15.277777777777779, "humidity": 58.0, "direction": "N", "rainHour": 0.0, "pressure": 1000.1875}