{"windPeak": 3.23558386474367, "windAvg": 0.37803610000000004, "temp": 15.888888888888891, "humidity": 87.0, "direction": "N", "rainHour": 0.0, "pressure": 1005.75}