{"windPeak": 5.148916263597077, "windAvg": 2.5688560000000003, "temp": 24.277777777777782, "humidity": 57.0, "direction": "N", "rainHour": 0.0, "pressure": 1002.6875}