{"windPeak": 2.094848922556692, "windAvg": 0.0, "temp": 25.111111111111114, "humidity": 73.0, "direction": "N", "rainHour": 0.0, "pressure": 1001.5625}