{"windPeak": 2.8449302902643525e-78, "windAvg": 0.0, "temp": 24.000000000000004, "humidity": 81.0, "direction": "N", "rainHour": 0.0, "pressure": 1002.5625}