{"windPeak": 2.925349767490458, "windAvg": 1.1372399600000003, "temp": 30.0, "humidity": 55.0, "direction": "N", "rainHour": 0.0, "pressure": 1003.1875}