{"windPeak": 5.360427358537914, "windAvg": 2.1232655199999995, "temp": 29.499999999999996, "humidity": 40.0, "direction": "N", "rainHour": 0.0, "pressure": 1014.1875}