{"windPeak": 0.00028852899000525364, "windAvg": 0.0, "temp": 24.722222222222225, "humidity": 57.0, "direction": "N", "rainHour": 0.0, "pressure": 997.0}