{"windPeak": 1.421134095563119e-22, "windAvg": 0.0, "temp": 18.88888888888889, "humidity": 80.0, "direction": "N", "rainHour": 0.0, "pressure": 998.6875}