{"windPeak": 1.2348625152839581e-05, "windAvg": 0.0, "temp": 22.22222222222222, "humidity": 73.0, "direction": "N", "rainHour": 0.0, "pressure": 1011.6875}