{"windPeak": 0.17301570554033172, "windAvg": 0.0, "temp": 22.888888888888893, "humidity": 79.0, "direction": "N", "rainHour": 0.0, "pressure": 1000.0625}