{"windPeak": 3.4803941749557277, "windAvg": 2.2726903999999997, "temp": 21.38888888888889, "humidity": 61.0, "direction": "N", "rainHour": 0.0, "pressure": 1010.375}