{"windPeak": 1.7780831076031835e-21, "windAvg": 0.0, "temp": 23.77777777777778, "humidity": 62.0, "direction": "N", "rainHour": 0.0, "pressure": 1004.0625}