{"windPeak": 4.712238442325291, "windAvg": 3.0958696800000007, "temp": -40.0, "humidity": 0.0, "direction": "N", "rainHour": 0.0, "pressure": 1002.375}