{"windPeak": 3.6881992428936754, "windAvg": 2.3755878000000004, "temp": 31.777777777777782, "humidity": 58.0, "direction": "N", "rainHour": 0.0, "pressure": 1006.875}