{"windPeak": 3.827888858456682, "windAvg": 1.1524508799999997, "temp": 31.222222222222225, "humidity": 42.0, "direction": "N", "rainHour": 0.0, "pressure": 996.375}