{"windPeak": 1.3320598246604238, "windAvg": 0.2796125, "temp": 31.72222222222222, "humidity": 41.0, "direction": "N", "rainHour": 0.0, "pressure": 1008.375}