{"windPeak": 4.829662935986451, "windAvg": 3.2296362800000007, "temp": 27.222222222222225, "humidity": 46.0, "direction": "N", "rainHour": 0.0, "pressure": 1002.25}