{"windPeak": 1.394726495686005, "windAvg": 0.02281638, "temp": 22.38888888888889, "humidity": 83.0, "direction": "N", "rainHour": 0.0, "pressure": 1003.1875}