{"windPeak": 3.279161106822373, "windAvg": 1.2012153, "temp": 23.88888888888889, "humidity": 67.0, "direction": "N", "rainHour": 0.0, "pressure": 1014.875}