{"windPeak": 1.2800235136503012e-39, "windAvg": 0.0, "temp": 12.277777777777779, "humidity": 82.0, "direction": "N", "rainHour": 0.0, "pressure": 1004.0625}