{"windPeak": 0.02305153323731266, "windAvg": 0.0, "temp": 17.27777777777778, "humidity": 71.0, "direction": "N", "rainHour": 0.0, "pressure": 1003.875}