{"windPeak": 4.056825349185301, "windAvg": 2.5916723600000013, "temp": 26.11111111111111, "humidity": 54.0, "direction": "N", "rainHour": 0.0, "pressure": 1003.0625}