{"windPeak": 4.397949153769422, "windAvg": 2.419431040000001, "temp": -40.0, "humidity": 0.0, "direction": "N", "rainHour": 0.0, "pressure": 1002.5625}