{"windPeak": 5.756189750026601, "windAvg": 3.106159400000001, "temp": 21.611111111111114, "humidity": 60.0, "direction": "N", "rainHour": 0.0, "pressure": 998.0}