{"windPeak": 5.347218065816555e-57, "windAvg": 0.0, "temp": 21.500000000000004, "humidity": 81.0, "direction": "N", "rainHour": 0.0, "pressure": 1002.875}