{"windPeak": 1.4528186527963716, "windAvg": 0.033106119999999996, "temp": 22.22222222222222, "humidity": 75.0, "direction": "N", "rainHour": 0.0, "pressure": 1008.6875}