{"windPeak": 1.8657812911754939, "windAvg": 0.2966129400000001, "temp": 17.888888888888893, "humidity": 86.0, "direction": "N", "rainHour": 0.0, "pressure": 1003.25}