{"windPeak": 5.838564269271062e-14, "windAvg": 0.0, "temp": 22.38888888888889, "humidity": 66.0, "direction": "N", "rainHour": 0.0, "pressure": 1007.5625}