{"windPeak": 2.79138810546415e-43, "windAvg": 0.0, "temp": 14.222222222222223, "humidity": 86.0, "direction": "N", "rainHour": 0.0, "pressure": 1006.0625}