{"windPeak": 11.124901027949683, "windAvg": 4.989182080000001, "temp": 18.77777777777778, "humidity": 46.0, "direction": "N", "rainHour": 0.0, "pressure": 999.5}