{"windPeak": 4.218656103952705, "windAvg": 2.6842800000000007, "temp": 31.72222222222222, "humidity": 37.0, "direction": "N", "rainHour": 0.0, "pressure": 1009.75}