{"windPeak": 3.1771948980859386, "windAvg": 1.16810918, "temp": 18.77777777777778, "humidity": 83.0, "direction": "N", "rainHour": 0.0, "pressure": 1003.0}