{"windPeak": 1.4157651599849976e-20, "windAvg": 0.0, "temp": 16.88888888888889, "humidity": 75.0, "direction": "N", "rainHour": 0.0, "pressure": 1000.375}