{"windPeak": 3.8858865354674417, "windAvg": 1.65709552, "temp": 24.22222222222222, "humidity": 78.0, "direction": "N", "rainHour": 0.0, "pressure": 1002.0625}