{"windPeak": 5.462272345266642e-07, "windAvg": 0.0, "temp": 24.61111111111111, "humidity": 77.0, "direction": "N", "rainHour": 0.0, "pressure": 1002.5}