{"windPeak": 0.0005279287590836932, "windAvg": 0.0, "temp": 22.77777777777778, "humidity": 59.0, "direction": "N", "rainHour": 0.0, "pressure": 1010.0}