{"windPeak": 5.836922397312798, "windAvg": 2.5357498999999994, "temp": 15.888888888888891, "humidity": 77.0, "direction": "N", "rainHour": 0.0, "pressure": 1006.375}