{"windPeak": 2.0452755696158498, "windAvg": 0.13242447999999998, "temp": 20.111111111111114, "humidity": 71.0, "direction": "N", "rainHour": 0.0, "pressure": 1009.5}