{"windPeak": 7.885348784591163, "windAvg": 1.8347054, "temp": 20.72222222222222, "humidity": 81.0, "direction": "N", "rainHour": 0.0, "pressure": 996.0625}