{"windPeak": 4.3207325494300886, "windAvg": 2.33442884, "temp": 32.77777777777778, "humidity": 56.0, "direction": "N", "rainHour": 0.0, "pressure": 1000.6875}