{"windPeak": 1.219564716441811, "windAvg": 0.08902861999999999, "temp": 23.61111111111111, "humidity": 81.0, "direction": "N", "rainHour": 0.0, "pressure": 1001.0}