{"windPeak": 6.530127720268509, "windAvg": 3.0685795000000002, "temp": 20.111111111111114, "humidity": 70.0, "direction": "N", "rainHour": 0.0, "pressure": 1007.5625}