{"windPeak": 2.138699492477708, "windAvg": 0.53998766, "temp": 18.22222222222222, "humidity": 86.0, "direction": "N", "rainHour": 0.0, "pressure": 989.6875}