{"windPeak": 1.718452635984244, "windAvg": 0.12213474000000002, "temp": 33.72222222222223, "humidity": 56.0, "direction": "N", "rainHour": 0.0, "pressure": 1001.25}