{"windPeak": 6.782932291510855, "windAvg": 3.1061594000000015, "temp": 31.27777777777778, "humidity": 45.0, "direction": "N", "rainHour": 0.0, "pressure": 1006.5}