{"windPeak": 1.6968416299350308e-08, "windAvg": 0.0, "temp": 25.888888888888886, "humidity": 77.0, "direction": "N", "rainHour": 0.0, "pressure": 1007.75}