{"windPeak": 1.744339775105507, "windAvg": 0.18834698, "temp": 11.61111111111111, "humidity": 84.0, "direction": "N", "rainHour": 0.0, "pressure": 1007.5625}