{"windPeak": 1.893928057296911, "windAvg": 0.47019638, "temp": 24.388888888888893, "humidity": 69.0, "direction": "N", "rainHour": 0.0, "pressure": 1006.5625}