{"windPeak": 4.166904070221881, "windAvg": 2.4064570199999995, "temp": 21.0, "humidity": 55.0, "direction": "N", "rainHour": 0.0, "pressure": 1002.875}