{"windPeak": 5.653865697573188, "windAvg": 2.6981488199999997, "temp": 31.222222222222225, "humidity": 30.0, "direction": "N", "rainHour": 0.0, "pressure": 1006.75}