{"windPeak": 0.00012780075527100618, "windAvg": 0.0, "temp": 19.777777777777775, "humidity": 67.0, "direction": "N", "rainHour": 0.0, "pressure": 999.1875}