{"windPeak": 4.1962941449338652e-50, "windAvg": 0.0, "temp": 18.88888888888889, "humidity": 76.0, "direction": "N", "rainHour": 0.0, "pressure": 1007.1875}