{"windPeak": 10.579857032090924, "windAvg": 4.196872020000002, "temp": 22.11111111111111, "humidity": 43.0, "direction": "N", "rainHour": 0.0, "pressure": 998.0}