{"windPeak": 1.14445318942668, "windAvg": 0.0, "temp": 18.111111111111107, "humidity": 85.0, "direction": "N", "rainHour": 0.0, "pressure": 999.0}