{"windPeak": 6.037104408186382e-14, "windAvg": 0.0, "temp": 17.11111111111111, "humidity": 68.0, "direction": "N", "rainHour": 0.0, "pressure": 1007.0}