{"windPeak": 4.541566990166911, "windAvg": 2.33800796, "temp": 29.000000000000004, "humidity": 43.0, "direction": "N", "rainHour": 0.0, "pressure": 1014.25}