{"windPeak": 3.520235019755088, "windAvg": 1.4674063999999998, "temp": 17.27777777777778, "humidity": 87.0, "direction": "N", "rainHour": 0.0, "pressure": 990.0625}