{"windPeak": 1.6726030989136622, "windAvg": 0.3869837, "temp": 22.38888888888889, "humidity": 66.0, "direction": "N", "rainHour": 0.0, "pressure": 1007.375}