{"windPeak": 0.0007401984765680042, "windAvg": 0.0, "temp": 20.500000000000004, "humidity": 66.0, "direction": "N", "rainHour": 0.0, "pressure": 998.875}