{"windPeak": 4.1609750574347775, "windAvg": 1.1555825400000004, "temp": 20.72222222222222, "humidity": 55.0, "direction": "N", "rainHour": 0.0, "pressure": 1010.5625}