{"windPeak": 4.492320719021909, "windAvg": 2.5299339, "temp": 21.500000000000004, "humidity": 54.0, "direction": "N", "rainHour": 0.0, "pressure": 1004.0625}