{"windPeak": 2.8085197378268134, "windAvg": 0.9667881800000002, "temp": 28.11111111111111, "humidity": 56.0, "direction": "N", "rainHour": 0.0, "pressure": 1007.75}