{"windPeak": 9.733109947882589e-45, "windAvg": 0.0, "temp": 21.77777777777778, "humidity": 71.0, "direction": "N", "rainHour": 0.0, "pressure": 1003.1875}