{"windPeak": 0.008619281040571424, "windAvg": 0.0, "temp": 19.88888888888889, "humidity": 72.0, "direction": "N", "rainHour": 0.0, "pressure": 1009.1875}