{"windPeak": 5.8400837069525485e-25, "windAvg": 0.0, "temp": 22.722222222222225, "humidity": 74.0, "direction": "N", "rainHour": 0.0, "pressure": 1012.0625}