{"windPeak": 1.2251032882759982, "windAvg": 0.0, "temp": 17.38888888888889, "humidity": 85.0, "direction": "N", "rainHour": 0.0, "pressure": 1002.875}