{"windPeak": 3.9609315715691413, "windAvg": 2.3755878, "temp": 31.27777777777778, "humidity": 61.0, "direction": "N", "rainHour": 0.0, "pressure": 1001.1875}