{"windPeak": 3.4651393159733423, "windAvg": 2.1505556599999993, "temp": 18.000000000000004, "humidity": 86.0, "direction": "N", "rainHour": 0.0, "pressure": 989.0625}