{"windPeak": 5.414636610558138, "windAvg": 1.6262263199999996, "temp": 32.0, "humidity": 33.0, "direction": "N", "rainHour": 0.0, "pressure": 1009.5625}