{"windPeak": 7.427378832256982, "windAvg": 3.17371388, "temp": 21.72222222222222, "humidity": 67.0, "direction": "N", "rainHour": 0.0, "pressure": 1008.1875}