{"windPeak": 4.429245639829468, "windAvg": 1.6812540600000003, "temp": 20.777777777777782, "humidity": 85.0, "direction": "N", "rainHour": 0.0, "pressure": 1007.0}