{"windPeak": 2.5382640563520633, "windAvg": 0.9144447199999999, "temp": 24.22222222222222, "humidity": 76.0, "direction": "N", "rainHour": 0.0, "pressure": 1008.1875}