{"windPeak": 4.215436179561381e-59, "windAvg": 0.0, "temp": 24.777777777777775, "humidity": 56.0, "direction": "N", "rainHour": 0.0, "pressure": 1009.5625}