{"windPeak": 0.04524553824338465, "windAvg": 0.0, "temp": 23.88888888888889, "humidity": 80.0, "direction": "N", "rainHour": 0.0, "pressure": 1002.25}