{"windPeak": 4.154597497171783, "windAvg": 2.0226049799999997, "temp": 19.000000000000004, "humidity": 63.0, "direction": "N", "rainHour": 0.0, "pressure": 996.25}