{"windPeak": 4.016550988736847, "windAvg": 1.3157445799999998, "temp": -40.0, "humidity": 0.0, "direction": "N", "rainHour": 0.0, "pressure": 1005.875}