{"windPeak": 3.5141780909166234, "windAvg": 1.39985202, "temp": 17.72222222222222, "humidity": 86.0, "direction": "N", "rainHour": 0.01, "pressure": 988.6875}