{"windPeak": 4.275389511807508, "windAvg": 1.9595244199999997, "temp": 22.77777777777778, "humidity": 80.0, "direction": "N", "rainHour": 0.0, "pressure": 1007.0625}