{"windPeak": 3.893858922591891, "windAvg": 1.7863883399999998, "temp": 30.27777777777778, "humidity": 61.0, "direction": "N", "rainHour": 0.0, "pressure": 1011.75}