{"windPeak": 5.093421054064173e-57, "windAvg": 0.0, "temp": 21.38888888888889, "humidity": 72.0, "direction": "N", "rainHour": 0.0, "pressure": 1014.5}