{"windPeak": 3.47834891015224, "windAvg": 2.38587754, "temp": 35.50000000000001, "humidity": 47.0, "direction": "N", "rainHour": 0.0, "pressure": 1002.5625}