{"windPeak": 0.22133014189414815, "windAvg": 0.0, "temp": 29.22222222222222, "humidity": 69.0, "direction": "N", "rainHour": 0.0, "pressure": 1003.1875}