{"windPeak": 3.5771917717301203, "windAvg": 2.02126284, "temp": 18.22222222222222, "humidity": 87.0, "direction": "N", "rainHour": 0.0, "pressure": 997.0}