{"windPeak": 2.7847151584063266, "windAvg": 0.07650198, "temp": 31.38888888888889, "humidity": 60.0, "direction": "N", "rainHour": 0.0, "pressure": 1001.0625}