{"windPeak": 3.0277517088607144, "windAvg": 1.869153639999999, "temp": 20.388888888888893, "humidity": 58.0, "direction": "N", "rainHour": 0.0, "pressure": 1004.5}