{"windPeak": 6.47142360807737, "windAvg": 3.250215760000001, "temp": 19.777777777777775, "humidity": 83.0, "direction": "N", "rainHour": 0.0, "pressure": 996.25}