{"windPeak": 1.0255227534123517, "windAvg": 0.0, "temp": 25.111111111111114, "humidity": 78.0, "direction": "N", "rainHour": 0.0, "pressure": 987.1875}