{"windPeak": 3.2871155930709106, "windAvg": 1.1475297000000004, "temp": 24.277777777777782, "humidity": 54.0, "direction": "N", "rainHour": 0.0, "pressure": 997.5625}