{"windPeak": 1.40175969719069, "windAvg": 0.02281638, "temp": 30.61111111111111, "humidity": 47.0, "direction": "N", "rainHour": 0.0, "pressure": 1008.875}