{"windPeak": 1.4042800313419017, "windAvg": 0.37445706, "temp": 35.888888888888886, "humidity": 47.0, "direction": "N", "rainHour": 0.0, "pressure": 1002.25}