{"windPeak": 4.973986905430477, "windAvg": 2.54022368, "temp": 20.388888888888893, "humidity": 63.0, "direction": "N", "rainHour": 0.0, "pressure": 1007.75}