{"windPeak": 3.268188201880478, "windAvg": 1.6691747799999994, "temp": 28.11111111111111, "humidity": 50.0, "direction": "N", "rainHour": 0.0, "pressure": 1005.875}