{"windPeak": 2.1777543533217227, "windAvg": 0.36640421999999995, "temp": 17.22222222222222, "humidity": 86.0, "direction": "N", "rainHour": 0.0, "pressure": 1002.875}