{"windPeak": 1.055934660988256, "windAvg": 0.0, "temp": 20.777777777777782, "humidity": 60.0, "direction": "N", "rainHour": 0.0, "pressure": 1006.1875}