{"windPeak": 3.6587750896156637e-09, "windAvg": 0.0, "temp": 23.11111111111111, "humidity": 77.0, "direction": "N", "rainHour": 0.0, "pressure": 1005.875}