{"windPeak": 4.978380276690474, "windAvg": 2.0668956199999995, "temp": 30.72222222222222, "humidity": 59.0, "direction": "N", "rainHour": 0.0, "pressure": 1000.375}