{"windPeak": 1.7177299523207675e-33, "windAvg": 0.0, "temp": 21.11111111111111, "humidity": 73.0, "direction": "N", "rainHour": 0.0, "pressure": 1003.0625}