{"windPeak": 0.0030576663055045337, "windAvg": 0.0, "temp": 22.77777777777778, "humidity": 60.0, "direction": "N", "rainHour": 0.0, "pressure": 1009.875}