{"windPeak": 3.9510459232793287, "windAvg": 2.1858986799999993, "temp": 26.500000000000004, "humidity": 43.0, "direction": "N", "rainHour": 0.0, "pressure": 1010.25}