{"windPeak": 4.058200682867533, "windAvg": 1.7859409799999992, "temp": 28.5, "humidity": 48.0, "direction": "N", "rainHour": 0.0, "pressure": 1002.6875}