{"windPeak": 4.686223813620593, "windAvg": 2.0762906200000004, "temp": 27.11111111111111, "humidity": 72.0, "direction": "N", "rainHour": 0.0, "pressure": 1008.0625}