{"windPeak": 0.7109916048321985, "windAvg": 0.0, "temp": 22.611111111111114, "humidity": 65.0, "direction": "N", "rainHour": 0.0, "pressure": 1008.5}