{"windPeak": 2.39060571369687, "windAvg": 1.0768436600000002, "temp": 30.888888888888886, "humidity": 63.0, "direction": "N", "rainHour": 0.0, "pressure": 1012.375}