{"windPeak": 4.277262080394879, "windAvg": 2.5916723400000006, "temp": 20.500000000000004, "humidity": 60.0, "direction": "N", "rainHour": 0.0, "pressure": 1004.0625}