{"windPeak": 2.5768903268788983, "windAvg": 1.36764066, "temp": 25.0, "humidity": 69.0, "direction": "N", "rainHour": 0.0, "pressure": 1004.5}