{"windPeak": 6.303983168513666, "windAvg": 3.20905686, "temp": 30.500000000000004, "humidity": 46.0, "direction": "N", "rainHour": 0.0, "pressure": 1007.25}