{"windPeak": 1.364830214966906, "windAvg": 0.0, "temp": 27.611111111111114, "humidity": 72.0, "direction": "N", "rainHour": 0.0, "pressure": 1002.5625}