{"windPeak": 4.637732244695819, "windAvg": 2.7151492200000003, "temp": 29.722222222222225, "humidity": 44.0, "direction": "N", "rainHour": 0.0, "pressure": 1009.5}