{"windPeak": 3.6584192176468195, "windAvg": 2.12192334, "temp": 36.0, "humidity": 44.0, "direction": "N", "rainHour": 0.0, "pressure": 1002.875}