{"windPeak": 1.5735138016748432e-12, "windAvg": 0.0, "temp": 21.38888888888889, "humidity": 84.0, "direction": "N", "rainHour": 0.0, "pressure": 1007.0625}