{"windPeak": 0.056936852107990814, "windAvg": 0.0, "temp": 26.222222222222225, "humidity": 44.0, "direction": "N", "rainHour": 0.0, "pressure": 1006.5}