{"windPeak": 6.1397005370522444e-27, "windAvg": 0.0, "temp": 20.222222222222225, "humidity": 86.0, "direction": "N", "rainHour": 0.0, "pressure": 1007.25}