{"windPeak": 7.676318293356239, "windAvg": 3.6618054800000004, "temp": 19.388888888888893, "humidity": 60.0, "direction": "N", "rainHour": 0.0, "pressure": 1006.25}