{"windPeak": 0.4950917624261162, "windAvg": 0.0, "temp": 31.111111111111114, "humidity": 61.0, "direction": "N", "rainHour": 0.0, "pressure": 1001.0625}