{"windPeak": 1.116295496796219, "windAvg": 0.02281638, "temp": 20.72222222222222, "humidity": 74.0, "direction": "N", "rainHour": 0.0, "pressure": 1009.25}