{"windPeak": 4.11076077744412, "windAvg": 2.74601846, "temp": 26.999999999999996, "humidity": 64.0, "direction": "N", "rainHour": 0.0, "pressure": 1008.25}