{"windPeak": 5.621419300325317, "windAvg": 2.0167890799999997, "temp": 8.222222222222221, "humidity": 70.0, "direction": "N", "rainHour": 0.0, "pressure": 1006.0625}