{"windPeak": 2.6048315301419393e-243, "windAvg": 0.0, "temp": 18.22222222222222, "humidity": 68.0, "direction": "N", "rainHour": 0.0, "pressure": 1007.5}