{"windPeak": 0.11879103812321451, "windAvg": 0.0, "temp": 31.111111111111114, "humidity": 56.0, "direction": "N", "rainHour": 0.0, "pressure": 1002.75}