{"windPeak": 2.1467381418836635, "windAvg": 0.56951474, "temp": 22.5, "humidity": 50.0, "direction": "N", "rainHour": 0.0, "pressure": 1006.1875}