{"windPeak": 3.786998493131485, "windAvg": 0.22950594, "temp": 25.888888888888886, "humidity": 76.0, "direction": "N", "rainHour": 0.0, "pressure": 986.75}