{"windPeak": 4.222774584465441, "windAvg": 2.4843011400000004, "temp": 30.72222222222222, "humidity": 57.0, "direction": "N", "rainHour": 0.0, "pressure": 1011.6875}