{"windPeak": 7.530676293519903e-20, "windAvg": 0.0, "temp": 11.500000000000002, "humidity": 85.0, "direction": "N", "rainHour": 0.0, "pressure": 1004.375}