{"windPeak": 6.3665986663348315, "windAvg": 3.3736926800000013, "temp": 18.277777777777782, "humidity": 79.0, "direction": "N", "rainHour": 0.0, "pressure": 1001.6875}