{"windPeak": 2.548876810252414, "windAvg": 0.7717305000000002, "temp": 35.0, "humidity": 50.0, "direction": "N", "rainHour": 0.0, "pressure": 1008.0}