{"windPeak": 9.400958202075575, "windAvg": 4.608461680000001, "temp": 28.388888888888886, "humidity": 43.0, "direction": "N", "rainHour": 0.0, "pressure": 993.1875}