{"windPeak": 0.3191384255604401, "windAvg": 0.0, "temp": 18.77777777777778, "humidity": 64.0, "direction": "N", "rainHour": 0.0, "pressure": 1011.0625}