{"windPeak": 5.082865404159493, "windAvg": 2.37111402, "temp": 10.222222222222221, "humidity": 74.0, "direction": "N", "rainHour": 0.0, "pressure": 1000.75}