{"windPeak": 3.9759632123222963, "windAvg": 1.8203892599999996, "temp": 17.611111111111114, "humidity": 87.0, "direction": "N", "rainHour": 0.0, "pressure": 990.0}