{"windPeak": 1.2207053019055374e-08, "windAvg": 0.0, "temp": 24.000000000000004, "humidity": 70.0, "direction": "N", "rainHour": 0.0, "pressure": 1003.375}