{"windPeak": 6.5638486244251135e-15, "windAvg": 0.0, "temp": 15.888888888888891, "humidity": 83.0, "direction": "N", "rainHour": 0.0, "pressure": 992.875}