{"windPeak": 1.6504968931017719e-28, "windAvg": 0.0, "temp": 22.77777777777778, "humidity": 71.0, "direction": "N", "rainHour": 0.0, "pressure": 1006.6875}