{"windPeak": 0.001853283572859118, "windAvg": 0.0, "temp": 30.388888888888893, "humidity": 47.0, "direction": "N", "rainHour": 0.0, "pressure": 1012.75}