{"windPeak": 3.793874221396097, "windAvg": 2.1733720399999994, "temp": 20.72222222222222, "humidity": 80.0, "direction": "N", "rainHour": 0.0, "pressure": 992.0}