{"windPeak": 4.182985628050777, "windAvg": 0.39279964, "temp": 24.777777777777775, "humidity": 73.0, "direction": "N", "rainHour": 0.0, "pressure": 1006.875}