{"windPeak": 2.0251547726770055e-12, "windAvg": 0.0, "temp": 16.722222222222225, "humidity": 70.0, "direction": "N", "rainHour": 0.0, "pressure": 1007.0625}