{"windPeak": 8.476928316233941e-09, "windAvg": 0.0, "temp": 29.388888888888893, "humidity": 46.0, "direction": "N", "rainHour": 0.0, "pressure": 1013.0625}