{"windPeak": 3.750686345474754, "windAvg": 1.8011518799999997, "temp": 24.499999999999996, "humidity": 75.0, "direction": "N", "rainHour": 0.0, "pressure": 1003.5625}