{"windPeak": 8.058935272600153e-10, "windAvg": 0.0, "temp": 26.500000000000004, "humidity": 77.0, "direction": "N", "rainHour": 0.0, "pressure": 1002.1875}