{"windPeak": 9.600680112703064e-15, "windAvg": 0.0, "temp": 22.11111111111111, "humidity": 67.0, "direction": "N", "rainHour": 0.0, "pressure": 1007.6875}