{"windPeak": 4.574453068323646, "windAvg": 3.0855798800000014, "temp": 25.72222222222222, "humidity": 46.0, "direction": "N", "rainHour": 0.0, "pressure": 1005.0}