{"windPeak": 6.145576142372325, "windAvg": 2.2480845599999997, "temp": 19.499999999999996, "humidity": 66.0, "direction": "N", "rainHour": 0.0, "pressure": 1006.0}