{"windPeak": 6.215409161357601, "windAvg": 2.81804666, "temp": 28.5, "humidity": 34.0, "direction": "N", "rainHour": 0.0, "pressure": 1005.375}