{"windPeak": 2.4793254993336626, "windAvg": 1.0799753200000002, "temp": 24.499999999999996, "humidity": 49.0, "direction": "N", "rainHour": 0.0, "pressure": 1006.6875}