{"windPeak": 3.2137192623457143, "windAvg": 0.9211554200000002, "temp": 28.77777777777778, "humidity": 62.0, "direction": "N", "rainHour": 0.0, "pressure": 1007.375}