{"windPeak": 2.741018398548382e-05, "windAvg": 0.0, "temp": 21.888888888888893, "humidity": 68.0, "direction": "N", "rainHour": 0.0, "pressure": 1002.6875}