{"windPeak": 2.681168442100391, "windAvg": 0.9086287800000001, "temp": 23.88888888888889, "humidity": 77.0, "direction": "N", "rainHour": 0.0, "pressure": 1008.6875}