{"windPeak": 9.363748847061549e-42, "windAvg": 0.0, "temp": 14.38888888888889, "humidity": 85.0, "direction": "N", "rainHour": 0.0, "pressure": 1005.875}