{"windPeak": 0.09339546906924408, "windAvg": 0.0, "temp": 21.38888888888889, "humidity": 76.0, "direction": "N", "rainHour": 0.0, "pressure": 1008.875}