{"windPeak": 2.5994979777536833, "windAvg": 0.89162834, "temp": 24.722222222222225, "humidity": 49.0, "direction": "N", "rainHour": 0.0, "pressure": 1006.25}