{"windPeak": 4.144819490903335, "windAvg": 1.16363538, "temp": 23.277777777777782, "humidity": 76.0, "direction": "N", "rainHour": 0.0, "pressure": 999.875}