{"windPeak": 1.2225545555287671, "windAvg": 0.18611008, "temp": 21.11111111111111, "humidity": 70.0, "direction": "N", "rainHour": 0.0, "pressure": 1008.5625}