{"windPeak": 0.001546001707796306, "windAvg": 0.0, "temp": 37.27777777777778, "humidity": 47.0, "direction": "N", "rainHour": 0.0, "pressure": 1008.25}