{"windPeak": 7.832383472982452, "windAvg": 3.5897772200000007, "temp": 33.22222222222222, "humidity": 36.0, "direction": "N", "rainHour": 0.0, "pressure": 994.6875}