{"windPeak": 3.6990143748704996, "windAvg": 1.2678749200000001, "temp": 15.777777777777779, "humidity": 87.0, "direction": "N", "rainHour": 0.0, "pressure": 1005.25}