{"windPeak": 0.0020336169669282755, "windAvg": 0.0, "temp": 23.61111111111111, "humidity": 77.0, "direction": "N", "rainHour": 0.0, "pressure": 1006.6875}