{"windPeak": 1.9760319875934906, "windAvg": 0.12437163999999999, "temp": 23.77777777777778, "humidity": 65.0, "direction": "N", "rainHour": 0.0, "pressure": 1008.875}