{"windPeak": 5.135614997179115, "windAvg": 2.6945697400000004, "temp": 26.72222222222222, "humidity": 43.0, "direction": "N", "rainHour": 0.0, "pressure": 1011.75}