{"windPeak": 6.728775238118715e-12, "windAvg": 0.0, "temp": 21.72222222222222, "humidity": 74.0, "direction": "N", "rainHour": 0.0, "pressure": 1009.0}