{"windPeak": 10.409893734718732, "windAvg": 4.958312920000001, "temp": 29.277777777777782, "humidity": 44.0, "direction": "N", "rainHour": 0.0, "pressure": 993.6875}