{"windPeak": 6.921951346426771, "windAvg": 3.7852824200000015, "temp": 22.11111111111111, "humidity": 40.0, "direction": "N", "rainHour": 0.0, "pressure": 999.5625}