{"windPeak": 0.22788102962704052, "windAvg": 0.0, "temp": 16.222222222222225, "humidity": 87.0, "direction": "N", "rainHour": 0.0, "pressure": 1003.5625}