{"windPeak": 3.4872782151369237, "windAvg": 1.3094812600000003, "temp": 20.611111111111107, "humidity": 85.0, "direction": "N", "rainHour": 0.0, "pressure": 989.375}