{"windPeak": 1.2410070062355434, "windAvg": 0.34135093999999994, "temp": 18.22222222222222, "humidity": 86.0, "direction": "N", "rainHour": 0.0, "pressure": 988.6875}