{"windPeak": 0.0506288042759196, "windAvg": 0.0, "temp": 23.277777777777782, "humidity": 85.0, "direction": "N", "rainHour": 0.0, "pressure": 1001.0}