{"windPeak": 0.041206069454990016, "windAvg": 0.0, "temp": 24.499999999999996, "humidity": 75.0, "direction": "N", "rainHour": 0.0, "pressure": 1003.6875}