{"windPeak": 1.8190041354348632, "windAvg": 0.0, "temp": 29.277777777777782, "humidity": 37.0, "direction": "N", "rainHour": 0.0, "pressure": 1006.1875}