{"windPeak": 2.5219923508709634, "windAvg": 0.25232232, "temp": 12.277777777777779, "humidity": 83.0, "direction": "N", "rainHour": 0.0, "pressure": 1007.5625}