{"windPeak": 2.122022088227385, "windAvg": 0.26932276, "temp": 23.77777777777778, "humidity": 77.0, "direction": "N", "rainHour": 0.0, "pressure": 1008.875}