{"windPeak": 1.5792074915986314e-29, "windAvg": 0.0, "temp": 20.611111111111107, "humidity": 78.0, "direction": "N", "rainHour": 0.0, "pressure": 1008.6875}