{"windPeak": 0.7718702331550531, "windAvg": 0.0, "temp": 14.222222222222223, "humidity": 84.0, "direction": "N", "rainHour": 0.0, "pressure": 1005.0}