{"windPeak": 2.882960234998336, "windAvg": 0.6084368, "temp": 31.111111111111114, "humidity": 56.0, "direction": "N", "rainHour": 0.0, "pressure": 1007.6875}