{"windPeak": 0.7657433499840619, "windAvg": 0.22950594000000002, "temp": 27.38888888888889, "humidity": 72.0, "direction": "N", "rainHour": 0.0, "pressure": 1003.0625}