{"windPeak": 2.3952758185455745e-07, "windAvg": 0.0, "temp": 22.11111111111111, "humidity": 70.0, "direction": "N", "rainHour": 0.0, "pressure": 1009.0625}