{"windPeak": 1.9441321301229921, "windAvg": 0.06621223999999999, "temp": 24.499999999999996, "humidity": 75.0, "direction": "N", "rainHour": 0.0, "pressure": 1007.875}