{"windPeak": 0.003690530706217877, "windAvg": 0.0, "temp": 18.277777777777782, "humidity": 85.0, "direction": "N", "rainHour": 0.0, "pressure": 1002.5625}