{"windPeak": 5.517847161543157, "windAvg": 3.569197860000001, "temp": 29.88888888888889, "humidity": 44.0, "direction": "N", "rainHour": 0.0, "pressure": 1002.5}