{"windPeak": 3.9191575697003564, "windAvg": 2.38498278, "temp": 16.11111111111111, "humidity": 87.0, "direction": "N", "rainHour": 0.0, "pressure": 1006.75}