{"windPeak": 8.4551391801821e-09, "windAvg": 0.0, "temp": 21.222222222222225, "humidity": 70.0, "direction": "N", "rainHour": 0.0, "pressure": 1005.5625}