{"windPeak": 1.4179852871552714, "windAvg": 0.26932276, "temp": 18.5, "humidity": 84.0, "direction": "N", "rainHour": 0.0, "pressure": 989.0}