{"windPeak": 0.08323538164734942, "windAvg": 0.0, "temp": 12.777777777777779, "humidity": 71.0, "direction": "N", "rainHour": 0.0, "pressure": 1001.0}