{"windPeak": 3.238580798691538e-16, "windAvg": 0.0, "temp": 13.111111111111112, "humidity": 84.0, "direction": "N", "rainHour": 0.0, "pressure": 1010.75}