{"windPeak": 4.9096810205440534e-08, "windAvg": 0.0, "temp": 29.777777777777775, "humidity": 46.0, "direction": "N", "rainHour": 0.0, "pressure": 1013.0625}