{"windPeak": 1.7546985903749988e-50, "windAvg": 0.0, "temp": 23.88888888888889, "humidity": 82.0, "direction": "N", "rainHour": 0.0, "pressure": 1004.0}