{"windPeak": 2.9249479426241525, "windAvg": 0.6106737, "temp": 21.0, "humidity": 84.0, "direction": "N", "rainHour": 0.0, "pressure": 989.875}