{"windPeak": 0.1682477583487738, "windAvg": 0.0, "temp": 21.11111111111111, "humidity": 70.0, "direction": "N", "rainHour": 0.0, "pressure": 1009.0}