{"windPeak": 3.5909637724734873, "windAvg": 2.03602638, "temp": 24.000000000000004, "humidity": 77.0, "direction": "N", "rainHour": 0.0, "pressure": 1006.1875}