{"windPeak": 3.2368587018682495e-40, "windAvg": 0.0, "temp": 19.22222222222222, "humidity": 74.0, "direction": "N", "rainHour": 0.0, "pressure": 1012.75}