{"windPeak": 0.0535002689829573, "windAvg": 0.0, "temp": 21.77777777777778, "humidity": 70.0, "direction": "N", "rainHour": 0.0, "pressure": 1008.875}