{"windPeak": 2.7934943065543805, "windAvg": 0.4053262799999999, "temp": 24.499999999999996, "humidity": 74.0, "direction": "N", "rainHour": 0.0, "pressure": 1003.5}