{"windPeak": 0.05819690750069163, "windAvg": 0.0, "temp": 12.000000000000002, "humidity": 64.0, "direction": "N", "rainHour": 0.0, "pressure": 1000.1875}