{"windPeak": 1.1091075224479912, "windAvg": 0.0, "temp": 19.388888888888893, "humidity": 58.0, "direction": "N", "rainHour": 0.0, "pressure": 1003.375}