{"windPeak": 2.945509691493314e-11, "windAvg": 0.0, "temp": 25.111111111111114, "humidity": 71.0, "direction": "N", "rainHour": 0.0, "pressure": 1007.0}