{"windPeak": 1.1698582413026294e-27, "windAvg": 0.0, "temp": 16.77777777777778, "humidity": 77.0, "direction": "N", "rainHour": 0.0, "pressure": 1011.5}