{"windPeak": 3.2698680777826157, "windAvg": 1.8154680399999998, "temp": 31.611111111111114, "humidity": 59.0, "direction": "N", "rainHour": 0.0, "pressure": 1000.25}