{"windPeak": 6.928774509557735, "windAvg": 3.4148516200000008, "temp": 28.277777777777782, "humidity": 42.0, "direction": "N", "rainHour": 0.0, "pressure": 1007.1875}