{"windPeak": 1.560586672146613e-32, "windAvg": 0.0, "temp": 20.111111111111114, "humidity": 71.0, "direction": "N", "rainHour": 0.0, "pressure": 1003.0}