{"windPeak": 2.120889959538144, "windAvg": 0.82452134, "temp": 18.000000000000004, "humidity": 85.0, "direction": "N", "rainHour": 0.0, "pressure": 1000.0625}