{"windPeak": 3.24454064413539, "windAvg": 1.71838658, "temp": 36.0, "humidity": 48.0, "direction": "N", "rainHour": 0.0, "pressure": 1005.1875}