{"windPeak": 3.1707912119163875, "windAvg": 0.17358343999999998, "temp": 25.388888888888893, "humidity": 63.0, "direction": "N", "rainHour": 0.0, "pressure": 1009.5625}