{"windPeak": 6.142764097529974, "windAvg": 2.4753535600000007, "temp": 23.22222222222222, "humidity": 70.0, "direction": "N", "rainHour": 0.0, "pressure": 1002.0625}