{"windPeak": 4.292691239757284, "windAvg": 2.54022364, "temp": 27.277777777777775, "humidity": 41.0, "direction": "N", "rainHour": 0.0, "pressure": 1011.6875}