{"windPeak": 0.010733877701817027, "windAvg": 0.0, "temp": 31.611111111111114, "humidity": 44.0, "direction": "N", "rainHour": 0.0, "pressure": 1012.875}