{"windPeak": 1.642725733513684e-06, "windAvg": 0.0, "temp": 21.27777777777778, "humidity": 63.0, "direction": "N", "rainHour": 0.0, "pressure": 1005.875}