{"windPeak": 5.374739672703177, "windAvg": 2.4270365399999996, "temp": 24.388888888888893, "humidity": 64.0, "direction": "N", "rainHour": 0.0, "pressure": 1002.1875}