{"windPeak": 0.5449972726363622, "windAvg": 0.0, "temp": 29.111111111111114, "humidity": 76.0, "direction": "N", "rainHour": 0.0, "pressure": 1000.375}