{"windPeak": 2.778214205289529, "windAvg": 1.7564138799999998, "temp": 15.388888888888891, "humidity": 72.0, "direction": "N", "rainHour": 0.0, "pressure": 1004.75}