{"windPeak": 5.413757782520655, "windAvg": 2.8283363800000005, "temp": 31.500000000000004, "humidity": 44.0, "direction": "N", "rainHour": 0.0, "pressure": 1007.0}