{"windPeak": 1.4263054555250753e-05, "windAvg": 0.0, "temp": 19.22222222222222, "humidity": 82.0, "direction": "N", "rainHour": 0.0, "pressure": 1009.375}