{"windPeak": 7.237230366290076, "windAvg": 2.8672584400000005, "temp": 19.388888888888893, "humidity": 74.0, "direction": "N", "rainHour": 0.0, "pressure": 1006.875}