{"windPeak": 8.595991736854591, "windAvg": 3.7955720800000012, "temp": 24.111111111111114, "humidity": 46.0, "direction": "N", "rainHour": 0.0, "pressure": 1006.6875}