{"windPeak": 7.138642447538551, "windAvg": 3.137028660000001, "temp": 21.999999999999996, "humidity": 59.0, "direction": "N", "rainHour": 0.0, "pressure": 1005.5}