{"windPeak": 3.0570188714867653e-06, "windAvg": 0.0, "temp": 19.388888888888893, "humidity": 84.0, "direction": "N", "rainHour": 0.0, "pressure": 1003.0}