{"windPeak": 1.0565499810305006, "windAvg": 0.19058388, "temp": 23.22222222222222, "humidity": 80.0, "direction": "N", "rainHour": 0.0, "pressure": 1002.1875}