{"windPeak": 0.00016779991410941186, "windAvg": 0.0, "temp": 31.38888888888889, "humidity": 65.0, "direction": "N", "rainHour": 0.0, "pressure": 1001.1875}