{"windPeak": 1.1075636649695954e-40, "windAvg": 0.0, "temp": 25.222222222222225, "humidity": 64.0, "direction": "N", "rainHour": 0.0, "pressure": 1011.875}