{"windPeak": 3.9975500383676046e-07, "windAvg": 0.0, "temp": 10.388888888888891, "humidity": 77.0, "direction": "N", "rainHour": 0.0, "pressure": 1001.25}