{"windPeak": 3.5668027939961076e-17, "windAvg": 0.0, "temp": 21.27777777777778, "humidity": 73.0, "direction": "N", "rainHour": 0.0, "pressure": 1004.375}