{"windPeak": 9.581451689092962e-30, "windAvg": 0.0, "temp": 10.611111111111112, "humidity": 85.0, "direction": "N", "rainHour": 0.0, "pressure": 1004.0}