{"windPeak": 0.8633225522363323, "windAvg": 0.0, "temp": 23.277777777777782, "humidity": 51.0, "direction": "N", "rainHour": 0.0, "pressure": 1006.375}