{"windPeak": 4.715380999364557, "windAvg": 2.9415235600000007, "temp": 18.277777777777782, "humidity": 86.0, "direction": "N", "rainHour": 0.0, "pressure": 999.875}