{"windPeak": 6.469202570502404, "windAvg": 2.255689979999999, "temp": 21.611111111111114, "humidity": 84.0, "direction": "N", "rainHour": 0.0, "pressure": 1007.0625}