{"windPeak": 7.841941628852591e-17, "windAvg": 0.0, "temp": 14.500000000000002, "humidity": 74.0, "direction": "N", "rainHour": 0.0, "pressure": 1003.5625}