{"windPeak": 6.316309875843938, "windAvg": 2.8319154999999996, "temp": 19.000000000000004, "humidity": 59.0, "direction": "N", "rainHour": 0.0, "pressure": 1006.75}