{"windPeak": 0.16808314382356018, "windAvg": 0.0, "temp": 23.722222222222225, "humidity": 61.0, "direction": "N", "rainHour": 0.0, "pressure": 1009.5}