{"windPeak": 2.742415583103215, "windAvg": 1.7228603799999993, "temp": 30.111111111111114, "humidity": 50.0, "direction": "N", "rainHour": 0.0, "pressure": 1003.25}