{"windPeak": 4.175028903374776, "windAvg": 2.14921352, "temp": 37.77777777777778, "humidity": 44.0, "direction": "N", "rainHour": 0.0, "pressure": 1005.25}