{"windPeak": 2.9500158248227684e-56, "windAvg": 0.0, "temp": 20.27777777777778, "humidity": 72.0, "direction": "N", "rainHour": 0.0, "pressure": 1014.5}