{"windPeak": 3.106979764230491e-17, "windAvg": 0.0, "temp": 19.777777777777775, "humidity": 76.0, "direction": "N", "rainHour": 0.0, "pressure": 998.25}