{"windPeak": 1.0170954844167397e-28, "windAvg": 0.0, "temp": 21.500000000000004, "humidity": 68.0, "direction": "N", "rainHour": 0.0, "pressure": 1003.0625}