{"windPeak": 1.833436696121538, "windAvg": 0.0, "temp": 23.722222222222225, "humidity": 80.0, "direction": "N", "rainHour": 0.0, "pressure": 1001.25}