{"windPeak": 1.5951456365520755e-34, "windAvg": 0.0, "temp": 21.72222222222222, "humidity": 66.0, "direction": "N", "rainHour": 0.0, "pressure": 1010.875}