{"windPeak": 0.09099722528733732, "windAvg": 0.0, "temp": 34.111111111111114, "humidity": 42.0, "direction": "N", "rainHour": 0.0, "pressure": 1008.25}