{"windPeak": 6.242059881982589, "windAvg": 2.5558819400000017, "temp": 16.500000000000004, "humidity": 78.0, "direction": "N", "rainHour": 0.0, "pressure": 1000.25}