{"windPeak": 2.2208457966088906, "windAvg": 1.2182157400000004, "temp": 20.500000000000004, "humidity": 62.0, "direction": "N", "rainHour": 0.0, "pressure": 1006.5625}