{"windPeak": 4.701102372218802, "windAvg": 2.7151492200000007, "temp": 26.38888888888889, "humidity": 50.0, "direction": "N", "rainHour": 0.0, "pressure": 999.1875}