{"windPeak": 5.34636141216199, "windAvg": 1.6195156000000004, "temp": 28.388888888888886, "humidity": 31.0, "direction": "N", "rainHour": 0.0, "pressure": 1009.5}