{"windPeak": 6.966808762677414e-40, "windAvg": 0.0, "temp": 12.611111111111112, "humidity": 82.0, "direction": "N", "rainHour": 0.0, "pressure": 1013.1875}