{"windPeak": 3.0503598556337775e-41, "windAvg": 0.0, "temp": 12.888888888888891, "humidity": 83.0, "direction": "N", "rainHour": 0.0, "pressure": 1004.0}