{"windPeak": 3.821277064008979, "windAvg": 1.7161496799999996, "temp": 21.38888888888889, "humidity": 58.0, "direction": "N", "rainHour": 0.0, "pressure": 1010.5625}