{"windPeak": 0.28913493880755065, "windAvg": 0.0, "temp": 20.111111111111114, "humidity": 72.0, "direction": "N", "rainHour": 0.0, "pressure": 1009.25}