{"windPeak": 2.140123926455563, "windAvg": 0.24426947999999996, "temp": 32.611111111111114, "humidity": 56.0, "direction": "N", "rainHour": 0.0, "pressure": 1005.375}