{"windPeak": 0.111437349083367, "windAvg": 0.0, "temp": 28.77777777777778, "humidity": 46.0, "direction": "N", "rainHour": 0.0, "pressure": 1008.5625}