{"windPeak": 8.714825863405625, "windAvg": 3.7852823000000018, "temp": 23.22222222222222, "humidity": 42.0, "direction": "N", "rainHour": 0.0, "pressure": 998.375}