{"windPeak": 1.4076966712414407e-05, "windAvg": 0.0, "temp": 19.72222222222222, "humidity": 68.0, "direction": "N", "rainHour": 0.0, "pressure": 1011.5}