{"windPeak": 3.17595013434543, "windAvg": 1.3792725399999997, "temp": 23.22222222222222, "humidity": 49.0, "direction": "N", "rainHour": 0.0, "pressure": 1007.6875}