{"windPeak": 2.189059677814233, "windAvg": 2.169792999999999, "temp": 16.27777777777778, "humidity": 61.0, "direction": "N", "rainHour": 0.0, "pressure": 1005.5}