{"windPeak": 7.686415404010756, "windAvg": 3.31195426, "temp": 15.0, "humidity": 59.0, "direction": "N", "rainHour": 0.0, "pressure": 1000.375}