{"windPeak": 4.2172370529909955, "windAvg": 2.6739902600000005, "temp": 19.388888888888893, "humidity": 58.0, "direction": "N", "rainHour": 0.0, "pressure": 1003.0625}