{"windPeak": 7.914417036338522e-54, "windAvg": 0.0, "temp": 27.77777777777778, "humidity": 59.0, "direction": "N", "rainHour": 0.0, "pressure": 1000.875}