{"windPeak": 1.6989913410343453, "windAvg": 0.2796125, "temp": 25.500000000000004, "humidity": 65.0, "direction": "N", "rainHour": 0.0, "pressure": 1007.875}