{"windPeak": 4.040687019815227, "windAvg": 2.406457020000001, "temp": 26.777777777777782, "humidity": 43.0, "direction": "N", "rainHour": 0.0, "pressure": 1005.25}