{"windPeak": 2.9029457805948966, "windAvg": 1.1851096200000004, "temp": 31.111111111111114, "humidity": 51.0, "direction": "N", "rainHour": 0.0, "pressure": 1002.5625}