{"windPeak": 2.6488930857999105, "windAvg": 0.9954205000000003, "temp": 24.777777777777775, "humidity": 50.0, "direction": "N", "rainHour": 0.0, "pressure": 1006.5}