{"windPeak": 1.459743139672816e-15, "windAvg": 0.0, "temp": 21.77777777777778, "humidity": 72.0, "direction": "N", "rainHour": 0.0, "pressure": 1006.5}