{"windPeak": 2.578475624659314e-49, "windAvg": 0.0, "temp": 24.61111111111111, "humidity": 66.0, "direction": "N", "rainHour": 0.0, "pressure": 1003.0625}