{"windPeak": 2.6498261189840195, "windAvg": 1.2557956600000002, "temp": 26.0, "humidity": 64.0, "direction": "N", "rainHour": 0.0, "pressure": 1007.875}