{"windPeak": 4.733110930653613, "windAvg": 2.9929723, "temp": 25.777777777777782, "humidity": 64.0, "direction": "N", "rainHour": 0.0, "pressure": 1007.875}