{"windPeak": 1.5085293336910996, "windAvg": 0.08902861999999999, "temp": 24.111111111111114, "humidity": 70.0, "direction": "N", "rainHour": 0.0, "pressure": 1005.1875}