{"windPeak": 0.10963481162384053, "windAvg": 0.0, "temp": 25.222222222222225, "humidity": 60.0, "direction": "N", "rainHour": 0.0, "pressure": 1007.375}