{"windPeak": 4.663280743702247, "windAvg": 2.3916934800000003, "temp": 18.000000000000004, "humidity": 88.0, "direction": "N", "rainHour": 0.0, "pressure": 994.25}