{"windPeak": 4.084818578902012, "windAvg": 1.4137208, "temp": 29.61111111111111, "humidity": 53.0, "direction": "N", "rainHour": 0.0, "pressure": 1012.0625}