{"windPeak": 3.3955609531233025e-13, "windAvg": 0.0, "temp": 24.000000000000004, "humidity": 69.0, "direction": "N", "rainHour": 0.0, "pressure": 1003.25}