{"windPeak": 4.107384938807288, "windAvg": 1.89062792, "temp": 25.388888888888893, "humidity": 78.0, "direction": "N", "rainHour": 0.0, "pressure": 989.25}