{"windPeak": 1.638990809736077, "windAvg": 0.1700044, "temp": 16.500000000000004, "humidity": 71.0, "direction": "N", "rainHour": 0.0, "pressure": 1006.5625}