{"windPeak": 7.779257968435869, "windAvg": 3.7029643200000026, "temp": 29.499999999999996, "humidity": 42.0, "direction": "N", "rainHour": 0.0, "pressure": 1009.75}