{"windPeak": 3.8009833884662023, "windAvg": 0.9658934200000001, "temp": 23.61111111111111, "humidity": 80.0, "direction": "N", "rainHour": 0.0, "pressure": 1007.75}