{"windPeak": 2.465468707821559e-39, "windAvg": 0.0, "temp": 18.88888888888889, "humidity": 82.0, "direction": "N", "rainHour": 0.0, "pressure": 1000.25}