{"windPeak": 0.0006453892319685497, "windAvg": 0.0, "temp": 26.11111111111111, "humidity": 75.0, "direction": "N", "rainHour": 0.0, "pressure": 1003.0}