{"windPeak": 0.0026598686808466383, "windAvg": 0.0, "temp": 22.722222222222225, "humidity": 73.0, "direction": "N", "rainHour": 0.0, "pressure": 1011.5625}