{"windPeak": 2.0543350621320524, "windAvg": 0.07873888, "temp": 18.000000000000004, "humidity": 72.0, "direction": "N", "rainHour": 0.0, "pressure": 1004.875}