{"windPeak": 4.896719935641864e-05, "windAvg": 0.0, "temp": 16.500000000000004, "humidity": 73.0, "direction": "N", "rainHour": 0.0, "pressure": 1010.875}