{"windPeak": 3.09187656482943e-07, "windAvg": 0.0, "temp": 14.61111111111111, "humidity": 85.0, "direction": "N", "rainHour": 0.0, "pressure": 1005.375}