{"windPeak": 3.6773934726491433, "windAvg": 1.3953782199999998, "temp": 18.388888888888886, "humidity": 85.0, "direction": "N", "rainHour": 0.0, "pressure": 998.375}