{"windPeak": 2.2065747991767235e-05, "windAvg": 0.0, "temp": 19.22222222222222, "humidity": 68.0, "direction": "N", "rainHour": 0.0, "pressure": 999.5}