{"windPeak": 0.5882809933382579, "windAvg": 0.0559225, "temp": 23.277777777777782, "humidity": 73.0, "direction": "N", "rainHour": 0.0, "pressure": 1007.0}