{"windPeak": 4.111461640158943, "windAvg": 2.0601849199999993, "temp": 23.388888888888886, "humidity": 65.0, "direction": "N", "rainHour": 0.0, "pressure": 1002.0625}