{"windPeak": 3.791208025585063, "windAvg": 1.5577771599999999, "temp": 7.222222222222222, "humidity": 81.0, "direction": "N", "rainHour": 0.0, "pressure": 1004.75}