{"windPeak": 4.48827271796309, "windAvg": 2.6122518399999994, "temp": 21.888888888888893, "humidity": 84.0, "direction": "N", "rainHour": 0.0, "pressure": 1007.75}