{"windPeak": 1.1928655286862215e-24, "windAvg": 0.0, "temp": 20.111111111111114, "humidity": 86.0, "direction": "N", "rainHour": 0.0, "pressure": 1007.25}