{"windPeak": 3.6726958945054595, "windAvg": 2.3344288399999997, "temp": 35.50000000000001, "humidity": 45.0, "direction": "N", "rainHour": 0.0, "pressure": 1002.75}