{"windPeak": 5.253800633574373, "windAvg": 3.1576081200000004, "temp": 21.500000000000004, "humidity": 57.0, "direction": "N", "rainHour": 0.0, "pressure": 997.25}