{"windPeak": 1.8568401752135856e-36, "windAvg": 0.0, "temp": 14.61111111111111, "humidity": 83.0, "direction": "N", "rainHour": 0.0, "pressure": 1005.5625}