{"windPeak": 2.8760318604644594e-43, "windAvg": 0.0, "temp": 22.38888888888889, "humidity": 81.0, "direction": "N", "rainHour": 0.0, "pressure": 1002.75}