{"windPeak": 3.9740666878212147, "windAvg": 1.6078837199999998, "temp": 6.611111111111111, "humidity": 77.0, "direction": "N", "rainHour": 0.0, "pressure": 1005.6875}