{"windPeak": 0.052340039843709676, "windAvg": 0.0, "temp": 25.388888888888893, "humidity": 79.0, "direction": "N", "rainHour": 0.0, "pressure": 988.5625}