{"windPeak": 1.3162899292227945, "windAvg": 0.19863672000000002, "temp": 23.388888888888886, "humidity": 77.0, "direction": "N", "rainHour": 0.0, "pressure": 1000.0625}