{"windPeak": 5.988358050258433e-38, "windAvg": 0.0, "temp": 23.000000000000004, "humidity": 82.0, "direction": "N", "rainHour": 0.0, "pressure": 1003.0}