{"windPeak": 5.010079785496315, "windAvg": 2.0991069600000003, "temp": 24.111111111111114, "humidity": 45.0, "direction": "N", "rainHour": 0.0, "pressure": 1007.5}