{"windPeak": 1.2537431841651178e-10, "windAvg": 0.0, "temp": 22.22222222222222, "humidity": 67.0, "direction": "N", "rainHour": 0.0, "pressure": 1002.5625}