{"windPeak": 3.7187377375916717, "windAvg": 2.3733509, "temp": 28.388888888888886, "humidity": 46.0, "direction": "N", "rainHour": 0.0, "pressure": 1002.5625}