{"windPeak": 0.05186083468864579, "windAvg": 0.0, "temp": 35.72222222222222, "humidity": 52.0, "direction": "N", "rainHour": 0.0, "pressure": 1008.0625}