{"windPeak": 4.774543269004449, "windAvg": 2.1161073999999997, "temp": 28.277777777777782, "humidity": 47.0, "direction": "N", "rainHour": 0.0, "pressure": 995.875}