{"windPeak": 3.5995089691137516, "windAvg": 0.6768859399999999, "temp": 26.222222222222225, "humidity": 71.0, "direction": "N", "rainHour": 0.0, "pressure": 1001.875}