{"windPeak": 1.197411921771657e-24, "windAvg": 0.0, "temp": 8.38888888888889, "humidity": 83.0, "direction": "N", "rainHour": 0.0, "pressure": 1002.1875}