{"windPeak": 1.1758550713956524e-13, "windAvg": 0.0, "temp": 15.388888888888891, "humidity": 81.0, "direction": "N", "rainHour": 0.0, "pressure": 1001.75}