{"windPeak": 1.0641050682775983e-27, "windAvg": 0.0, "temp": 9.11111111111111, "humidity": 85.0, "direction": "N", "rainHour": 0.0, "pressure": 1002.5}