{"windPeak": 3.113637764671332, "windAvg": 0.8209423, "temp": 36.611111111111114, "humidity": 39.0, "direction": "N", "rainHour": 0.0, "pressure": 1002.875}