{"windPeak": 5.0511393628318295, "windAvg": 2.4247996200000004, "temp": 18.388888888888886, "humidity": 67.0, "direction": "N", "rainHour": 0.0, "pressure": 1003.375}