{"windPeak": 3.169295898412127, "windAvg": 1.0298687600000003, "temp": 14.722222222222223, "humidity": 82.0, "direction": "N", "rainHour": 0.0, "pressure": 1010.0625}