{"windPeak": 10.929870611775257, "windAvg": 5.17439764, "temp": 17.5, "humidity": 80.0, "direction": "N", "rainHour": 0.0, "pressure": 998.6875}