{"windPeak": 4.429695938047913, "windAvg": 2.0521320599999977, "temp": 25.888888888888886, "humidity": 44.0, "direction": "N", "rainHour": 0.0, "pressure": 1006.25}