{"windPeak": 0.005457748459338439, "windAvg": 0.0, "temp": 19.88888888888889, "humidity": 61.0, "direction": "N", "rainHour": 0.0, "pressure": 1002.75}