{"windPeak": 1.1127656248079871e-16, "windAvg": 0.0, "temp": 22.38888888888889, "humidity": 80.0, "direction": "N", "rainHour": 0.0, "pressure": 1003.75}