{"windPeak": 3.1550186489348033, "windAvg": 1.4065627200000004, "temp": 29.22222222222222, "humidity": 51.0, "direction": "N", "rainHour": 0.0, "pressure": 1002.6875}