{"windPeak": 4.329456107485687, "windAvg": 3.106159340000001, "temp": 28.5, "humidity": 39.0, "direction": "N", "rainHour": 0.0, "pressure": 1004.0625}