{"windPeak": 3.4422143586431777, "windAvg": 1.7550717399999993, "temp": 22.277777777777775, "humidity": 56.0, "direction": "N", "rainHour": 0.0, "pressure": 1000.375}