{"windPeak": 3.3087055330104143, "windAvg": 1.2455059200000005, "temp": 27.222222222222225, "humidity": 49.0, "direction": "N", "rainHour": 0.0, "pressure": 1007.375}