{"windPeak": 6.46614636478549, "windAvg": 3.2296362800000007, "temp": 25.888888888888886, "humidity": 37.0, "direction": "N", "rainHour": 0.0, "pressure": 1005.5625}