{"windPeak": 6.60744896194463, "windAvg": 4.093974580000002, "temp": 32.388888888888886, "humidity": 32.0, "direction": "N", "rainHour": 0.0, "pressure": 1006.0}