{"windPeak": 2.1482941423945583, "windAvg": 0.17805724, "temp": 19.777777777777775, "humidity": 72.0, "direction": "N", "rainHour": 0.0, "pressure": 1009.5}