{"windPeak": 1.4202229051095916, "windAvg": 0.0, "temp": 22.611111111111114, "humidity": 80.0, "direction": "N", "rainHour": 0.0, "pressure": 1003.5625}