{"windPeak": 4.676549175990481, "windAvg": 2.8180466400000004, "temp": 20.27777777777778, "humidity": 61.0, "direction": "N", "rainHour": 0.0, "pressure": 1004.1875}