{"windPeak": 0.00869607029930062, "windAvg": 0.0, "temp": 21.888888888888893, "humidity": 83.0, "direction": "N", "rainHour": 0.0, "pressure": 1004.0}