{"windPeak": 4.8632038934115185, "windAvg": 2.3916934799999994, "temp": 28.000000000000004, "humidity": 39.0, "direction": "N", "rainHour": 0.0, "pressure": 1011.25}