{"windPeak": 2.878143812826986, "windAvg": 0.9775252999999999, "temp": 21.72222222222222, "humidity": 85.0, "direction": "N", "rainHour": 0.0, "pressure": 1007.5625}