{"windPeak": 3.5181116936361754, "windAvg": 0.9421822800000001, "temp": 20.611111111111107, "humidity": 71.0, "direction": "N", "rainHour": 0.0, "pressure": 1008.6875}