{"windPeak": 3.5711297035375873, "windAvg": 2.1984253199999997, "temp": 31.38888888888889, "humidity": 60.0, "direction": "N", "rainHour": 0.0, "pressure": 1011.75}