{"windPeak": 3.731527603934251, "windAvg": 2.2829801399999994, "temp": 31.888888888888893, "humidity": 55.0, "direction": "N", "rainHour": 0.0, "pressure": 1002.6875}