{"windPeak": 2.584418967511572, "windAvg": 1.2352161800000006, "temp": 22.888888888888893, "humidity": 69.0, "direction": "N", "rainHour": 0.0, "pressure": 1010.5}