{"windPeak": 4.730605619512964, "windAvg": 1.8910752799999988, "temp": 18.77777777777778, "humidity": 84.0, "direction": "N", "rainHour": 0.0, "pressure": 998.5}