{"windPeak": 4.070739290781333, "windAvg": 1.4056679600000002, "temp": 15.5, "humidity": 78.0, "direction": "N", "rainHour": 0.0, "pressure": 1006.375}