{"windPeak": 0.5802874973173631, "windAvg": 0.0, "temp": 21.888888888888893, "humidity": 72.0, "direction": "N", "rainHour": 0.0, "pressure": 1005.375}