{"windPeak": 5.850288145636306, "windAvg": 3.6720951600000022, "temp": 29.722222222222225, "humidity": 45.0, "direction": "N", "rainHour": 0.0, "pressure": 1002.6875}