{"windPeak": 3.9899157525545936, "windAvg": 0.95247202, "temp": 30.0, "humidity": 67.0, "direction": "N", "rainHour": 0.0, "pressure": 1002.5625}