{"windPeak": 7.402905447268675e-50, "windAvg": 0.0, "temp": 24.000000000000004, "humidity": 71.0, "direction": "N", "rainHour": 0.0, "pressure": 1013.0}