{"windPeak": 3.201355722865997, "windAvg": 1.5322765000000007, "temp": 25.0, "humidity": 76.0, "direction": "N", "rainHour": 0.0, "pressure": 1001.75}