{"windPeak": 2.521863988391525, "windAvg": 1.5233288999999999, "temp": 17.611111111111114, "humidity": 87.0, "direction": "N", "rainHour": 0.0, "pressure": 989.0625}