{"windPeak": 1.5201885422524457, "windAvg": 0.36640422, "temp": 8.277777777777777, "humidity": 77.0, "direction": "N", "rainHour": 0.0, "pressure": 1000.1875}