{"windPeak": 1.0274589007891862e-31, "windAvg": 0.0, "temp": 21.72222222222222, "humidity": 84.0, "direction": "N", "rainHour": 0.0, "pressure": 1005.6875}