{"windPeak": 2.1805257843030835e-26, "windAvg": 0.0, "temp": 18.22222222222222, "humidity": 81.0, "direction": "N", "rainHour": 0.0, "pressure": 998.875}