{"windPeak": 7.194267450900608, "windAvg": 3.5074591800000006, "temp": 29.277777777777782, "humidity": 55.0, "direction": "N", "rainHour": 0.0, "pressure": 1006.0625}