{"windPeak": 1.4730862202204523e-18, "windAvg": 0.0, "temp": 21.27777777777778, "humidity": 70.0, "direction": "N", "rainHour": 0.0, "pressure": 1007.6875}