{"windPeak": 1.1925144587920007e-07, "windAvg": 0.0, "temp": 18.88888888888889, "humidity": 69.0, "direction": "N", "rainHour": 0.0, "pressure": 999.75}