{"windPeak": 2.7920916981532327, "windAvg": 1.4360897999999997, "temp": 30.0, "humidity": 45.0, "direction": "N", "rainHour": 0.0, "pressure": 1007.5}