{"windPeak": 3.1311070149046247, "windAvg": 1.80428354, "temp": 21.38888888888889, "humidity": 52.0, "direction": "N", "rainHour": 0.0, "pressure": 1003.0625}