{"windPeak": 3.647667716182203, "windAvg": 2.1680034800000008, "temp": 32.388888888888886, "humidity": 59.0, "direction": "N", "rainHour": 0.0, "pressure": 1001.0}