{"windPeak": 2.9527180341950583, "windAvg": 1.1233711800000006, "temp": 25.27777777777778, "humidity": 75.0, "direction": "N", "rainHour": 0.0, "pressure": 1006.25}