{"windPeak": 2.7618338902539095, "windAvg": 0.9681303200000002, "temp": 23.5, "humidity": 80.0, "direction": "N", "rainHour": 0.0, "pressure": 1003.375}