{"windPeak": 3.3762088557577963, "windAvg": 2.21095196, "temp": 37.611111111111114, "humidity": 45.0, "direction": "N", "rainHour": 0.0, "pressure": 1005.1875}