{"windPeak": 2.6777361659526906, "windAvg": 0.2214531, "temp": 25.222222222222225, "humidity": 69.0, "direction": "N", "rainHour": 0.0, "pressure": 1007.25}