{"windPeak": 4.15793021060651, "windAvg": 2.35277142, "temp": 21.999999999999996, "humidity": 84.0, "direction": "N", "rainHour": 0.0, "pressure": 1006.75}