{"windPeak": 4.433303531266357, "windAvg": 2.03423688, "temp": 27.277777777777775, "humidity": 72.0, "direction": "N", "rainHour": 0.0, "pressure": 1008.0}