{"windPeak": 5.458659646295306, "windAvg": 2.4659585999999996, "temp": 18.111111111111107, "humidity": 61.0, "direction": "N", "rainHour": 0.0, "pressure": 1003.0}