{"windPeak": 5.5020797056823385, "windAvg": 3.3325336600000015, "temp": 25.61111111111111, "humidity": 65.0, "direction": "N", "rainHour": 0.0, "pressure": 990.375}