{"windPeak": 4.3515793766663055e-17, "windAvg": 0.0, "temp": 21.38888888888889, "humidity": 73.0, "direction": "N", "rainHour": 0.0, "pressure": 1006.25}