{"windPeak": 4.675088142674582, "windAvg": 3.0238414400000004, "temp": 18.5, "humidity": 86.0, "direction": "N", "rainHour": 0.0, "pressure": 1000.0625}