{"windPeak": 5.185575984393197, "windAvg": 2.6225415599999997, "temp": 26.777777777777782, "humidity": 45.0, "direction": "N", "rainHour": 0.0, "pressure": 1010.1875}