{"windPeak": 4.651122418768618, "windAvg": 2.5563293600000008, "temp": 29.111111111111114, "humidity": 35.0, "direction": "N", "rainHour": 0.0, "pressure": 1005.375}