{"windPeak": 7.926850081974391e-34, "windAvg": 0.0, "temp": 24.499999999999996, "humidity": 67.0, "direction": "N", "rainHour": 0.0, "pressure": 1006.5625}