{"windPeak": 1.3019746832067975, "windAvg": 1.1408190000000002, "temp": 17.27777777777778, "humidity": 87.0, "direction": "N", "rainHour": 0.0, "pressure": 999.375}