{"windPeak": 3.5369582027068427, "windAvg": 1.8499162999999998, "temp": 24.000000000000004, "humidity": 66.0, "direction": "N", "rainHour": 0.0, "pressure": 1002.5625}