{"windPeak": 5.450809572876362e-14, "windAvg": 0.0, "temp": 9.777777777777779, "humidity": 80.0, "direction": "N", "rainHour": 0.0, "pressure": 1001.5625}