{"windPeak": 4.972362440477703, "windAvg": 3.0547107200000005, "temp": 22.888888888888893, "humidity": 55.0, "direction": "N", "rainHour": 0.0, "pressure": 1005.75}