{"windPeak": 3.4934131580041554, "windAvg": 0.7547300599999999, "temp": 7.11111111111111, "humidity": 81.0, "direction": "N", "rainHour": 0.0, "pressure": 1005.1875}