{"windPeak": 3.722920136001747, "windAvg": 2.2006622199999994, "temp": 23.5, "humidity": 46.0, "direction": "N", "rainHour": 0.0, "pressure": 1004.0}