{"windPeak": 3.5406814416150444e-07, "windAvg": 0.0, "temp": 20.222222222222225, "humidity": 61.0, "direction": "N", "rainHour": 0.0, "pressure": 1006.375}