{"windPeak": 3.5318562461321026, "windAvg": 1.7492557999999994, "temp": 31.500000000000004, "humidity": 51.0, "direction": "N", "rainHour": 0.0, "pressure": 1002.5}