{"windPeak": 0.6910853788331195, "windAvg": 0.02281638, "temp": 24.61111111111111, "humidity": 79.0, "direction": "N", "rainHour": 0.0, "pressure": 1002.0625}