{"windPeak": 4.752555366100487, "windAvg": 2.84891592, "temp": 30.500000000000004, "humidity": 61.0, "direction": "N", "rainHour": 0.0, "pressure": 1005.5}