{"windPeak": 0.33117592995738965, "windAvg": 0.0, "temp": 26.888888888888893, "humidity": 68.0, "direction": "N", "rainHour": 0.0, "pressure": 1007.5625}