{"windPeak": 2.257029835525435e-07, "windAvg": 0.0, "temp": 32.72222222222223, "humidity": 55.0, "direction": "N", "rainHour": 0.0, "pressure": 1009.25}