{"windPeak": 2.908022513330078, "windAvg": 1.0781858000000002, "temp": 33.77777777777778, "humidity": 63.0, "direction": "N", "rainHour": 0.0, "pressure": 999.5625}