{"windPeak": 7.4018159467486395, "windAvg": 3.8161515200000014, "temp": 26.72222222222222, "humidity": 40.0, "direction": "N", "rainHour": 0.0, "pressure": 1004.5625}