{"windPeak": 1.0162891609500991e-49, "windAvg": 0.0, "temp": 23.88888888888889, "humidity": 81.0, "direction": "N", "rainHour": 0.0, "pressure": 1004.0}