{"windPeak": 0.0011348266420088775, "windAvg": 0.0, "temp": 25.61111111111111, "humidity": 70.0, "direction": "N", "rainHour": 0.0, "pressure": 1006.75}