{"windPeak": 3.713672994369589, "windAvg": 2.25211092, "temp": 30.388888888888893, "humidity": 47.0, "direction": "N", "rainHour": 0.0, "pressure": 1009.1875}