{"windPeak": 1.8218670032411708e-25, "windAvg": 0.0, "temp": 20.611111111111107, "humidity": 73.0, "direction": "N", "rainHour": 0.0, "pressure": 1007.75}