{"windPeak": 8.254616937284017e-10, "windAvg": 0.0, "temp": 25.222222222222225, "humidity": 79.0, "direction": "N", "rainHour": 0.0, "pressure": 1001.0625}