{"windPeak": 8.070561416825317e-17, "windAvg": 0.0, "temp": 11.77777777777778, "humidity": 83.0, "direction": "N", "rainHour": 0.0, "pressure": 1004.5}