{"windPeak": 8.4617956737095e-28, "windAvg": 0.0, "temp": 27.11111111111111, "humidity": 62.0, "direction": "N", "rainHour": 0.0, "pressure": 1011.5}