{"windPeak": 5.686606277275656e-21, "windAvg": 0.0, "temp": 17.77777777777778, "humidity": 63.0, "direction": "N", "rainHour": 0.0, "pressure": 1006.0}