{"windPeak": 8.503521609005647e-11, "windAvg": 0.0, "temp": 20.611111111111107, "humidity": 82.0, "direction": "N", "rainHour": 0.0, "pressure": 1002.5625}