{"windPeak": 2.945831120906295, "windAvg": 0.9350242000000002, "temp": 21.0, "humidity": 66.0, "direction": "N", "rainHour": 0.0, "pressure": 1009.25}