{"windPeak": 5.712753381825036, "windAvg": 2.83862616, "temp": 28.277777777777782, "humidity": 41.0, "direction": "N", "rainHour": 0.0, "pressure": 1005.0625}