{"windPeak": 3.4867281080738612, "windAvg": 2.126397139999999, "temp": 24.88888888888889, "humidity": 48.0, "direction": "N", "rainHour": 0.0, "pressure": 1005.6875}