{"windPeak": 3.433155685067367, "windAvg": 2.28298014, "temp": 28.722222222222225, "humidity": 48.0, "direction": "N", "rainHour": 0.0, "pressure": 1008.0625}