{"windPeak": 1.526496533868091e-36, "windAvg": 0.0, "temp": 23.000000000000004, "humidity": 70.0, "direction": "N", "rainHour": 0.0, "pressure": 1003.25}