{"windPeak": 5.189631113075289, "windAvg": 2.24092644, "temp": 30.388888888888893, "humidity": 44.0, "direction": "N", "rainHour": 0.0, "pressure": 1002.1875}