{"windPeak": 2.5450393748631903, "windAvg": 0.8357058399999999, "temp": 23.388888888888886, "humidity": 64.0, "direction": "N", "rainHour": 0.0, "pressure": 1003.6875}