{"windPeak": 6.251819596774736e-14, "windAvg": 0.0, "temp": 29.88888888888889, "humidity": 58.0, "direction": "N", "rainHour": 0.0, "pressure": 1004.5}