{"windPeak": 2.603435492517464, "windAvg": 0.9909467000000001, "temp": 19.27777777777778, "humidity": 69.0, "direction": "N", "rainHour": 0.0, "pressure": 1005.0625}