{"windPeak": 1.3615142692271551, "windAvg": 0.04563276, "temp": 24.22222222222222, "humidity": 73.0, "direction": "N", "rainHour": 0.0, "pressure": 1005.5}