{"windPeak": 4.213832421281944, "windAvg": 1.3953782200000004, "temp": 23.388888888888886, "humidity": 81.0, "direction": "N", "rainHour": 0.0, "pressure": 1007.6875}