{"windPeak": 1.2104521044316887e-21, "windAvg": 0.0, "temp": 21.888888888888893, "humidity": 73.0, "direction": "N", "rainHour": 0.0, "pressure": 1006.6875}