{"windPeak": 1.2749342720279858e-86, "windAvg": 0.0, "temp": 24.277777777777782, "humidity": 78.0, "direction": "N", "rainHour": 0.0, "pressure": 1002.6875}