{"windPeak": 5.189720966205629, "windAvg": 3.270795220000001, "temp": 26.500000000000004, "humidity": 48.0, "direction": "N", "rainHour": 0.0, "pressure": 1002.0}