{"windPeak": 2.0429820902148483, "windAvg": 0.3458247400000001, "temp": 27.38888888888889, "humidity": 67.0, "direction": "N", "rainHour": 0.0, "pressure": 1005.6875}