{"windPeak": 1.7333749811341348, "windAvg": 0.31853456, "temp": 20.111111111111114, "humidity": 71.0, "direction": "N", "rainHour": 0.0, "pressure": 1003.875}