{"windPeak": 9.053735231416868, "windAvg": 3.93962848, "temp": 30.111111111111114, "humidity": 51.0, "direction": "N", "rainHour": 0.0, "pressure": 1006.375}