{"windPeak": 6.775603838776235e-27, "windAvg": 0.0, "temp": 16.27777777777778, "humidity": 78.0, "direction": "N", "rainHour": 0.0, "pressure": 1011.375}