{"windPeak": 6.008821401424389, "windAvg": 2.3178758000000004, "temp": 27.38888888888889, "humidity": 41.0, "direction": "N", "rainHour": 0.0, "pressure": 1011.5}