{"windPeak": 1.9464098384311302e-12, "windAvg": 0.0, "temp": 22.722222222222225, "humidity": 63.0, "direction": "N", "rainHour": 0.0, "pressure": 1010.1875}