{"windPeak": 2.057633973798704, "windAvg": 0.20087361999999997, "temp": 8.111111111111112, "humidity": 77.0, "direction": "N", "rainHour": 0.0, "pressure": 1000.375}