{"windPeak": 1.9369664296774107, "windAvg": 0.0559225, "temp": 22.888888888888893, "humidity": 53.0, "direction": "N", "rainHour": 0.0, "pressure": 1004.875}