{"windPeak": 3.1469879398138204e-06, "windAvg": 0.0, "temp": 27.11111111111111, "humidity": 64.0, "direction": "N", "rainHour": 0.0, "pressure": 1003.5625}