{"windPeak": 4.585747658494576, "windAvg": 2.66370052, "temp": 28.722222222222225, "humidity": 43.0, "direction": "N", "rainHour": 0.0, "pressure": 1004.375}