{"windPeak": 2.2281752576526345e-60, "windAvg": 0.0, "temp": 17.888888888888893, "humidity": 75.0, "direction": "N", "rainHour": 0.0, "pressure": 1005.0}