{"windPeak": 1.0346668856241525, "windAvg": 0.0, "temp": 23.88888888888889, "humidity": 66.0, "direction": "N", "rainHour": 0.0, "pressure": 1002.6875}