{"windPeak": 7.445986927782017, "windAvg": 3.281085000000001, "temp": 14.500000000000002, "humidity": 88.0, "direction": "N", "rainHour": 0.0, "pressure": 999.5}