{"windPeak": 0.01108400039000974, "windAvg": 0.0, "temp": 27.38888888888889, "humidity": 56.0, "direction": "N", "rainHour": 0.0, "pressure": 1002.0625}