{"windPeak": 11.091341926786157, "windAvg": 4.567302600000001, "temp": 14.38888888888889, "humidity": 58.0, "direction": "N", "rainHour": 0.0, "pressure": 1003.0}