{"windPeak": 5.5611622437074315, "windAvg": 3.198767080000002, "temp": 18.388888888888886, "humidity": 87.0, "direction": "N", "rainHour": 0.01, "pressure": 995.25}