{"windPeak": 4.823936645502608, "windAvg": 3.0650004000000006, "temp": 24.277777777777782, "humidity": 67.0, "direction": "N", "rainHour": 0.0, "pressure": 990.5}