{"windPeak": 3.0586568745857545, "windAvg": 0.85852222, "temp": 22.611111111111114, "humidity": 80.0, "direction": "N", "rainHour": 0.0, "pressure": 989.25}