{"windPeak": 3.830019457288547, "windAvg": 2.4579057200000007, "temp": 28.277777777777782, "humidity": 40.0, "direction": "N", "rainHour": 0.0, "pressure": 1010.1875}