{"windPeak": 2.556263444372055e-46, "windAvg": 0.0, "temp": 20.500000000000004, "humidity": 71.0, "direction": "N", "rainHour": 0.0, "pressure": 1013.25}