{"windPeak": 3.430839980249013e-72, "windAvg": 0.0, "temp": 23.11111111111111, "humidity": 80.0, "direction": "N", "rainHour": 0.0, "pressure": 1003.6875}