{"windPeak": 1.891375913997051e-30, "windAvg": 0.0, "temp": 17.611111111111114, "humidity": 74.0, "direction": "N", "rainHour": 0.0, "pressure": 1000.75}