{"windPeak": 0.08922565172810838, "windAvg": 0.0, "temp": 22.888888888888893, "humidity": 73.0, "direction": "N", "rainHour": 0.0, "pressure": 1011.5625}