{"windPeak": 6.500274449235773e-28, "windAvg": 0.0, "temp": 18.277777777777782, "humidity": 85.0, "direction": "N", "rainHour": 0.0, "pressure": 999.0}