{"windPeak": 4.3187089530535205, "windAvg": 2.5196441600000004, "temp": 29.722222222222225, "humidity": 37.0, "direction": "N", "rainHour": 0.0, "pressure": 1004.0}