{"windPeak": 3.0373172444683765, "windAvg": 0.24426947999999998, "temp": 22.38888888888889, "humidity": 73.0, "direction": "N", "rainHour": 0.0, "pressure": 1005.1875}