{"windPeak": 2.5182380347460134, "windAvg": 1.1242659400000004, "temp": 21.500000000000004, "humidity": 87.0, "direction": "N", "rainHour": 0.0, "pressure": 1009.5}