{"windPeak": 3.313698219176553, "windAvg": 1.1658722800000005, "temp": 23.277777777777782, "humidity": 53.0, "direction": "N", "rainHour": 0.0, "pressure": 1012.375}