{"windPeak": 2.1619617232630165e-14, "windAvg": 0.0, "temp": 23.000000000000004, "humidity": 78.0, "direction": "N", "rainHour": 0.0, "pressure": 1003.5625}