{"windPeak": 3.733167144490196e-55, "windAvg": 0.0, "temp": 25.888888888888886, "humidity": 69.0, "direction": "N", "rainHour": 0.0, "pressure": 1013.5}