{"windPeak": 4.62128758121668, "windAvg": 2.210951959999999, "temp": 24.22222222222222, "humidity": 78.0, "direction": "N", "rainHour": 0.0, "pressure": 1006.5625}