{"windPeak": 6.898577067335653, "windAvg": 2.6534108599999997, "temp": 20.777777777777782, "humidity": 60.0, "direction": "N", "rainHour": 0.0, "pressure": 1003.0}