{"windPeak": 0.8829168606028313, "windAvg": 0.02281638, "temp": 14.000000000000002, "humidity": 83.0, "direction": "N", "rainHour": 0.0, "pressure": 1005.75}