{"windPeak": 3.9070945865700977, "windAvg": 2.4064570200000004, "temp": 26.222222222222225, "humidity": 57.0, "direction": "N", "rainHour": 0.0, "pressure": 1007.375}