{"windPeak": 1.7338759823018226, "windAvg": 0.033106119999999996, "temp": 8.0, "humidity": 77.0, "direction": "N", "rainHour": 0.0, "pressure": 1000.375}