{"windPeak": 8.91255987326781, "windAvg": 3.702964360000002, "temp": 23.5, "humidity": 50.0, "direction": "N", "rainHour": 0.0, "pressure": 1006.0}