{"windPeak": 3.4015857308428616, "windAvg": 1.4799330399999997, "temp": 30.27777777777778, "humidity": 42.0, "direction": "N", "rainHour": 0.0, "pressure": 1007.0625}