{"windPeak": 5.60765078440714, "windAvg": 2.4614847799999997, "temp": 24.61111111111111, "humidity": 69.0, "direction": "N", "rainHour": 0.0, "pressure": 1007.6875}