{"windPeak": 7.237806902710975, "windAvg": 3.4023250000000007, "temp": 14.500000000000002, "humidity": 87.0, "direction": "N", "rainHour": 0.0, "pressure": 999.75}