{"windPeak": 0.004520445343163507, "windAvg": 0.0, "temp": 22.77777777777778, "humidity": 84.0, "direction": "N", "rainHour": 0.0, "pressure": 999.5}