{"windPeak": 3.944380183834114, "windAvg": 0.74309818, "temp": 20.611111111111107, "humidity": 82.0, "direction": "N", "rainHour": 0.0, "pressure": 997.75}