{"windPeak": 2.278130252384229, "windAvg": 0.31853456, "temp": 6.7777777777777795, "humidity": 79.0, "direction": "N", "rainHour": 0.0, "pressure": 1005.5625}