{"windPeak": 2.711146054481122, "windAvg": 0.9851307600000002, "temp": 27.611111111111114, "humidity": 49.0, "direction": "N", "rainHour": 0.0, "pressure": 996.0625}