{"windPeak": 8.516252881636527e-08, "windAvg": 0.0, "temp": 28.277777777777782, "humidity": 62.0, "direction": "N", "rainHour": 0.0, "pressure": 1006.5625}