{"windPeak": 4.974263412718305, "windAvg": 2.6122518399999994, "temp": 16.222222222222225, "humidity": 65.0, "direction": "N", "rainHour": 0.0, "pressure": 1003.1875}