{"windPeak": 7.8975598429267135, "windAvg": 3.6000669200000015, "temp": 26.222222222222225, "humidity": 36.0, "direction": "N", "rainHour": 0.0, "pressure": 1006.6875}