{"windPeak": 1.5468159085958331e-06, "windAvg": 0.0, "temp": 21.77777777777778, "humidity": 71.0, "direction": "N", "rainHour": 0.0, "pressure": 1006.375}