{"windPeak": 4.83454260659099, "windAvg": 2.992972200000001, "temp": 24.777777777777775, "humidity": 59.0, "direction": "N", "rainHour": 0.0, "pressure": 1002.5}