{"windPeak": 0.02051015352255852, "windAvg": 0.0, "temp": 29.722222222222225, "humidity": 60.0, "direction": "N", "rainHour": 0.0, "pressure": 1002.75}