{"windPeak": 8.228419477382323, "windAvg": 3.4618266200000005, "temp": 20.888888888888886, "humidity": 54.0, "direction": "N", "rainHour": 0.0, "pressure": 1006.5}