{"windPeak": 8.561311909197414, "windAvg": 5.0097614800000025, "temp": 14.000000000000002, "humidity": 60.0, "direction": "N", "rainHour": 0.0, "pressure": 1003.25}