{"windPeak": 2.3566400947971857, "windAvg": 1.0808700800000004, "temp": 20.222222222222225, "humidity": 64.0, "direction": "N", "rainHour": 0.0, "pressure": 1004.25}