{"windPeak": 5.666896329382565, "windAvg": 1.2584799400000004, "temp": 29.388888888888893, "humidity": 52.0, "direction": "N", "rainHour": 0.0, "pressure": 1009.0625}