{"windPeak": 1.8566040644997093, "windAvg": 0.19863672000000002, "temp": 22.5, "humidity": 81.0, "direction": "N", "rainHour": 0.0, "pressure": 1003.1875}