{"windPeak": 4.742262866586519, "windAvg": 2.71514924, "temp": 22.888888888888893, "humidity": 56.0, "direction": "N", "rainHour": 0.0, "pressure": 1007.875}