{"windPeak": 4.50404121607967, "windAvg": 0.73772964, "temp": 26.888888888888893, "humidity": 55.0, "direction": "N", "rainHour": 0.0, "pressure": 1014.6875}