{"windPeak": 3.046563486545391, "windAvg": 0.63259532, "temp": 20.72222222222222, "humidity": 69.0, "direction": "N", "rainHour": 0.0, "pressure": 1010.1875}