{"windPeak": 1.1634616132293513e-35, "windAvg": 0.0, "temp": 23.11111111111111, "humidity": 82.0, "direction": "N", "rainHour": 0.0, "pressure": 1002.875}