{"windPeak": 3.0629148660007324e-33, "windAvg": 0.0, "temp": 22.277777777777775, "humidity": 83.0, "direction": "N", "rainHour": 0.0, "pressure": 1006.0}