{"windPeak": 5.770865473167977, "windAvg": 3.2913747200000008, "temp": 25.61111111111111, "humidity": 47.0, "direction": "N", "rainHour": 0.0, "pressure": 1007.75}