{"windPeak": 6.51750035716051, "windAvg": 3.744123440000001, "temp": 27.277777777777775, "humidity": 51.0, "direction": "N", "rainHour": 0.0, "pressure": 1002.5}