{"windPeak": 2.444423522342072e-21, "windAvg": 0.0, "temp": 17.27777777777778, "humidity": 74.0, "direction": "N", "rainHour": 0.0, "pressure": 1000.25}