{"windPeak": 7.917389480217308e-49, "windAvg": 0.0, "temp": 13.88888888888889, "humidity": 84.0, "direction": "N", "rainHour": 0.0, "pressure": 1004.5625}