{"windPeak": 0.0015920088602089408, "windAvg": 0.0, "temp": 27.888888888888893, "humidity": 66.0, "direction": "N", "rainHour": 0.0, "pressure": 1005.6875}