{"windPeak": 2.1458523131367278, "windAvg": 1.76849314, "temp": 23.88888888888889, "humidity": 44.0, "direction": "N", "rainHour": 0.0, "pressure": 1005.75}