{"windPeak": 6.80502696894263, "windAvg": 2.18947776, "temp": 18.722222222222225, "humidity": 88.0, "direction": "N", "rainHour": 0.01, "pressure": 996.75}