{"windPeak": 2.5598559986928855, "windAvg": 1.5725407000000002, "temp": 23.88888888888889, "humidity": 72.0, "direction": "N", "rainHour": 0.0, "pressure": 1009.75}