{"windPeak": 3.926076962078319, "windAvg": 1.79980974, "temp": 25.888888888888886, "humidity": 56.0, "direction": "N", "rainHour": 0.0, "pressure": 1007.6875}