{"windPeak": 2.6977761908185847, "windAvg": 0.60038396, "temp": 35.27777777777778, "humidity": 50.0, "direction": "N", "rainHour": 0.0, "pressure": 1005.25}