{"windPeak": 0.00820758095508424, "windAvg": 0.0, "temp": 27.722222222222225, "humidity": 54.0, "direction": "N", "rainHour": 0.0, "pressure": 1009.0}