{"windPeak": 7.50547162458204, "windAvg": 3.237689220000001, "temp": 21.999999999999996, "humidity": 40.0, "direction": "N", "rainHour": 0.0, "pressure": 999.6875}