{"windPeak": 1.1528317452384362, "windAvg": 0.04563276, "temp": 19.777777777777775, "humidity": 75.0, "direction": "N", "rainHour": 0.0, "pressure": 1009.1875}