{"windPeak": 5.387707377309994e-40, "windAvg": 0.0, "temp": 23.88888888888889, "humidity": 80.0, "direction": "N", "rainHour": 0.0, "pressure": 1003.75}