{"windPeak": 5.886159961204087e-49, "windAvg": 0.0, "temp": 23.77777777777778, "humidity": 80.0, "direction": "N", "rainHour": 0.0, "pressure": 1004.0625}