{"windPeak": 5.41186524907744, "windAvg": 3.548618300000001, "temp": 26.888888888888893, "humidity": 42.0, "direction": "N", "rainHour": 0.0, "pressure": 1007.5625}