{"windPeak": 2.4769545869919845, "windAvg": 0.4075631799999999, "temp": 23.77777777777778, "humidity": 85.0, "direction": "N", "rainHour": 0.0, "pressure": 1001.0}