{"windPeak": 2.78292753863367, "windAvg": 0.38027299999999997, "temp": 23.000000000000004, "humidity": 73.0, "direction": "N", "rainHour": 0.0, "pressure": 1011.5625}