{"windPeak": 1.7907580578612344e-06, "windAvg": 0.0, "temp": 14.777777777777779, "humidity": 84.0, "direction": "N", "rainHour": 0.0, "pressure": 1005.25}