{"windPeak": 0.04857387046053379, "windAvg": 0.0, "temp": 23.88888888888889, "humidity": 72.0, "direction": "N", "rainHour": 0.0, "pressure": 1009.875}