{"windPeak": 5.1088958778217, "windAvg": 2.82609964, "temp": 20.611111111111107, "humidity": 61.0, "direction": "N", "rainHour": 0.0, "pressure": 1005.25}