{"windPeak": 3.3184159671721893, "windAvg": 1.3680880400000006, "temp": 15.388888888888891, "humidity": 79.0, "direction": "N", "rainHour": 0.0, "pressure": 1006.375}