{"windPeak": 5.631401122861078, "windAvg": 3.64122606, "temp": 24.88888888888889, "humidity": 52.0, "direction": "N", "rainHour": 0.0, "pressure": 1001.75}