{"windPeak": 0.005803605059973631, "windAvg": 0.0, "temp": 23.722222222222225, "humidity": 69.0, "direction": "N", "rainHour": 0.0, "pressure": 1009.0625}