{"windPeak": 4.198069841032283, "windAvg": 2.4064570200000004, "temp": 20.72222222222222, "humidity": 67.0, "direction": "N", "rainHour": 0.0, "pressure": 1010.0}