{"windPeak": 1.7104560745591586, "windAvg": 0.07873888, "temp": 28.77777777777778, "humidity": 53.0, "direction": "N", "rainHour": 0.0, "pressure": 1008.0625}