{"windPeak": 2.342852682516875, "windAvg": 0.55609334, "temp": 25.388888888888893, "humidity": 74.0, "direction": "N", "rainHour": 0.0, "pressure": 1006.5}