{"windPeak": 8.716953674347351, "windAvg": 3.616172700000001, "temp": 27.222222222222225, "humidity": 35.0, "direction": "N", "rainHour": 0.0, "pressure": 997.875}