{"windPeak": 7.999314671090864, "windAvg": 4.1865822999999995, "temp": 23.22222222222222, "humidity": 59.0, "direction": "N", "rainHour": 0.0, "pressure": 1008.0625}