{"windPeak": 2.017886709475564, "windAvg": 0.17805724, "temp": 11.38888888888889, "humidity": 85.0, "direction": "N", "rainHour": 0.0, "pressure": 1008.1875}