{"windPeak": 4.70377959922247, "windAvg": 3.3222439000000015, "temp": 26.0, "humidity": 64.0, "direction": "N", "rainHour": 0.0, "pressure": 990.1875}