{"windPeak": 0.17839641772334486, "windAvg": 0.07650198, "temp": 22.5, "humidity": 68.0, "direction": "N", "rainHour": 0.0, "pressure": 1008.25}