{"windPeak": 2.9657881258561983e-34, "windAvg": 0.0, "temp": 22.11111111111111, "humidity": 71.0, "direction": "N", "rainHour": 0.0, "pressure": 1003.1875}