{"windPeak": 4.626539717221397, "windAvg": 2.735728720000001, "temp": 30.777777777777782, "humidity": 58.0, "direction": "N", "rainHour": 0.0, "pressure": 1006.6875}