{"windPeak": 3.3606209049737445e-13, "windAvg": 0.0, "temp": 22.11111111111111, "humidity": 64.0, "direction": "N", "rainHour": 0.0, "pressure": 1010.0625}