{"windPeak": 8.884130423740132, "windAvg": 3.7933352, "temp": 14.777777777777779, "humidity": 88.0, "direction": "N", "rainHour": 0.0, "pressure": 999.875}