{"windPeak": 0.9071811983889285, "windAvg": 0.15076706, "temp": 13.277777777777777, "humidity": 80.0, "direction": "N", "rainHour": 0.0, "pressure": 1004.1875}