{"windPeak": 5.085640880758139e-12, "windAvg": 0.0, "temp": 25.111111111111114, "humidity": 72.0, "direction": "N", "rainHour": 0.0, "pressure": 1007.0625}