{"windPeak": 3.6164315830885645, "windAvg": 1.11218668, "temp": 18.61111111111111, "humidity": 84.0, "direction": "N", "rainHour": 0.0, "pressure": 998.375}