{"windPeak": 0.7732667748757791, "windAvg": 0.0, "temp": 17.72222222222222, "humidity": 70.0, "direction": "N", "rainHour": 0.0, "pressure": 1004.0}