{"windPeak": 4.205698330610791e-09, "windAvg": 0.0, "temp": 21.611111111111114, "humidity": 69.0, "direction": "N", "rainHour": 0.0, "pressure": 1002.875}