{"windPeak": 4.922721782545646, "windAvg": 2.18008274, "temp": 18.61111111111111, "humidity": 77.0, "direction": "N", "rainHour": 0.0, "pressure": 1007.875}