{"windPeak": 0.5364555245685023, "windAvg": 0.02281638, "temp": 17.72222222222222, "humidity": 86.0, "direction": "N", "rainHour": 0.0, "pressure": 1002.25}