{"windPeak": 4.054818355269676, "windAvg": 1.8879435999999992, "temp": 18.61111111111111, "humidity": 84.0, "direction": "N", "rainHour": 0.0, "pressure": 1000.75}