{"windPeak": 5.6784210896398015, "windAvg": 3.281085000000001, "temp": 29.777777777777775, "humidity": 35.0, "direction": "N", "rainHour": 0.0, "pressure": 1004.5625}