{"windPeak": 1.19712615846854e-24, "windAvg": 0.0, "temp": 12.222222222222223, "humidity": 86.0, "direction": "N", "rainHour": 0.0, "pressure": 1013.0625}