{"windPeak": 0.9479747132012507, "windAvg": 0.06844914, "temp": 20.27777777777778, "humidity": 59.0, "direction": "N", "rainHour": 0.0, "pressure": 1004.5625}