{"windPeak": 3.002933452423291, "windAvg": 1.4955913399999998, "temp": 25.72222222222222, "humidity": 75.0, "direction": "N", "rainHour": 0.0, "pressure": 1013.0625}