{"windPeak": 9.888600240543205e-14, "windAvg": 0.0, "temp": 17.888888888888893, "humidity": 71.0, "direction": "N", "rainHour": 0.0, "pressure": 1000.375}