{"windPeak": 1.5531606806669485e-05, "windAvg": 0.0, "temp": 32.611111111111114, "humidity": 67.0, "direction": "N", "rainHour": 0.0, "pressure": 999.5625}