{"windPeak": 0.00659798052633477, "windAvg": 0.0, "temp": 26.611111111111114, "humidity": 76.0, "direction": "N", "rainHour": 0.0, "pressure": 1003.0625}