{"windPeak": 8.171135599143491e-07, "windAvg": 0.0, "temp": 21.999999999999996, "humidity": 68.0, "direction": "N", "rainHour": 0.0, "pressure": 1002.6875}