{"windPeak": 3.193651537389043, "windAvg": 2.1183442999999995, "temp": 25.72222222222222, "humidity": 47.0, "direction": "N", "rainHour": 0.0, "pressure": 1008.6875}