{"windPeak": 9.514365410340763e-06, "windAvg": 0.0, "temp": 21.11111111111111, "humidity": 63.0, "direction": "N", "rainHour": 0.0, "pressure": 1006.0625}