{"windPeak": 4.481697351156783, "windAvg": 2.324139099999999, "temp": 23.77777777777778, "humidity": 60.0, "direction": "N", "rainHour": 0.0, "pressure": 1002.875}