{"windPeak": 1.9421964539108738e-46, "windAvg": 0.0, "temp": 27.222222222222225, "humidity": 63.0, "direction": "N", "rainHour": 0.0, "pressure": 1003.375}