{"windPeak": 7.68425510736676e-41, "windAvg": 0.0, "temp": 24.388888888888893, "humidity": 86.0, "direction": "N", "rainHour": 0.0, "pressure": 1000.375}