{"windPeak": 5.914251348204918, "windAvg": 3.785282320000001, "temp": 18.61111111111111, "humidity": 87.0, "direction": "N", "rainHour": 0.02, "pressure": 997.5625}