{"windPeak": 1.5964125946431054, "windAvg": 0.21563716000000002, "temp": 24.000000000000004, "humidity": 56.0, "direction": "N", "rainHour": 0.0, "pressure": 1009.6875}