{"windPeak": 6.127444774221608, "windAvg": 2.71872828, "temp": 27.722222222222225, "humidity": 32.0, "direction": "N", "rainHour": 0.0, "pressure": 1009.5625}