{"windPeak": 0.0016696583718502898, "windAvg": 0.0, "temp": 27.611111111111114, "humidity": 54.0, "direction": "N", "rainHour": 0.0, "pressure": 1003.25}