{"windPeak": 2.9309951668424444e-14, "windAvg": 0.0, "temp": 28.22222222222222, "humidity": 64.0, "direction": "N", "rainHour": 0.0, "pressure": 1010.0}