{"windPeak": 2.1155542097565396, "windAvg": 0.19639982, "temp": 22.277777777777775, "humidity": 84.0, "direction": "N", "rainHour": 0.0, "pressure": 1002.0}