{"windPeak": 2.8380299312002197, "windAvg": 1.8168101799999994, "temp": 17.72222222222222, "humidity": 72.0, "direction": "N", "rainHour": 0.0, "pressure": 1004.375}