{"windPeak": 0.0028467821464678014, "windAvg": 0.0, "temp": 19.777777777777775, "humidity": 84.0, "direction": "N", "rainHour": 0.0, "pressure": 999.875}