{"windPeak": 3.891475547444322, "windAvg": 1.4096944, "temp": 29.61111111111111, "humidity": 42.0, "direction": "N", "rainHour": 0.0, "pressure": 996.75}