{"windPeak": 3.8915765399918762, "windAvg": 2.210951960000001, "temp": 27.77777777777778, "humidity": 50.0, "direction": "N", "rainHour": 0.0, "pressure": 1008.25}