{"windPeak": 0.10357805264189784, "windAvg": 3.5044766666666667, "temp": 16.88888888888889, "humidity": 44.0, "direction": "N", "rainHour": 0.0, "pressure": 1003.875}