{"windPeak": 2.4274971440901627, "windAvg": 0.38116776, "temp": 22.38888888888889, "humidity": 80.0, "direction": "N", "rainHour": 0.0, "pressure": 1003.5}