{"windPeak": 1.2623422917974684e-31, "windAvg": 0.0, "temp": 23.11111111111111, "humidity": 78.0, "direction": "N", "rainHour": 0.0, "pressure": 1003.25}