{"windPeak": 0.5459882246320058, "windAvg": 0.19192602, "temp": 17.611111111111114, "humidity": 87.0, "direction": "N", "rainHour": 0.0, "pressure": 1001.875}