{"windPeak": 2.434413969320939, "windAvg": 0.73280844, "temp": 17.0, "humidity": 87.0, "direction": "N", "rainHour": 0.0, "pressure": 995.1875}