{"windPeak": 6.2980356656379275, "windAvg": 2.7701770199999993, "temp": 21.38888888888889, "humidity": 58.0, "direction": "N", "rainHour": 0.0, "pressure": 1002.5625}