{"windPeak": 3.661362426533675, "windAvg": 2.0830012799999995, "temp": 34.38888888888889, "humidity": 39.0, "direction": "N", "rainHour": 0.0, "pressure": 1006.6875}