{"windPeak": 7.928370714175183, "windAvg": 3.4251414000000016, "temp": 29.277777777777782, "humidity": 34.0, "direction": "N", "rainHour": 0.0, "pressure": 1004.75}