{"windPeak": 6.7283374847676485e-09, "windAvg": 0.0, "temp": 31.888888888888893, "humidity": 56.0, "direction": "N", "rainHour": 0.0, "pressure": 1009.5}