{"windPeak": 2.531532127900649, "windAvg": 1.1484244600000002, "temp": 21.500000000000004, "humidity": 84.0, "direction": "N", "rainHour": 0.0, "pressure": 1007.0}