{"windPeak": 0.864806250562214, "windAvg": 0.0, "temp": 26.999999999999996, "humidity": 54.0, "direction": "N", "rainHour": 0.0, "pressure": 1013.75}