{"windPeak": 1.8143960418785074, "windAvg": 0.25679611999999996, "temp": 25.388888888888893, "humidity": 60.0, "direction": "N", "rainHour": 0.0, "pressure": 1008.875}