{"windPeak": 0.12412631512580549, "windAvg": 0.0, "temp": 22.277777777777775, "humidity": 67.0, "direction": "N", "rainHour": 0.0, "pressure": 1010.0}