{"windPeak": 4.910748906655754, "windAvg": 3.363402920000001, "temp": 26.611111111111114, "humidity": 60.0, "direction": "N", "rainHour": 0.0, "pressure": 1007.875}