{"windPeak": 0.6448656685437231, "windAvg": 0.0, "temp": 16.722222222222225, "humidity": 67.0, "direction": "N", "rainHour": 0.0, "pressure": 1007.0625}