{"windPeak": 1.2520142223993558, "windAvg": 0.11989784, "temp": 22.888888888888893, "humidity": 82.0, "direction": "N", "rainHour": 0.01, "pressure": 1002.6875}