{"windPeak": 6.708074669004323, "windAvg": 2.8260994800000003, "temp": 23.11111111111111, "humidity": 54.0, "direction": "N", "rainHour": 0.0, "pressure": 1006.0}