{"windPeak": 4.609805470761641, "windAvg": 2.77688766, "temp": 27.77777777777778, "humidity": 48.0, "direction": "N", "rainHour": 0.0, "pressure": 1008.375}