{"windPeak": 0.6880158514108823, "windAvg": 0.0, "temp": 31.500000000000004, "humidity": 56.0, "direction": "N", "rainHour": 0.0, "pressure": 1002.6875}