{"windPeak": 9.431018210922679e-08, "windAvg": 0.0, "temp": 23.88888888888889, "humidity": 79.0, "direction": "N", "rainHour": 0.0, "pressure": 1002.75}