{"windPeak": 2.9731260687800005, "windAvg": 0.66570144, "temp": 27.77777777777778, "humidity": 36.0, "direction": "N", "rainHour": 0.0, "pressure": 1005.875}