{"windPeak": 2.085455572688018, "windAvg": 0.0, "temp": 30.777777777777782, "humidity": 45.0, "direction": "N", "rainHour": 0.0, "pressure": 1013.1875}