{"windPeak": 1.6143308192840984, "windAvg": 0.28990224, "temp": 18.277777777777782, "humidity": 85.0, "direction": "N", "rainHour": 0.0, "pressure": 988.875}