{"windPeak": 4.397059231699875, "windAvg": 2.4834064200000006, "temp": 28.5, "humidity": 43.0, "direction": "N", "rainHour": 0.0, "pressure": 1010.5}