{"windPeak": 4.198924648609902, "windAvg": 2.28298014, "temp": 32.388888888888886, "humidity": 58.0, "direction": "N", "rainHour": 0.0, "pressure": 1000.6875}