{"windPeak": 8.995621092043874e-05, "windAvg": 0.0, "temp": 31.888888888888893, "humidity": 68.0, "direction": "N", "rainHour": 0.0, "pressure": 999.5}