{"windPeak": 5.637238324933463e-44, "windAvg": 0.0, "temp": 21.27777777777778, "humidity": 73.0, "direction": "N", "rainHour": 0.0, "pressure": 1003.1875}