{"windPeak": 3.3360964673461786, "windAvg": 1.3680880400000002, "temp": 29.111111111111114, "humidity": 40.0, "direction": "N", "rainHour": 0.0, "pressure": 1010.5625}