{"windPeak": 5.074857418182681, "windAvg": 3.8058618200000027, "temp": 29.499999999999996, "humidity": 42.0, "direction": "N", "rainHour": 0.0, "pressure": 1009.75}