{"windPeak": 6.6966134504731585, "windAvg": 2.9621030799999994, "temp": 25.777777777777782, "humidity": 42.0, "direction": "N", "rainHour": 0.0, "pressure": 1006.75}