{"windPeak": 3.066615909329548, "windAvg": 1.2056891, "temp": 21.999999999999996, "humidity": 55.0, "direction": "N", "rainHour": 0.0, "pressure": 1007.5625}