{"windPeak": 4.751906450329158, "windAvg": 1.6230946600000002, "temp": 19.88888888888889, "humidity": 83.0, "direction": "N", "rainHour": 0.0, "pressure": 997.875}