{"windPeak": 5.762148168906148e-32, "windAvg": 0.0, "temp": 20.777777777777782, "humidity": 73.0, "direction": "N", "rainHour": 0.0, "pressure": 1003.1875}