{"windPeak": 4.079939036218341, "windAvg": 2.6225415600000006, "temp": 33.11111111111111, "humidity": 52.0, "direction": "N", "rainHour": 0.0, "pressure": 1002.5}