{"windPeak": 1.4592657318653377, "windAvg": 0.06621223999999999, "temp": 24.388888888888893, "humidity": 79.0, "direction": "N", "rainHour": 0.0, "pressure": 1002.0}