{"windPeak": 3.300625209157923, "windAvg": 1.02405282, "temp": 19.777777777777775, "humidity": 82.0, "direction": "N", "rainHour": 0.0, "pressure": 998.5625}