{"windPeak": 2.721184238476979e-23, "windAvg": 0.0, "temp": 21.72222222222222, "humidity": 61.0, "direction": "N", "rainHour": 0.0, "pressure": 1012.5625}