{"windPeak": 1.761881116091566e-22, "windAvg": 0.0, "temp": 25.500000000000004, "humidity": 69.0, "direction": "N", "rainHour": 0.0, "pressure": 1011.1875}