{"windPeak": 2.291539965442058, "windAvg": 0.42456362000000003, "temp": 28.277777777777782, "humidity": 62.0, "direction": "N", "rainHour": 0.0, "pressure": 1007.75}