{"windPeak": 0.747456150739531, "windAvg": 0.04563276, "temp": 21.999999999999996, "humidity": 74.0, "direction": "N", "rainHour": 0.0, "pressure": 1008.75}