{"windPeak": 5.336688475808934, "windAvg": 1.3354293400000001, "temp": 20.27777777777778, "humidity": 80.0, "direction": "N", "rainHour": 0.0, "pressure": 997.875}