{"windPeak": 7.856905379033417e-39, "windAvg": 0.0, "temp": 23.277777777777782, "humidity": 66.0, "direction": "N", "rainHour": 0.0, "pressure": 1003.375}