{"windPeak": 4.824307489143992, "windAvg": 2.6637006, "temp": 23.22222222222222, "humidity": 72.0, "direction": "N", "rainHour": 0.0, "pressure": 1001.25}