{"windPeak": 3.789077862998286, "windAvg": 2.138923779999999, "temp": 28.277777777777782, "humidity": 46.0, "direction": "N", "rainHour": 0.0, "pressure": 1008.1875}