{"windPeak": 2.5542258664125983e-11, "windAvg": 0.0, "temp": 29.61111111111111, "humidity": 66.0, "direction": "N", "rainHour": 0.0, "pressure": 1002.75}