{"windPeak": 4.325186231472865, "windAvg": 2.4064570200000004, "temp": 17.11111111111111, "humidity": 88.0, "direction": "N", "rainHour": 0.0, "pressure": 993.875}