{"windPeak": 2.686814862864588, "windAvg": 1.3824042, "temp": 31.0, "humidity": 43.0, "direction": "N", "rainHour": 0.0, "pressure": 1006.5625}