{"windPeak": 3.8961105829882134, "windAvg": 2.4145098600000003, "temp": 30.888888888888886, "humidity": 46.0, "direction": "N", "rainHour": 0.0, "pressure": 1009.0}