{"windPeak": 5.546165559564477, "windAvg": 2.1836617999999994, "temp": 23.22222222222222, "humidity": 65.0, "direction": "N", "rainHour": 0.0, "pressure": 1002.0625}