{"windPeak": 4.152830683716086, "windAvg": 2.3138493599999994, "temp": 20.777777777777782, "humidity": 80.0, "direction": "N", "rainHour": 0.0, "pressure": 992.0625}