{"windPeak": 0.000582789448986931, "windAvg": 0.0, "temp": 26.222222222222225, "humidity": 66.0, "direction": "N", "rainHour": 0.0, "pressure": 1006.6875}