{"windPeak": 4.73449062911295, "windAvg": 2.31071772, "temp": 16.222222222222225, "humidity": 77.0, "direction": "N", "rainHour": 0.0, "pressure": 1010.5}