{"windPeak": 3.3626891496988827, "windAvg": 1.3931413399999997, "temp": 26.222222222222225, "humidity": 58.0, "direction": "N", "rainHour": 0.0, "pressure": 1014.75}