{"windPeak": 3.072361220070752e-39, "windAvg": 0.0, "temp": 22.611111111111114, "humidity": 78.0, "direction": "N", "rainHour": 0.0, "pressure": 1008.1875}