{"windPeak": 2.666258428749032, "windAvg": 0.52746102, "temp": 23.722222222222225, "humidity": 77.0, "direction": "N", "rainHour": 0.0, "pressure": 1008.5625}