{"windPeak": 2.809005993050037, "windAvg": 0.2214531, "temp": 21.999999999999996, "humidity": 52.0, "direction": "N", "rainHour": 0.0, "pressure": 1006.5}