{"windPeak": 5.394263221265449, "windAvg": 2.2167678999999993, "temp": 20.27777777777778, "humidity": 48.0, "direction": "N", "rainHour": 0.0, "pressure": 999.0}