{"windPeak": 3.1995858257335295, "windAvg": 2.0087362, "temp": 27.11111111111111, "humidity": 57.0, "direction": "N", "rainHour": 0.0, "pressure": 1007.875}