{"windPeak": 2.5606279049858194, "windAvg": 1.57656712, "temp": 25.72222222222222, "humidity": 66.0, "direction": "N", "rainHour": 0.0, "pressure": 1004.6875}