{"windPeak": 6.486274355499153, "windAvg": 3.9190489000000004, "temp": 24.111111111111114, "humidity": 62.0, "direction": "N", "rainHour": 0.0, "pressure": 993.0}