{"windPeak": 3.9585262189159354e-24, "windAvg": 0.0, "temp": 20.888888888888886, "humidity": 83.0, "direction": "N", "rainHour": 0.0, "pressure": 1004.5625}