{"windPeak": 4.480603669901409, "windAvg": 2.0400528000000007, "temp": 19.61111111111111, "humidity": 56.0, "direction": "N", "rainHour": 0.0, "pressure": 1002.875}