{"windPeak": 2.3070602445550827, "windAvg": 0.6106737, "temp": 24.277777777777782, "humidity": 76.0, "direction": "N", "rainHour": 0.0, "pressure": 1008.6875}