{"windPeak": 7.557086021509618, "windAvg": 2.8663637800000004, "temp": 18.722222222222225, "humidity": 81.0, "direction": "N", "rainHour": 0.0, "pressure": 998.0625}