{"windPeak": 5.646458744314576, "windAvg": 3.260505540000001, "temp": 18.61111111111111, "humidity": 87.0, "direction": "N", "rainHour": 0.0, "pressure": 997.0625}