{"windPeak": 3.6418863410682185, "windAvg": 0.39503654, "temp": 16.722222222222225, "humidity": 87.0, "direction": "N", "rainHour": 0.0, "pressure": 1003.1875}