{"windPeak": 0.05834887067601448, "windAvg": 0.0, "temp": 22.277777777777775, "humidity": 65.0, "direction": "N", "rainHour": 0.0, "pressure": 1010.5}