{"windPeak": 4.602632482277307, "windAvg": 1.1188973800000002, "temp": 23.11111111111111, "humidity": 82.0, "direction": "N", "rainHour": 0.0, "pressure": 1009.5625}