{"windPeak": 5.247537829202942, "windAvg": 3.4457208400000017, "temp": 34.5, "humidity": 37.0, "direction": "N", "rainHour": 0.0, "pressure": 1006.25}