{"windPeak": 1.794755165720462, "windAvg": 0.9600774800000005, "temp": 18.111111111111107, "humidity": 85.0, "direction": "N", "rainHour": 0.0, "pressure": 999.0}