{"windPeak": 4.46895040979471, "windAvg": 2.45253718, "temp": 21.77777777777778, "humidity": 58.0, "direction": "N", "rainHour": 0.0, "pressure": 1006.375}