{"windPeak": 0.13842642113812811, "windAvg": 0.0, "temp": 25.111111111111114, "humidity": 47.0, "direction": "N", "rainHour": 0.0, "pressure": 1004.6875}