{"windPeak": 1.1588464338051079e-17, "windAvg": 0.0, "temp": 21.72222222222222, "humidity": 67.0, "direction": "N", "rainHour": 0.0, "pressure": 1004.1875}