{"windPeak": 1.0018206782705071e-14, "windAvg": 0.0, "temp": 20.27777777777778, "humidity": 70.0, "direction": "N", "rainHour": 0.0, "pressure": 1010.0}