{"windPeak": 8.5038493157183e-15, "windAvg": 0.0, "temp": 20.72222222222222, "humidity": 85.0, "direction": "N", "rainHour": 0.0, "pressure": 1007.0625}