{"windPeak": 2.7703339067172275, "windAvg": 0.50688154, "temp": 24.388888888888893, "humidity": 74.0, "direction": "N", "rainHour": 0.0, "pressure": 1003.6875}