{"windPeak": 1.2633947614657696e-20, "windAvg": 0.0, "temp": 12.722222222222221, "humidity": 78.0, "direction": "N", "rainHour": 0.0, "pressure": 1003.6875}