{"windPeak": 6.2358368366232435, "windAvg": 4.145423280000002, "temp": 28.000000000000004, "humidity": 48.0, "direction": "N", "rainHour": 0.0, "pressure": 1002.5625}