{"windPeak": 4.53267163296793e-42, "windAvg": 0.0, "temp": 21.77777777777778, "humidity": 82.0, "direction": "N", "rainHour": 0.0, "pressure": 1004.6875}