{"windPeak": 1.2536556059262227, "windAvg": 0.10155526, "temp": 21.0, "humidity": 73.0, "direction": "N", "rainHour": 0.0, "pressure": 1009.5}