{"windPeak": 4.924061769020799, "windAvg": 2.859205600000001, "temp": 25.0, "humidity": 58.0, "direction": "N", "rainHour": 0.0, "pressure": 1002.75}