{"windPeak": 7.762225560016827, "windAvg": 4.577592400000003, "temp": 32.88888888888889, "humidity": 38.0, "direction": "N", "rainHour": 0.0, "pressure": 994.0625}