{"windPeak": 3.341262501707112, "windAvg": 0.27513870000000007, "temp": 26.72222222222222, "humidity": 50.0, "direction": "N", "rainHour": 0.0, "pressure": 1004.375}