{"windPeak": 2.0858558292849697e-47, "windAvg": 0.0, "temp": 29.388888888888893, "humidity": 67.0, "direction": "N", "rainHour": 0.0, "pressure": 1007.875}