{"windPeak": 1.6084309738285971, "windAvg": 0.02281638, "temp": 23.61111111111111, "humidity": 69.0, "direction": "N", "rainHour": 0.0, "pressure": 1008.25}