{"windPeak": 3.166411134759972, "windAvg": 2.2726904, "temp": 31.777777777777782, "humidity": 54.0, "direction": "N", "rainHour": 0.0, "pressure": 1006.25}