{"windPeak": 1.1064504154121522e-12, "windAvg": 0.0, "temp": 21.611111111111114, "humidity": 74.0, "direction": "N", "rainHour": 0.0, "pressure": 1009.0625}