{"windPeak": 3.2141108229019203e-28, "windAvg": 0.0, "temp": 10.88888888888889, "humidity": 85.0, "direction": "N", "rainHour": 0.0, "pressure": 1004.0625}