{"windPeak": 4.3630284370581975, "windAvg": 2.4784852, "temp": -40.0, "humidity": 0.0, "direction": "N", "rainHour": 0.0, "pressure": 1007.0}