{"windPeak": 1.2119351352468903, "windAvg": 0.111845, "temp": 12.888888888888891, "humidity": 85.0, "direction": "N", "rainHour": 0.0, "pressure": 1009.6875}