{"windPeak": 6.504308470760721, "windAvg": 3.1678979000000003, "temp": 20.500000000000004, "humidity": 57.0, "direction": "N", "rainHour": 0.0, "pressure": 1006.0}