{"windPeak": 9.917496504096632e-16, "windAvg": 0.0, "temp": 22.722222222222225, "humidity": 62.0, "direction": "N", "rainHour": 0.0, "pressure": 1003.875}