{"windPeak": 1.826825638387048, "windAvg": 0.7672567000000001, "temp": 22.722222222222225, "humidity": 78.0, "direction": "N", "rainHour": 0.0, "pressure": 1004.0}