{"windPeak": 1.0018784201993225, "windAvg": 0.09126552, "temp": 24.61111111111111, "humidity": 70.0, "direction": "N", "rainHour": 0.0, "pressure": 1005.0625}