{"windPeak": 0.0702120449384662, "windAvg": 0.0, "temp": 21.72222222222222, "humidity": 57.0, "direction": "N", "rainHour": 0.0, "pressure": 1006.75}