{"windPeak": 1.9604528755241153, "windAvg": 0.20087361999999997, "temp": 17.38888888888889, "humidity": 68.0, "direction": "N", "rainHour": 0.0, "pressure": 1007.5625}