{"windPeak": 4.087133813495096, "windAvg": 2.02126284, "temp": 36.77777777777778, "humidity": 47.0, "direction": "N", "rainHour": 0.0, "pressure": 1005.0625}