{"windPeak": 1.7849085112445553, "windAvg": 0.10960809999999999, "temp": 24.722222222222225, "humidity": 74.0, "direction": "N", "rainHour": 0.0, "pressure": 1008.75}