{"windPeak": 1.4646787824311563e-06, "windAvg": 0.0, "temp": 18.61111111111111, "humidity": 75.0, "direction": "N", "rainHour": 0.0, "pressure": 993.1875}