{"windPeak": 3.617602856854564e-47, "windAvg": 0.0, "temp": 23.61111111111111, "humidity": 61.0, "direction": "N", "rainHour": 0.0, "pressure": 1002.5}