{"windPeak": 0.9506138334748846, "windAvg": 0.18163627999999998, "temp": 20.888888888888886, "humidity": 71.0, "direction": "N", "rainHour": 0.0, "pressure": 1008.5}