{"windPeak": 0.361691198991278, "windAvg": 0.0, "temp": 23.277777777777782, "humidity": 77.0, "direction": "N", "rainHour": 0.0, "pressure": 1001.6875}