{"windPeak": 1.616720667098718e-42, "windAvg": 0.0, "temp": 14.27777777777778, "humidity": 86.0, "direction": "N", "rainHour": 0.0, "pressure": 1006.0}