{"windPeak": 0.028174609880493535, "windAvg": 0.0, "temp": 24.88888888888889, "humidity": 74.0, "direction": "N", "rainHour": 0.0, "pressure": 1005.5625}