{"windPeak": 2.170451049750394, "windAvg": 0.9462087000000003, "temp": 15.0, "humidity": 71.0, "direction": "N", "rainHour": 0.0, "pressure": 1003.75}