{"windPeak": 5.694549885898651e-12, "windAvg": 0.0, "temp": 30.72222222222222, "humidity": 58.0, "direction": "N", "rainHour": 0.0, "pressure": 1009.6875}