{"windPeak": 7.607908157623218, "windAvg": 2.9826825400000008, "temp": 28.388888888888886, "humidity": 35.0, "direction": "N", "rainHour": 0.0, "pressure": 1005.5625}