{"windPeak": 8.210171858256667e-24, "windAvg": 0.0, "temp": 15.888888888888891, "humidity": 80.0, "direction": "N", "rainHour": 0.0, "pressure": 1000.25}