{"windPeak": 0.0022959139145558405, "windAvg": 0.0, "temp": 25.72222222222222, "humidity": 56.0, "direction": "N", "rainHour": 0.0, "pressure": 1007.25}