{"windPeak": 6.828877399487068e-21, "windAvg": 0.0, "temp": 29.61111111111111, "humidity": 52.0, "direction": "N", "rainHour": 0.0, "pressure": 1009.5}