{"windPeak": 0.11322855894732564, "windAvg": 0.0, "temp": 25.27777777777778, "humidity": 67.0, "direction": "N", "rainHour": 0.0, "pressure": 1006.875}