{"windPeak": 0.0850898628527316, "windAvg": 0.0, "temp": 22.722222222222225, "humidity": 82.0, "direction": "N", "rainHour": 0.0, "pressure": 1002.5}