{"windPeak": 4.032264338727099, "windAvg": 1.2370056999999999, "temp": 22.77777777777778, "humidity": 79.0, "direction": "N", "rainHour": 0.0, "pressure": 1006.875}