{"windPeak": 3.448912065398169, "windAvg": 1.8602060399999996, "temp": 21.500000000000004, "humidity": 68.0, "direction": "N", "rainHour": 0.0, "pressure": 1009.375}