{"windPeak": 3.360467920592077e-51, "windAvg": 0.0, "temp": 31.72222222222222, "humidity": 61.0, "direction": "N", "rainHour": 0.0, "pressure": 1008.0625}