{"windPeak": 1.7557536581255813, "windAvg": 0.0, "temp": 25.777777777777782, "humidity": 79.0, "direction": "N", "rainHour": 0.0, "pressure": 988.5}