{"windPeak": 2.7033887939943733, "windAvg": 0.9761831600000002, "temp": 25.72222222222222, "humidity": 72.0, "direction": "N", "rainHour": 0.0, "pressure": 1006.0}