{"windPeak": 3.8914933422012854e-17, "windAvg": 0.0, "temp": 17.611111111111114, "humidity": 67.0, "direction": "N", "rainHour": 0.0, "pressure": 1006.0625}