{"windPeak": 2.477196714963301e-26, "windAvg": 0.0, "temp": 17.611111111111114, "humidity": 68.0, "direction": "N", "rainHour": 0.0, "pressure": 1006.25}