{"windPeak": 7.143221755911071, "windAvg": 3.1884773399999995, "temp": 19.388888888888893, "humidity": 75.0, "direction": "N", "rainHour": 0.0, "pressure": 1006.875}