{"windPeak": 5.630780243248596, "windAvg": 2.9929722400000007, "temp": 31.500000000000004, "humidity": 54.0, "direction": "N", "rainHour": 0.0, "pressure": 1007.1875}