{"windPeak": 2.8688337871928167, "windAvg": 0.9726041200000002, "temp": 20.888888888888886, "humidity": 61.0, "direction": "N", "rainHour": 0.0, "pressure": 996.1875}