{"windPeak": 5.66940200442092, "windAvg": 2.7357287199999996, "temp": 31.0, "humidity": 43.0, "direction": "N", "rainHour": 0.0, "pressure": 1007.25}