{"windPeak": 3.6827131918687286, "windAvg": 2.28879608, "temp": 31.111111111111114, "humidity": 56.0, "direction": "N", "rainHour": 0.0, "pressure": 1011.6875}