{"windPeak": 3.995813114081519, "windAvg": 2.0682377399999994, "temp": 22.888888888888893, "humidity": 68.0, "direction": "N", "rainHour": 0.0, "pressure": 990.75}