{"windPeak": 9.002299527922012e-45, "windAvg": 0.0, "temp": 22.22222222222222, "humidity": 81.0, "direction": "N", "rainHour": 0.0, "pressure": 1002.875}