{"windPeak": 5.510164961474135, "windAvg": 2.5505133800000004, "temp": 25.27777777777778, "humidity": 43.0, "direction": "N", "rainHour": 0.0, "pressure": 1004.0}