{"windPeak": 5.225716460224764, "windAvg": 2.8077569200000005, "temp": 29.88888888888889, "humidity": 40.0, "direction": "N", "rainHour": 0.0, "pressure": 1007.875}