{"windPeak": 4.513370244169947, "windAvg": 1.0504482400000001, "temp": 15.611111111111112, "humidity": 74.0, "direction": "N", "rainHour": 0.0, "pressure": 1003.75}