{"windPeak": 0.00015412463751239346, "windAvg": 0.0, "temp": 28.388888888888886, "humidity": 69.0, "direction": "N", "rainHour": 0.0, "pressure": 1002.0625}