{"windPeak": 2.6645412219918674, "windAvg": 1.4942491999999996, "temp": 28.11111111111111, "humidity": 63.0, "direction": "N", "rainHour": 0.0, "pressure": 1007.75}