{"windPeak": 2.925567086352756, "windAvg": 1.5470400399999997, "temp": 19.72222222222222, "humidity": 63.0, "direction": "N", "rainHour": 0.0, "pressure": 1000.6875}