{"windPeak": 1.5466484338356135, "windAvg": 0.10155526, "temp": 21.27777777777778, "humidity": 56.0, "direction": "N", "rainHour": 0.0, "pressure": 1006.5625}