{"windPeak": 2.491280896264876e-10, "windAvg": 0.0, "temp": 21.77777777777778, "humidity": 69.0, "direction": "N", "rainHour": 0.0, "pressure": 1004.5}