{"windPeak": 5.39699074669661, "windAvg": 2.9003645799999993, "temp": 28.388888888888886, "humidity": 32.0, "direction": "N", "rainHour": 0.0, "pressure": 1006.0625}