{"windPeak": 3.0764236105899, "windAvg": 0.9202606600000002, "temp": 22.888888888888893, "humidity": 80.0, "direction": "N", "rainHour": 0.0, "pressure": 1004.0}