{"windPeak": 7.124196491867159e-34, "windAvg": 0.0, "temp": 16.27777777777778, "humidity": 82.0, "direction": "N", "rainHour": 0.0, "pressure": 995.0625}