{"windPeak": 3.237719719181076, "windAvg": 1.6262263, "temp": 23.61111111111111, "humidity": 79.0, "direction": "N", "rainHour": 0.0, "pressure": 1003.0625}