{"windPeak": 5.148789256420288, "windAvg": 2.9415235599999994, "temp": 27.722222222222225, "humidity": 44.0, "direction": "N", "rainHour": 0.0, "pressure": 1008.375}