{"windPeak": 7.153911959177791e-29, "windAvg": 0.0, "temp": 16.11111111111111, "humidity": 78.0, "direction": "N", "rainHour": 0.0, "pressure": 1005.375}