{"windPeak": 1.3794133501238954, "windAvg": 0.09126552, "temp": 16.27777777777778, "humidity": 87.0, "direction": "N", "rainHour": 0.0, "pressure": 1010.1875}