{"windPeak": 2.6046899612620962e-17, "windAvg": 0.0, "temp": 26.222222222222225, "humidity": 67.0, "direction": "N", "rainHour": 0.0, "pressure": 1010.375}