{"windPeak": 1.8787748814904437, "windAvg": 0.12437163999999999, "temp": 27.5, "humidity": 73.0, "direction": "N", "rainHour": 0.0, "pressure": 1003.0625}