{"windPeak": 7.993477539219146, "windAvg": 3.6412259200000006, "temp": 33.277777777777786, "humidity": 36.0, "direction": "N", "rainHour": 0.0, "pressure": 994.875}