{"windPeak": 3.1552910372499263, "windAvg": 2.03378948, "temp": 25.388888888888893, "humidity": 74.0, "direction": "N", "rainHour": 0.0, "pressure": 1000.75}