{"windPeak": 3.2786576200663298, "windAvg": 1.8919700199999994, "temp": 18.88888888888889, "humidity": 83.0, "direction": "N", "rainHour": 0.0, "pressure": 1003.0}