{"windPeak": 5.707397701855074, "windAvg": 2.15637164, "temp": 26.500000000000004, "humidity": 55.0, "direction": "N", "rainHour": 0.0, "pressure": 1009.0625}