{"windPeak": 1.4682526371827514e-15, "windAvg": 0.0, "temp": 20.611111111111107, "humidity": 85.0, "direction": "N", "rainHour": 0.0, "pressure": 1007.1875}