{"windPeak": 1.5407540565632543e-11, "windAvg": 0.0, "temp": 17.72222222222222, "humidity": 75.0, "direction": "N", "rainHour": 0.0, "pressure": 1004.25}