{"windPeak": 3.6240201077617404e-10, "windAvg": 0.0, "temp": 23.000000000000004, "humidity": 65.0, "direction": "N", "rainHour": 0.0, "pressure": 1007.6875}