{"windPeak": 5.388983195174767, "windAvg": 2.5952513799999997, "temp": 25.222222222222225, "humidity": 37.0, "direction": "N", "rainHour": 0.0, "pressure": 1010.5}