{"windPeak": 6.244607506309694e-26, "windAvg": 0.0, "temp": 10.88888888888889, "humidity": 85.0, "direction": "N", "rainHour": 0.0, "pressure": 1004.0625}