{"windPeak": 4.219787255435592, "windAvg": 2.241821179999999, "temp": 31.500000000000004, "humidity": 61.0, "direction": "N", "rainHour": 0.0, "pressure": 1001.1875}