{"windPeak": 1.0083337540155852e-25, "windAvg": 0.0, "temp": 22.77777777777778, "humidity": 73.0, "direction": "N", "rainHour": 0.0, "pressure": 1012.1875}