{"windPeak": 1.4151677044915518, "windAvg": 0.3856415600000001, "temp": 20.500000000000004, "humidity": 75.0, "direction": "N", "rainHour": 0.0, "pressure": 1009.1875}