{"windPeak": 1.8672525376474012e-06, "windAvg": 0.0, "temp": 19.111111111111114, "humidity": 58.0, "direction": "N", "rainHour": 0.0, "pressure": 1006.875}