{"windPeak": 1.9874129122502804, "windAvg": 0.30242888, "temp": 31.111111111111114, "humidity": 46.0, "direction": "N", "rainHour": 0.0, "pressure": 1008.75}