{"windPeak": 1.0062733971233035, "windAvg": 0.16553060000000003, "temp": 18.61111111111111, "humidity": 60.0, "direction": "N", "rainHour": 0.0, "pressure": 1007.5625}