{"windPeak": 5.510545510714416e-05, "windAvg": 0.0, "temp": 21.11111111111111, "humidity": 61.0, "direction": "N", "rainHour": 0.0, "pressure": 1006.0625}