{"windPeak": 8.146422168247028, "windAvg": 3.908759160000002, "temp": 16.38888888888889, "humidity": 79.0, "direction": "N", "rainHour": 0.0, "pressure": 1000.25}