{"windPeak": 4.073425656413643, "windAvg": 2.4064570199999995, "temp": 33.5, "humidity": 54.0, "direction": "N", "rainHour": 0.0, "pressure": 1005.375}