{"windPeak": 2.985740753185211, "windAvg": 1.5108022600000002, "temp": 25.500000000000004, "humidity": 67.0, "direction": "N", "rainHour": 0.0, "pressure": 1006.375}