{"windPeak": 4.427062190609712e-08, "windAvg": 0.0, "temp": 22.722222222222225, "humidity": 65.0, "direction": "N", "rainHour": 0.0, "pressure": 997.5}