{"windPeak": 1.2607490048942587, "windAvg": 0.50240774, "temp": 29.777777777777775, "humidity": 64.0, "direction": "N", "rainHour": 0.0, "pressure": 1002.5625}