{"windPeak": 6.057401190484382, "windAvg": 3.5074593000000016, "temp": 26.72222222222222, "humidity": 52.0, "direction": "N", "rainHour": 0.0, "pressure": 1002.375}