{"windPeak": 3.1985099393799383, "windAvg": 1.8257577799999998, "temp": 21.611111111111114, "humidity": 74.0, "direction": "N", "rainHour": 0.0, "pressure": 1010.5}