{"windPeak": 1.3899138760693415e-26, "windAvg": 0.0, "temp": 16.38888888888889, "humidity": 79.0, "direction": "N", "rainHour": 0.0, "pressure": 1005.25}