{"windPeak": 3.2472173274944383, "windAvg": 0.7489141199999999, "temp": 7.222222222222222, "humidity": 81.0, "direction": "N", "rainHour": 0.0, "pressure": 1005.0625}