{"windPeak": 0.9553783649415296, "windAvg": 0.04563276, "temp": 17.72222222222222, "humidity": 86.0, "direction": "N", "rainHour": 0.0, "pressure": 1002.875}