{"windPeak": 2.7442156696763313, "windAvg": 0.8643381600000001, "temp": 21.888888888888893, "humidity": 59.0, "direction": "N", "rainHour": 0.0, "pressure": 1005.0625}