{"windPeak": 11.756941490054857, "windAvg": 2.9119962399999997, "temp": 27.38888888888889, "humidity": 62.0, "direction": "N", "rainHour": 0.0, "pressure": 1006.25}