{"windPeak": 2.1753630207948333, "windAvg": 0.52388198, "temp": 20.111111111111114, "humidity": 63.0, "direction": "N", "rainHour": 0.0, "pressure": 1004.375}