{"windPeak": 5.088714308107877e-30, "windAvg": 0.0, "temp": 20.777777777777782, "humidity": 70.0, "direction": "N", "rainHour": 0.0, "pressure": 1003.75}