{"windPeak": 5.53444707194207, "windAvg": 3.4354310600000018, "temp": 27.722222222222225, "humidity": 52.0, "direction": "N", "rainHour": 0.0, "pressure": 1002.5625}