{"windPeak": 4.58182492819033, "windAvg": 2.1438449999999993, "temp": 15.111111111111112, "humidity": 79.0, "direction": "N", "rainHour": 0.0, "pressure": 1006.5}