{"windPeak": 0.5450988948096069, "windAvg": 0.0, "temp": 22.38888888888889, "humidity": 59.0, "direction": "N", "rainHour": 0.0, "pressure": 1007.875}