{"windPeak": 5.477308530336997e-10, "windAvg": 0.0, "temp": 19.72222222222222, "humidity": 60.0, "direction": "N", "rainHour": 0.0, "pressure": 1003.0}