{"windPeak": 0.0028698999026067207, "windAvg": 0.0, "temp": 22.722222222222225, "humidity": 73.0, "direction": "N", "rainHour": 0.0, "pressure": 990.875}