{"windPeak": 4.898388799834137, "windAvg": 3.0341311800000015, "temp": 24.88888888888889, "humidity": 58.0, "direction": "N", "rainHour": 0.0, "pressure": 1002.5625}