{"windPeak": 3.9685261145730983, "windAvg": 2.1299761799999994, "temp": 24.111111111111114, "humidity": 75.0, "direction": "N", "rainHour": 0.0, "pressure": 1007.0}