{"windPeak": 2.2918039405068136, "windAvg": 0.02281638, "temp": 22.11111111111111, "humidity": 53.0, "direction": "N", "rainHour": 0.0, "pressure": 1006.5625}