{"windPeak": 1.2972311742236967e-18, "windAvg": 0.0, "temp": 21.72222222222222, "humidity": 72.0, "direction": "N", "rainHour": 0.0, "pressure": 1006.25}