{"windPeak": 5.1838238060294275, "windAvg": 2.7151492200000003, "temp": 25.27777777777778, "humidity": 58.0, "direction": "N", "rainHour": 0.0, "pressure": 1002.5}