{"windPeak": 4.3800690728200475, "windAvg": 2.1116335999999998, "temp": 18.88888888888889, "humidity": 87.0, "direction": "N", "rainHour": 0.0, "pressure": 996.0625}