{"windPeak": 6.0364655193029965e-15, "windAvg": 0.0, "temp": 20.500000000000004, "humidity": 74.0, "direction": "N", "rainHour": 0.0, "pressure": 998.1875}