{"windPeak": 3.203283655329518, "windAvg": 2.2315314399999995, "temp": 26.72222222222222, "humidity": 56.0, "direction": "N", "rainHour": 0.0, "pressure": 1008.0}