{"windPeak": 4.966493930168349e-44, "windAvg": 0.0, "temp": 20.72222222222222, "humidity": 70.0, "direction": "N", "rainHour": 0.0, "pressure": 1013.0}