{"windPeak": 4.367833162033054, "windAvg": 2.3138493799999993, "temp": 29.777777777777775, "humidity": 61.0, "direction": "N", "rainHour": 0.0, "pressure": 1007.0}