{"windPeak": 2.7056468349578258, "windAvg": 1.72867632, "temp": 21.38888888888889, "humidity": 79.0, "direction": "N", "rainHour": 0.0, "pressure": 1006.5}