{"windPeak": 1.372622432377942e-41, "windAvg": 0.0, "temp": 27.277777777777775, "humidity": 69.0, "direction": "N", "rainHour": 0.0, "pressure": 1006.1875}