{"windPeak": 3.3545448917957477, "windAvg": 0.7502562599999999, "temp": 31.611111111111114, "humidity": 51.0, "direction": "N", "rainHour": 0.0, "pressure": 1011.75}