{"windPeak": 2.9475280137066786, "windAvg": 1.7344922599999995, "temp": 21.72222222222222, "humidity": 77.0, "direction": "N", "rainHour": 0.0, "pressure": 1006.5}