{"windPeak": 7.7514936179706675, "windAvg": 4.238031000000002, "temp": 33.22222222222222, "humidity": 37.0, "direction": "N", "rainHour": 0.0, "pressure": 994.375}