{"windPeak": 2.565465143468962, "windAvg": 0.7180449, "temp": 22.11111111111111, "humidity": 75.0, "direction": "N", "rainHour": 0.0, "pressure": 1007.6875}