{"windPeak": 1.2055290783114568e-42, "windAvg": 0.0, "temp": 25.388888888888893, "humidity": 62.0, "direction": "N", "rainHour": 0.0, "pressure": 1003.375}