{"windPeak": 5.366053942301048, "windAvg": 2.70262262, "temp": 20.388888888888893, "humidity": 73.0, "direction": "N", "rainHour": 0.0, "pressure": 1000.5625}