{"windPeak": 2.431902263871131, "windAvg": 0.8298899000000003, "temp": 21.27777777777778, "humidity": 70.0, "direction": "N", "rainHour": 0.0, "pressure": 1008.25}