{"windPeak": 9.538884202752692e-06, "windAvg": 0.0, "temp": 31.500000000000004, "humidity": 44.0, "direction": "N", "rainHour": 0.0, "pressure": 1012.875}