{"windPeak": 4.417998628815844, "windAvg": 2.1366868999999995, "temp": 27.11111111111111, "humidity": 75.0, "direction": "N", "rainHour": 0.0, "pressure": 1008.1875}