{"windPeak": 5.876940690991203, "windAvg": 3.600067, "temp": 25.111111111111114, "humidity": 38.0, "direction": "N", "rainHour": 0.0, "pressure": 1006.75}