{"windPeak": 2.7550877491549834, "windAvg": 0.8527062800000001, "temp": 18.722222222222225, "humidity": 66.0, "direction": "N", "rainHour": 0.0, "pressure": 1007.6875}