{"windPeak": 7.571729455331724e-09, "windAvg": 0.0, "temp": 22.722222222222225, "humidity": 74.0, "direction": "N", "rainHour": 0.0, "pressure": 1009.0625}