{"windPeak": 4.406642088526919, "windAvg": 2.879785080000001, "temp": 27.277777777777775, "humidity": 56.0, "direction": "N", "rainHour": 0.0, "pressure": 991.25}