{"windPeak": 2.130534008044577, "windAvg": 0.47019638, "temp": 21.38888888888889, "humidity": 66.0, "direction": "N", "rainHour": 0.0, "pressure": 1009.25}