{"windPeak": 1.5060475228412936e-41, "windAvg": 0.0, "temp": 23.11111111111111, "humidity": 77.0, "direction": "N", "rainHour": 0.0, "pressure": 1008.0}