{"windPeak": 5.268162680909386, "windAvg": 2.6739902600000005, "temp": 25.777777777777782, "humidity": 50.0, "direction": "N", "rainHour": 0.0, "pressure": 999.1875}