{"windPeak": 4.5662828118672865, "windAvg": 2.6019620799999994, "temp": 25.777777777777782, "humidity": 55.0, "direction": "N", "rainHour": 0.0, "pressure": 1002.75}