{"windPeak": 9.068434098019004e-25, "windAvg": 0.0, "temp": 26.222222222222225, "humidity": 66.0, "direction": "N", "rainHour": 0.0, "pressure": 1011.25}