{"windPeak": 4.2770638031444184e-27, "windAvg": 0.0, "temp": 17.11111111111111, "humidity": 68.0, "direction": "N", "rainHour": 0.0, "pressure": 1006.25}