{"windPeak": 3.7774073795581544, "windAvg": 2.1080545599999994, "temp": 28.5, "humidity": 55.0, "direction": "N", "rainHour": 0.0, "pressure": 1012.0625}