{"windPeak": 1.3877827118485944, "windAvg": 0.02281638, "temp": 16.61111111111111, "humidity": 67.0, "direction": "N", "rainHour": 0.0, "pressure": 1007.5