{"windPeak": 4.0280531451056083e-45, "windAvg": 0.0, "temp": 21.500000000000004, "humidity": 84.0, "direction": "N", "rainHour": 0.0, "pressure": 1004.5}