{"windPeak": 2.04711519886579, "windAvg": 0.25455922000000003, "temp": 24.61111111111111, "humidity": 79.0, "direction": "N", "rainHour": 0.0, "pressure": 1001.5}