{"windPeak": 4.198976434369028, "windAvg": 2.54380268, "temp": 30.388888888888893, "humidity": 58.0, "direction": "N", "rainHour": 0.0, "pressure": 1011.75}