{"windPeak": 5.688389682429231, "windAvg": 3.1576081000000005, "temp": 22.38888888888889, "humidity": 58.0, "direction": "N", "rainHour": 0.0, "pressure": 997.875}