{"windPeak": 4.7257120641456005, "windAvg": 2.4579057399999993, "temp": 21.222222222222225, "humidity": 78.0, "direction": "N", "rainHour": 0.0, "pressure": 992.5625}