{"windPeak": 8.737467417725936e-16, "windAvg": 0.0, "temp": 27.277777777777775, "humidity": 66.0, "direction": "N", "rainHour": 0.0, "pressure": 1010.1875}