{"windPeak": 6.899462717108192, "windAvg": 2.27850634, "temp": 23.61111111111111, "humidity": 69.0, "direction": "N", "rainHour": 0.0, "pressure": 1001.75}