{"windPeak": 4.896258525678869, "windAvg": 0.62588464, "temp": 19.88888888888889, "humidity": 81.0, "direction": "N", "rainHour": 0.0, "pressure": 998.0625}