{"windPeak": 0.6305003275725736, "windAvg": 0.02281638, "temp": 25.500000000000004, "humidity": 52.0, "direction": "N", "rainHour": 0.0, "pressure": 1004.5625}