{"windPeak": 4.4333486037367384, "windAvg": 1.8351527599999997, "temp": 27.611111111111114, "humidity": 46.0, "direction": "N", "rainHour": 0.0, "pressure": 1009.0625}