{"windPeak": 0.1888212204008162, "windAvg": 0.0, "temp": 35.61111111111111, "humidity": 55.0, "direction": "N", "rainHour": 0.0, "pressure": 1000.6875}