{"windPeak": 4.69635496992196, "windAvg": 1.9232866399999995, "temp": 25.0, "humidity": 50.0, "direction": "N", "rainHour": 0.0, "pressure": 999.75}