{"windPeak": 3.3008250041871956, "windAvg": 0.96052486, "temp": 25.0, "humidity": 74.0, "direction": "N", "rainHour": 0.0, "pressure": 989.5625}