{"windPeak": 2.0729043588518223, "windAvg": 0.6106736999999999, "temp": 17.5, "humidity": 64.0, "direction": "N", "rainHour": 0.0, "pressure": 1006.5625}