{"windPeak": 3.6468487512762793, "windAvg": 2.4064570199999995, "temp": 32.5, "humidity": 57.0, "direction": "N", "rainHour": 0.0, "pressure": 1000.0625}