{"windPeak": 4.336870723564552, "windAvg": 1.7085442200000003, "temp": 31.27777777777778, "humidity": 33.0, "direction": "N", "rainHour": 0.0, "pressure": 1009.5625}