{"windPeak": 5.582449574522412, "windAvg": 2.85920562, "temp": 30.27777777777778, "humidity": 38.0, "direction": "N", "rainHour": 0.0, "pressure": 1009.6875}