{"windPeak": 0.009587673144425522, "windAvg": 0.0, "temp": 23.722222222222225, "humidity": 68.0, "direction": "N", "rainHour": 0.0, "pressure": 1008.875}