{"windPeak": 5.432673558312851, "windAvg": 2.95181328, "temp": 27.5, "humidity": 42.0, "direction": "N", "rainHour": 0.0, "pressure": 1005.0}