{"windPeak": 2.2587378597780047e-06, "windAvg": 0.0, "temp": 25.888888888888886, "humidity": 65.0, "direction": "N", "rainHour": 0.0, "pressure": 1003.25}