{"windPeak": 5.692679651692085, "windAvg": 2.2006622199999994, "temp": 33.88888888888889, "humidity": 55.0, "direction": "N", "rainHour": 0.0, "pressure": 1005.375}