{"windPeak": 4.05414536678434, "windAvg": 1.7599929200000002, "temp": 19.388888888888893, "humidity": 66.0, "direction": "N", "rainHour": 0.0, "pressure": 1006.0625}