{"windPeak": 8.199324857217624, "windAvg": 3.029657419999999, "temp": 27.222222222222225, "humidity": 36.0, "direction": "N", "rainHour": 0.0, "pressure": 997.875}