{"windPeak": 4.51829552694968, "windAvg": 1.52467104, "temp": 19.72222222222222, "humidity": 66.0, "direction": "N", "rainHour": 0.0, "pressure": 1010.6875}