{"windPeak": 2.8061320397329856, "windAvg": 0.4236688599999999, "temp": 24.88888888888889, "humidity": 75.0, "direction": "N", "rainHour": 0.0, "pressure": 1000.75}