{"windPeak": 1.6660170515708073e-42, "windAvg": 0.0, "temp": 20.388888888888893, "humidity": 72.0, "direction": "N", "rainHour": 0.0, "pressure": 1012.875}