{"windPeak": 5.6587089650194935, "windAvg": 3.167897860000001, "temp": 26.777777777777782, "humidity": 51.0, "direction": "N", "rainHour": 0.0, "pressure": 1003.0625}