{"windPeak": 4.335871581312811, "windAvg": 0.5927785, "temp": 30.72222222222222, "humidity": 42.0, "direction": "N", "rainHour": 0.0, "pressure": 996.5625}