{"windPeak": 1.9979551811060006, "windAvg": 0.40174723999999995, "temp": 34.38888888888889, "humidity": 52.0, "direction": "N", "rainHour": 0.0, "pressure": 1005.375}