{"windPeak": 4.366214203341699e-11, "windAvg": 0.0, "temp": 28.11111111111111, "humidity": 65.0, "direction": "N", "rainHour": 0.0, "pressure": 1007.1875}