{"windPeak": 11.300260151931296, "windAvg": 5.3801922200000005, "temp": 20.72222222222222, "humidity": 47.0, "direction": "N", "rainHour": 0.0, "pressure": 998.5625}