{"windPeak": 5.657307116676361, "windAvg": 3.0135517200000006, "temp": 32.611111111111114, "humidity": 28.0, "direction": "N", "rainHour": 0.0, "pressure": 1005.0}