{"windPeak": 3.8133187937210407e-16, "windAvg": 0.0, "temp": 23.388888888888886, "humidity": 74.0, "direction": "N", "rainHour": 0.0, "pressure": 1004.25}