{"windPeak": 2.564843949864188e-07, "windAvg": 0.0, "temp": 25.388888888888893, "humidity": 72.0, "direction": "N", "rainHour": 0.0, "pressure": 1005.75}