{"windPeak": 1.7830599772593463, "windAvg": 0.6200686799999999, "temp": 27.277777777777775, "humidity": 62.0, "direction": "N", "rainHour": 0.0, "pressure": 1007.6875}