{"windPeak": 2.43669588476588, "windAvg": 0.09126552, "temp": 21.11111111111111, "humidity": 84.0, "direction": "N", "rainHour": 0.0, "pressure": 989.75}