{"windPeak": 3.2223446009425465, "windAvg": 1.1108445400000002, "temp": 31.500000000000004, "humidity": 42.0, "direction": "N", "rainHour": 0.0, "pressure": 1002.5}