{"windPeak": 5.374255096129864, "windAvg": 3.5544341200000007, "temp": 17.77777777777778, "humidity": 85.0, "direction": "N", "rainHour": 0.0, "pressure": 998.5625}