{"windPeak": 6.9132520924586895, "windAvg": 2.9826824800000007, "temp": 21.77777777777778, "humidity": 59.0, "direction": "N", "rainHour": 0.0, "pressure": 1002.6875}