{"windPeak": 0.0140200759030442, "windAvg": 0.0, "temp": 29.777777777777775, "humidity": 54.0, "direction": "N", "rainHour": 0.0, "pressure": 1003.0625}