{"windPeak": 4.664766518414619, "windAvg": 2.4373262799999997, "temp": 23.277777777777782, "humidity": 87.0, "direction": "N", "rainHour": 0.0, "pressure": 993.5625}