{"windPeak": 0.3975830541195543, "windAvg": 0.0, "temp": 21.38888888888889, "humidity": 56.0, "direction": "N", "rainHour": 0.0, "pressure": 1004.6875}