{"windPeak": 4.0850787191160025, "windAvg": 1.7689405399999993, "temp": 27.222222222222225, "humidity": 53.0, "direction": "N", "rainHour": 0.0, "pressure": 1007.5625}