{"windPeak": 3.8520237949580007, "windAvg": 1.9948674199999992, "temp": 18.277777777777782, "humidity": 77.0, "direction": "N", "rainHour": 0.0, "pressure": 1007.75}