{"windPeak": 2.597506590280243, "windAvg": 0.48853895999999997, "temp": 21.611111111111114, "humidity": 65.0, "direction": "N", "rainHour": 0.0, "pressure": 1009.1875}