{"windPeak": 8.83135302362521e-56, "windAvg": 0.0, "temp": 16.500000000000004, "humidity": 80.0, "direction": "N", "rainHour": 0.0, "pressure": 1005.0625}