{"windPeak": 0.011778335563441347, "windAvg": 0.0, "temp": 23.61111111111111, "humidity": 77.0, "direction": "N", "rainHour": 0.0, "pressure": 1006.75}