{"windPeak": 5.6798116279520826e-11, "windAvg": 0.0, "temp": 21.999999999999996, "humidity": 74.0, "direction": "N", "rainHour": 0.0, "pressure": 1010.25}