{"windPeak": 0.3192286581944353, "windAvg": 0.0, "temp": 20.111111111111114, "humidity": 84.0, "direction": "N", "rainHour": 0.0, "pressure": 990.0}