{"windPeak": 1.560916363942316e-26, "windAvg": 0.0, "temp": 20.777777777777782, "humidity": 79.0, "direction": "N", "rainHour": 0.0, "pressure": 1004.75}