{"windPeak": 8.068590618484079e-18, "windAvg": 0.0, "temp": 25.388888888888893, "humidity": 67.0, "direction": "N", "rainHour": 0.0, "pressure": 1009.6875}