{"windPeak": 3.1977542254393994, "windAvg": 2.033789479999999, "temp": 32.88888888888889, "humidity": 53.0, "direction": "N", "rainHour": 0.0, "pressure": 1006.1875}