{"windPeak": 1.700680373449546e-06, "windAvg": 0.0, "temp": 24.499999999999996, "humidity": 63.0, "direction": "N", "rainHour": 0.0, "pressure": 1002.5}