{"windPeak": 6.617247008138825, "windAvg": 4.33063858, "temp": 25.388888888888893, "humidity": 55.0, "direction": "N", "rainHour": 0.0, "pressure": 992.75}