{"windPeak": 7.513835707692241e-12, "windAvg": 0.0, "temp": 20.777777777777782, "humidity": 74.0, "direction": "N", "rainHour": 0.0, "pressure": 1005.5625}