{"windPeak": 7.560675370093133e-15, "windAvg": 0.0, "temp": 19.22222222222222, "humidity": 64.0, "direction": "N", "rainHour": 0.0, "pressure": 1006.0625}