{"windPeak": 6.141134135120881, "windAvg": 3.209056820000001, "temp": 20.388888888888893, "humidity": 73.0, "direction": "N", "rainHour": 0.0, "pressure": 999.1875}