{"windPeak": 6.057739845988916, "windAvg": 2.1554768999999996, "temp": 17.27777777777778, "humidity": 87.0, "direction": "N", "rainHour": 0.0, "pressure": 998.5625}