{"windPeak": 1.3278929306132296e-22, "windAvg": 0.0, "temp": 21.38888888888889, "humidity": 83.0, "direction": "N", "rainHour": 0.0, "pressure": 1004.5}