{"windPeak": 2.7487122384021223, "windAvg": 0.46124878, "temp": 24.22222222222222, "humidity": 63.0, "direction": "N", "rainHour": 0.0, "pressure": 1009.1875}