{"windPeak": 6.2897421232699, "windAvg": 3.3839823400000024, "temp": 28.000000000000004, "humidity": 41.0, "direction": "N", "rainHour": 0.0, "pressure": 1006.875}