{"windPeak": 2.9368369465915882, "windAvg": 0.9269713600000002, "temp": 18.000000000000004, "humidity": 86.0, "direction": "N", "rainHour": 0.0, "pressure": 998.75}