{"windPeak": 0.22992545728447236, "windAvg": 0.0, "temp": 32.388888888888886, "humidity": 42.0, "direction": "N", "rainHour": 0.0, "pressure": 1008.1875}