{"windPeak": 2.267832227144489e-52, "windAvg": 0.0, "temp": 21.500000000000004, "humidity": 68.0, "direction": "N", "rainHour": 0.0, "pressure": 1007.5}