{"windPeak": 1.6288521760131789, "windAvg": 0.06621223999999999, "temp": 21.888888888888893, "humidity": 54.0, "direction": "N", "rainHour": 0.0, "pressure": 1004.5625}