{"windPeak": 1.7995055532608208e-16, "windAvg": 0.0, "temp": 19.88888888888889, "humidity": 75.0, "direction": "N", "rainHour": 0.0, "pressure": 998.1875}