{"windPeak": 4.132514339613951, "windAvg": 2.5093544199999998, "temp": 32.388888888888886, "humidity": 60.0, "direction": "N", "rainHour": 0.0, "pressure": 1000.75}