{"windPeak": 3.3930692710606696e-49, "windAvg": 0.0, "temp": 31.111111111111114, "humidity": 58.0, "direction": "N", "rainHour": 0.0, "pressure": 1006.0625}