{"windPeak": 3.884207005201619, "windAvg": 2.44761598, "temp": 31.777777777777782, "humidity": 30.0, "direction": "N", "rainHour": 0.0, "pressure": 1007.0625}