{"windPeak": 7.250395411005234, "windAvg": 3.3531132000000015, "temp": 32.88888888888889, "humidity": 41.0, "direction": "N", "rainHour": 0.0, "pressure": 1007.5625}