{"windPeak": 3.7029203439356566, "windAvg": 1.9411818200000002, "temp": 37.0, "humidity": 38.0, "direction": "N", "rainHour": 0.0, "pressure": 1003.1875}