{"windPeak": 9.426740739238012, "windAvg": 4.845125760000002, "temp": 27.38888888888889, "humidity": 46.0, "direction": "N", "rainHour": 0.0, "pressure": 992.875}