{"windPeak": 6.365447237568539e-05, "windAvg": 0.0, "temp": 23.277777777777782, "humidity": 78.0, "direction": "N", "rainHour": 0.0, "pressure": 1006.875}