{"windPeak": 0.04960664163242653, "windAvg": 0.0, "temp": 19.72222222222222, "humidity": 80.0, "direction": "N", "rainHour": 0.0, "pressure": 1006.875}