{"windPeak": 1.3001105050087918, "windAvg": 0.10155526, "temp": 18.77777777777778, "humidity": 72.0, "direction": "N", "rainHour": 0.0, "pressure": 1005.0}