{"windPeak": 4.2719533475827157e-17, "windAvg": 0.0, "temp": 22.11111111111111, "humidity": 72.0, "direction": "N", "rainHour": 0.0, "pressure": 1010.375}