{"windPeak": 3.7520189617467535e-08, "windAvg": 0.0, "temp": 23.277777777777782, "humidity": 82.0, "direction": "N", "rainHour": 0.0, "pressure": 1003.875}