{"windPeak": 3.7011904384776892, "windAvg": 2.35277142, "temp": 36.77777777777778, "humidity": 34.0, "direction": "N", "rainHour": 0.0, "pressure": 1007.5}