{"windPeak": 8.483150206100384e-06, "windAvg": 0.0, "temp": 18.61111111111111, "humidity": 76.0, "direction": "N", "rainHour": 0.0, "pressure": 993.375}