{"windPeak": 2.1918673671562954, "windAvg": 1.4530902399999996, "temp": 15.277777777777779, "humidity": 68.0, "direction": "N", "rainHour": 0.0, "pressure": 1003.375}