{"windPeak": 4.54670565672828, "windAvg": 0.8473377400000001, "temp": 24.277777777777782, "humidity": 82.0, "direction": "N", "rainHour": 0.0, "pressure": 1001.875}