{"windPeak": 4.498804984865851, "windAvg": 1.41461558, "temp": 31.888888888888893, "humidity": 54.0, "direction": "N", "rainHour": 0.0, "pressure": 1004.75}