{"windPeak": 1.1924436279353794, "windAvg": 0.0, "temp": 29.111111111111114, "humidity": 61.0, "direction": "N", "rainHour": 0.0, "pressure": 1007.6875}