{"windPeak": 7.960568788066899, "windAvg": 2.949576479999999, "temp": 13.88888888888889, "humidity": 87.0, "direction": "N", "rainHour": 0.0, "pressure": 1003.6875}