{"windPeak": 1.2021656256011723e-36, "windAvg": 0.0, "temp": 15.777777777777779, "humidity": 80.0, "direction": "N", "rainHour": 0.0, "pressure": 1001.75}