{"windPeak": 2.2961360871848522e-14, "windAvg": 0.0, "temp": 24.777777777777775, "humidity": 80.0, "direction": "N", "rainHour": 0.0, "pressure": 1001.0}