{"windPeak": 7.112098017748519, "windAvg": 2.6203046999999993, "temp": 19.111111111111114, "humidity": 68.0, "direction": "N", "rainHour": 0.0, "pressure": 1003.1875}