{"windPeak": 3.378803788837071, "windAvg": 1.5152760599999993, "temp": 21.222222222222225, "humidity": 58.0, "direction": "N", "rainHour": 0.0, "pressure": 1002.6875}