{"windPeak": 5.198517917386479, "windAvg": 2.32995504, "temp": 17.72222222222222, "humidity": 88.0, "direction": "N", "rainHour": 0.0, "pressure": 994.5625}