{"windPeak": 4.288257479644493, "windAvg": 2.46819546, "temp": 32.388888888888886, "humidity": 43.0, "direction": "N", "rainHour": 0.0, "pressure": 1007.375}