{"windPeak": 8.190690432508951, "windAvg": 3.6300415000000004, "temp": 19.61111111111111, "humidity": 67.0, "direction": "N", "rainHour": 0.0, "pressure": 1005.75}