{"windPeak": 0.0004281674479000729, "windAvg": 0.0, "temp": 24.22222222222222, "humidity": 68.0, "direction": "N", "rainHour": 0.0, "pressure": 1008.0}