{"windPeak": 2.8473772301077496, "windAvg": 1.3036653200000003, "temp": 20.888888888888886, "humidity": 55.0, "direction": "N", "rainHour": 0.0, "pressure": 1004.375}