{"windPeak": 1.800780964919872, "windAvg": 0.16776749999999999, "temp": 21.611111111111114, "humidity": 52.0, "direction": "N", "rainHour": 0.0, "pressure": 1007.0}