{"windPeak": 3.1972781521527933, "windAvg": 1.7528348399999998, "temp": 20.388888888888893, "humidity": 78.0, "direction": "N", "rainHour": 0.0, "pressure": 1010.6875}