{"windPeak": 1.48234292896389, "windAvg": 0.0, "temp": 22.77777777777778, "humidity": 83.0, "direction": "N", "rainHour": 0.0, "pressure": 1001.6875}