{"windPeak": 1.7741489104070611, "windAvg": 0.22369, "temp": 22.11111111111111, "humidity": 65.0, "direction": "N", "rainHour": 0.0, "pressure": 1010.1875}