{"windPeak": 2.973185765707168, "windAvg": 1.0992126600000005, "temp": 32.72222222222223, "humidity": 42.0, "direction": "N", "rainHour": 0.0, "pressure": 1002.25}