{"windPeak": 10.166720814851557, "windAvg": 5.22584598, "temp": 16.222222222222225, "humidity": 80.0, "direction": "N", "rainHour": 0.0, "pressure": 999.875}