{"windPeak": 3.241956400271978, "windAvg": 2.000683359999999, "temp": 21.500000000000004, "humidity": 68.0, "direction": "N", "rainHour": 0.0, "pressure": 1009.0}