{"windPeak": 0.2459752234205883, "windAvg": 0.0, "temp": 14.27777777777778, "humidity": 76.0, "direction": "N", "rainHour": 0.0, "pressure": 1004.1875}