{"windPeak": 3.7543105386912883, "windAvg": 2.1080545599999994, "temp": 26.11111111111111, "humidity": 44.0, "direction": "N", "rainHour": 0.0, "pressure": 1010.5}