{"windPeak": 9.768749146123955, "windAvg": 5.133238419999999, "temp": 16.77777777777778, "humidity": 50.0, "direction": "N", "rainHour": 0.0, "pressure": 999.5625}