{"windPeak": 1.7065004447656462e-16, "windAvg": 0.0, "temp": 22.77777777777778, "humidity": 87.0, "direction": "N", "rainHour": 0.0, "pressure": 1000.25}