{"windPeak": 6.9069805752668e-13, "windAvg": 0.0, "temp": 23.388888888888886, "humidity": 79.0, "direction": "N", "rainHour": 0.0, "pressure": 1003.375}