{"windPeak": 5.599384135600234, "windAvg": 2.8900748200000006, "temp": 26.11111111111111, "humidity": 47.0, "direction": "N", "rainHour": 0.0, "pressure": 1005.0}