{"windPeak": 3.8204430861616623, "windAvg": 1.60162042, "temp": 20.611111111111107, "humidity": 61.0, "direction": "N", "rainHour": 0.0, "pressure": 1010.25}