{"windPeak": 2.8824632919170963, "windAvg": 0.47153852000000007, "temp": 25.27777777777778, "humidity": 73.0, "direction": "N", "rainHour": 0.0, "pressure": 1002.875}