{"windPeak": 1.1554739192119217e-23, "windAvg": 0.0, "temp": 11.61111111111111, "humidity": 84.0, "direction": "N", "rainHour": 0.0, "pressure": 1004.1875}