{"windPeak": 4.240179884642465, "windAvg": 1.6794645199999994, "temp": 31.888888888888893, "humidity": 43.0, "direction": "N", "rainHour": 0.0, "pressure": 1007.1875}