{"windPeak": 2.3522621181784142, "windAvg": 0.6393060199999999, "temp": 18.722222222222225, "humidity": 74.0, "direction": "N", "rainHour": 0.0, "pressure": 1004.6875}