{"windPeak": 3.5963088307996802, "windAvg": 2.15726636, "temp": 27.722222222222225, "humidity": 58.0, "direction": "N", "rainHour": 0.0, "pressure": 1007.5625}