{"windPeak": 3.4127075474767374, "windAvg": 2.231531439999999, "temp": 33.22222222222222, "humidity": 41.0, "direction": "N", "rainHour": 0.0, "pressure": 1006.875}