{"windPeak": 6.736393766995495, "windAvg": 3.486879820000002, "temp": 29.388888888888893, "humidity": 38.0, "direction": "N", "rainHour": 0.0, "pressure": 1006.25}