{"windPeak": 4.483399813288461, "windAvg": 2.2807432399999987, "temp": 23.388888888888886, "humidity": 75.0, "direction": "N", "rainHour": 0.0, "pressure": 1004.0625}