{"windPeak": 5.454353404199423, "windAvg": 2.8592056800000005, "temp": 26.0, "humidity": 66.0, "direction": "N", "rainHour": 0.0, "pressure": 1006.1875}