{"windPeak": 3.3518040045996584, "windAvg": 1.18063582, "temp": 21.888888888888893, "humidity": 83.0, "direction": "N", "rainHour": 0.0, "pressure": 1007.25}