{"windPeak": 2.0008342920413755e-18, "windAvg": 0.0, "temp": 21.888888888888893, "humidity": 65.0, "direction": "N", "rainHour": 0.0, "pressure": 1004.0625}