{"windPeak": 3.7128763971101004, "windAvg": 2.077185339999999, "temp": 37.22222222222222, "humidity": 34.0, "direction": "N", "rainHour": 0.0, "pressure": 1007.5625}