{"windPeak": 0.9035332249067846, "windAvg": 0.0, "temp": 14.222222222222223, "humidity": 65.0, "direction": "N", "rainHour": 0.0, "pressure": 1000.875}