{"windPeak": 5.266924182744869, "windAvg": 2.3518767, "temp": 30.388888888888893, "humidity": 33.0, "direction": "N", "rainHour": 0.0, "pressure": 1007.375}