{"windPeak": 0.20172680416044877, "windAvg": 0.08679171999999999, "temp": 20.27777777777778, "humidity": 85.0, "direction": "N", "rainHour": 0.0, "pressure": 1006.1875}