{"windPeak": 0.7005039206198052, "windAvg": 0.0, "temp": 22.888888888888893, "humidity": 81.0, "direction": "N", "rainHour": 0.0, "pressure": 1003.0625}