{"windPeak": 5.86587164921574, "windAvg": 3.034131200000001, "temp": 24.277777777777782, "humidity": 51.0, "direction": "N", "rainHour": 0.0, "pressure": 1007.75}