{"windPeak": 0.013874150184170587, "windAvg": 0.0, "temp": 9.38888888888889, "humidity": 70.0, "direction": "N", "rainHour": 0.0, "pressure": 1000.0625}