{"windPeak": 1.5307341594309336, "windAvg": 0.43932716000000005, "temp": 27.722222222222225, "humidity": 48.0, "direction": "N", "rainHour": 0.0, "pressure": 1004.0625}