{"windPeak": 1.4346529701927161e-83, "windAvg": 0.0, "temp": 23.722222222222225, "humidity": 79.0, "direction": "N", "rainHour": 0.0, "pressure": 1002.75}