{"windPeak": 0.12539089858773153, "windAvg": 0.0, "temp": 25.888888888888886, "humidity": 76.0, "direction": "N", "rainHour": 0.0, "pressure": 1003.0625}