{"windPeak": 6.6001086687197e-06, "windAvg": 0.0, "temp": 13.611111111111112, "humidity": 77.0, "direction": "N", "rainHour": 0.0, "pressure": 1007.6875}