{"windPeak": 3.4245458421564363, "windAvg": 0.37445706, "temp": 14.11111111111111, "humidity": 83.0, "direction": "N", "rainHour": 0.0, "pressure": 1006.25}