{"windPeak": 3.832107516702024, "windAvg": 2.46819546, "temp": 18.77777777777778, "humidity": 65.0, "direction": "N", "rainHour": 0.0, "pressure": 1004.375}