{"windPeak": 4.403448453978006e-07, "windAvg": 0.0, "temp": 21.72222222222222, "humidity": 76.0, "direction": "N", "rainHour": 0.0, "pressure": 991.0625}