{"windPeak": 3.0912488281291566, "windAvg": 1.6441214999999991, "temp": 20.611111111111107, "humidity": 62.0, "direction": "N", "rainHour": 0.0, "pressure": 1000.6875}