{"windPeak": 5.721984169499246e-14, "windAvg": 0.0, "temp": 15.111111111111112, "humidity": 78.0, "direction": "N", "rainHour": 0.0, "pressure": 1012.5}