{"windPeak": 6.079035591636844, "windAvg": 3.6412259600000016, "temp": 18.61111111111111, "humidity": 87.0, "direction": "N", "rainHour": 0.01, "pressure": 996.5}