{"windPeak": 0.1560017106370337, "windAvg": 0.0, "temp": 14.11111111111111, "humidity": 65.0, "direction": "N", "rainHour": 0.0, "pressure": 1000.875}