{"windPeak": 4.012738901968424e-11, "windAvg": 0.0, "temp": 29.000000000000004, "humidity": 63.0, "direction": "N", "rainHour": 0.0, "pressure": 1009.6875}