{"windPeak": 9.749269018001833, "windAvg": 2.383640679999999, "temp": 18.722222222222225, "humidity": 88.0, "direction": "N", "rainHour": 0.01, "pressure": 996.375}