{"windPeak": 6.24605956391869e-48, "windAvg": 0.0, "temp": 24.61111111111111, "humidity": 59.0, "direction": "N", "rainHour": 0.0, "pressure": 1002.6875}