{"windPeak": 7.251634173111789, "windAvg": 3.8058617800000007, "temp": 25.388888888888893, "humidity": 45.0, "direction": "N", "rainHour": 0.0, "pressure": 1006.6875}