{"windPeak": 5.124736659694861, "windAvg": 2.4476159799999997, "temp": 20.27777777777778, "humidity": 58.0, "direction": "N", "rainHour": 0.0, "pressure": 1004.0625}