{"windPeak": 0.990435570612626, "windAvg": 0.0, "temp": 17.22222222222222, "humidity": 75.0, "direction": "N", "rainHour": 0.0, "pressure": 1001.0}