{"windPeak": 3.269044584945775e-38, "windAvg": 0.0, "temp": 13.277777777777777, "humidity": 81.0, "direction": "N", "rainHour": 0.0, "pressure": 1003.5625}