{"windPeak": 5.744031628087136e-15, "windAvg": 0.0, "temp": 22.38888888888889, "humidity": 62.0, "direction": "N", "rainHour": 0.0, "pressure": 1003.6875}