{"windPeak": 0.08120170184280166, "windAvg": 0.0, "temp": 28.88888888888889, "humidity": 57.0, "direction": "N", "rainHour": 0.0, "pressure": 1002.875}