{"windPeak": 4.642831733377567, "windAvg": 2.3916935, "temp": 17.77777777777778, "humidity": 88.0, "direction": "N", "rainHour": 0.0, "pressure": 992.5625}