{"windPeak": 4.544900418625574, "windAvg": 2.3916934800000003, "temp": 24.499999999999996, "humidity": 70.0, "direction": "N", "rainHour": 0.0, "pressure": 1007.75}