{"windPeak": 3.223496706954773, "windAvg": 1.8315737199999989, "temp": 27.11111111111111, "humidity": 66.0, "direction": "N", "rainHour": 0.0, "pressure": 1006.25}