{"windPeak": 4.344493242215819, "windAvg": 2.46819548, "temp": 15.777777777777779, "humidity": 66.0, "direction": "N", "rainHour": 0.0, "pressure": 1003.1875}