{"windPeak": 5.58951404635914, "windAvg": 2.7334918399999997, "temp": 23.722222222222225, "humidity": 56.0, "direction": "N", "rainHour": 0.0, "pressure": 1008.6875}