{"windPeak": 8.069106922390375, "windAvg": 4.083684820000001, "temp": 13.111111111111112, "humidity": 55.0, "direction": "N", "rainHour": 0.0, "pressure": 1004.25}