{"windPeak": 0.17436276594410768, "windAvg": 0.0, "temp": 19.27777777777778, "humidity": 65.0, "direction": "N", "rainHour": 0.0, "pressure": 1002.6875}