{"windPeak": 3.6091163236635566, "windAvg": 0.9739462600000001, "temp": 23.000000000000004, "humidity": 64.0, "direction": "N", "rainHour": 0.0, "pressure": 1010.375}