{"windPeak": 3.9869457496939096, "windAvg": 2.14831876, "temp": 27.277777777777775, "humidity": 32.0, "direction": "N", "rainHour": 0.0, "pressure": 1009.6875}