{"windPeak": 2.00525703043102e-32, "windAvg": 0.0, "temp": 17.77777777777778, "humidity": 72.0, "direction": "N", "rainHour": 0.0, "pressure": 1011.75}