{"windPeak": 2.5699566270281298, "windAvg": 1.6942280599999993, "temp": 28.000000000000004, "humidity": 63.0, "direction": "N", "rainHour": 0.0, "pressure": 1007.875}