{"windPeak": 1.1516086553780293e-34, "windAvg": 0.0, "temp": 29.499999999999996, "humidity": 54.0, "direction": "N", "rainHour": 0.0, "pressure": 1008.0625}