{"windPeak": 2.4770347271253326e-84, "windAvg": 0.0, "temp": 23.77777777777778, "humidity": 80.0, "direction": "N", "rainHour": 0.0, "pressure": 1003.0}