{"windPeak": 1.8133410456212868e-20, "windAvg": 0.0, "temp": 23.88888888888889, "humidity": 82.0, "direction": "N", "rainHour": 0.0, "pressure": 1001.6875}