{"windPeak": 5.734627584670484e-16, "windAvg": 0.0, "temp": 21.27777777777778, "humidity": 68.0, "direction": "N", "rainHour": 0.0, "pressure": 1002.6875}