{"windPeak": 3.6355362678713603, "windAvg": 2.11744954, "temp": 16.27777777777778, "humidity": 86.0, "direction": "N", "rainHour": 0.0, "pressure": 1007.1875}