{"windPeak": 0.5854642056459781, "windAvg": 0.0, "temp": 23.000000000000004, "humidity": 73.0, "direction": "N", "rainHour": 0.0, "pressure": 990.5625}