{"windPeak": 8.569141331360436, "windAvg": 2.7437816200000005, "temp": 20.72222222222222, "humidity": 55.0, "direction": "N", "rainHour": 0.0, "pressure": 1002.75}