{"windPeak": 4.688977105988796, "windAvg": 2.6534107799999993, "temp": 27.77777777777778, "humidity": 64.0, "direction": "N", "rainHour": 0.0, "pressure": 1006.75}