{"windPeak": 3.17776621228136, "windAvg": 1.7962306999999997, "temp": 28.88888888888889, "humidity": 52.0, "direction": "N", "rainHour": 0.0, "pressure": 1003.0}