{"windPeak": 10.273473194140774, "windAvg": 3.661805260000001, "temp": 27.611111111111114, "humidity": 57.0, "direction": "N", "rainHour": 0.0, "pressure": 1006.1875}