{"windPeak": 4.036466009232924, "windAvg": 1.4696433000000002, "temp": 21.72222222222222, "humidity": 83.0, "direction": "N", "rainHour": 0.0, "pressure": 1007.0}