{"windPeak": 2.968371155097125, "windAvg": 0.6290162799999999, "temp": 29.111111111111114, "humidity": 75.0, "direction": "N", "rainHour": 0.0, "pressure": 1000.375}