{"windPeak": 4.023782200727315, "windAvg": 0.6245425, "temp": 25.61111111111111, "humidity": 70.0, "direction": "N", "rainHour": 0.0, "pressure": 1007.6875}