{"windPeak": 8.132639269098927, "windAvg": 3.816151640000001, "temp": 14.500000000000002, "humidity": 88.0, "direction": "N", "rainHour": 0.0, "pressure": 999.75}