{"windPeak": 4.952271270798324, "windAvg": 2.890074800000001, "temp": 36.5, "humidity": 37.0, "direction": "N", "rainHour": 0.0, "pressure": 1001.5}