{"windPeak": 6.003471145735634, "windAvg": 2.6614636799999993, "temp": 17.5, "humidity": 72.0, "direction": "N", "rainHour": 0.0, "pressure": 1006.5}