{"windPeak": 3.6768018824186396e-69, "windAvg": 0.0, "temp": 23.388888888888886, "humidity": 80.0, "direction": "N", "rainHour": 0.0, "pressure": 1003.25}