{"windPeak": 1.9122907892236587e-41, "windAvg": 0.0, "temp": 25.27777777777778, "humidity": 63.0, "direction": "N", "rainHour": 0.0, "pressure": 1011.875}