{"windPeak": 2.8151429868161393, "windAvg": 1.6714116799999992, "temp": 21.27777777777778, "humidity": 60.0, "direction": "N", "rainHour": 0.0, "pressure": 1000.5625}