{"windPeak": 1.8456327599725329e-44, "windAvg": 0.0, "temp": 14.11111111111111, "humidity": 84.0, "direction": "N", "rainHour": 0.0, "pressure": 1013.5625}