{"windPeak": 2.7761575457061505, "windAvg": 1.3005336600000004, "temp": 31.777777777777782, "humidity": 42.0, "direction": "N", "rainHour": 0.0, "pressure": 1013.75}