{"windPeak": 4.532694335886513, "windAvg": 2.79075654, "temp": 27.611111111111114, "humidity": 47.0, "direction": "N", "rainHour": 0.0, "pressure": 1007.0625}