{"windPeak": 9.359804507091908e-08, "windAvg": 0.0, "temp": 25.111111111111114, "humidity": 79.0, "direction": "N", "rainHour": 0.0, "pressure": 1007.875}