{"windPeak": 1.7326257203351833e-39, "windAvg": 0.0, "temp": 14.38888888888889, "humidity": 84.0, "direction": "N", "rainHour": 0.0, "pressure": 1005.6875}