{"windPeak": 5.210661934799141e-09, "windAvg": 0.0, "temp": 28.77777777777778, "humidity": 64.0, "direction": "N", "rainHour": 0.0, "pressure": 1002.875}