{"windPeak": 1.799696009760553e-15, "windAvg": 0.0, "temp": 17.11111111111111, "humidity": 65.0, "direction": "N", "rainHour": 0.0, "pressure": 1006.75}