{"windPeak": 0.32161978184394907, "windAvg": 0.0, "temp": 24.499999999999996, "humidity": 65.0, "direction": "N", "rainHour": 0.0, "pressure": 1009.0}