{"windPeak": 11.319233164030845, "windAvg": 5.215556360000002, "temp": 12.777777777777779, "humidity": 62.0, "direction": "N", "rainHour": 0.0, "pressure": 1003.6875}