{"windPeak": 2.256948514677964, "windAvg": 0.73280844, "temp": 35.38888888888889, "humidity": 41.0, "direction": "N", "rainHour": 0.0, "pressure": 1002.6875}