{"windPeak": 2.6772405743769516, "windAvg": 0.8424165400000002, "temp": 20.888888888888886, "humidity": 68.0, "direction": "N", "rainHour": 0.0, "pressure": 1009.25}