{"windPeak": 0.056909141571333456, "windAvg": 0.0, "temp": 23.000000000000004, "humidity": 81.0, "direction": "N", "rainHour": 0.0, "pressure": 1002.1875}