{"windPeak": 3.2247542870786114, "windAvg": 1.6374108, "temp": 17.38888888888889, "humidity": 87.0, "direction": "N", "rainHour": 0.0, "pressure": 991.75}