{"windPeak": 2.7519460583274005, "windAvg": 1.2719013400000003, "temp": 17.611111111111114, "humidity": 87.0, "direction": "N", "rainHour": 0.0, "pressure": 991.25}