{"windPeak": 3.9335267237447247, "windAvg": 2.0132099999999995, "temp": 36.5, "humidity": 45.0, "direction": "N", "rainHour": 0.0, "pressure": 1002.5}