{"windPeak": 0.005176109404306973, "windAvg": 0.0, "temp": 20.388888888888893, "humidity": 63.0, "direction": "N", "rainHour": 0.0, "pressure": 1006.5625}