{"windPeak": 2.7949546213955707, "windAvg": 1.905838799999999, "temp": 25.388888888888893, "humidity": 72.0, "direction": "N", "rainHour": 0.0, "pressure": 1006.0}