{"windPeak": 3.790358779586241, "windAvg": 2.21095196, "temp": 33.77777777777778, "humidity": 54.0, "direction": "N", "rainHour": 0.0, "pressure": 1005.5}