{"windPeak": 4.204707362237231, "windAvg": 1.28129632, "temp": 26.500000000000004, "humidity": 60.0, "direction": "N", "rainHour": 0.0, "pressure": 1009.1875}