{"windPeak": 1.708315689168078e-55, "windAvg": 0.0, "temp": 21.27777777777778, "humidity": 80.0, "direction": "N", "rainHour": 0.0, "pressure": 1002.75}