{"windPeak": 4.132033011496032, "windAvg": 2.61225182, "temp": 17.72222222222222, "humidity": 87.0, "direction": "N", "rainHour": 0.0, "pressure": 993.75}