{"windPeak": 1.1614080025621402e-31, "windAvg": 0.0, "temp": 18.000000000000004, "humidity": 72.0, "direction": "N", "rainHour": 0.0, "pressure": 1011.875}