{"windPeak": 3.4128910687930043, "windAvg": 1.8499162999999998, "temp": 24.388888888888893, "humidity": 77.0, "direction": "N", "rainHour": 0.0, "pressure": 1001.875}