{"windPeak": 6.964744776968338, "windAvg": 2.900364560000001, "temp": 29.388888888888893, "humidity": 45.0, "direction": "N", "rainHour": 0.0, "pressure": 995.75}