{"windPeak": 3.328647008928706, "windAvg": 2.3550083199999996, "temp": 33.277777777777786, "humidity": 56.0, "direction": "N", "rainHour": 0.0, "pressure": 1000.1875}