{"windPeak": 0.00969907903035997, "windAvg": 0.0, "temp": 21.222222222222225, "humidity": 72.0, "direction": "N", "rainHour": 0.0, "pressure": 1008.875}