{"windPeak": 2.564073023052427e-07, "windAvg": 0.0, "temp": 23.388888888888886, "humidity": 62.0, "direction": "N", "rainHour": 0.0, "pressure": 997.375}