{"windPeak": 8.742208033799304, "windAvg": 4.639330940000001, "temp": 26.999999999999996, "humidity": 49.0, "direction": "N", "rainHour": 0.0, "pressure": 993.0}