{"windPeak": 8.008413210076146, "windAvg": 2.766598019999998, "temp": 18.22222222222222, "humidity": 76.0, "direction": "N", "rainHour": 0.0, "pressure": 1006.5}