{"windPeak": 3.8521603507786426, "windAvg": 1.4879858799999999, "temp": 25.222222222222225, "humidity": 73.0, "direction": "N", "rainHour": 0.0, "pressure": 1001.875}