{"windPeak": 0.7106303208689921, "windAvg": 0.0, "temp": 22.22222222222222, "humidity": 50.0, "direction": "N", "rainHour": 0.0, "pressure": 1008.5}