{"windPeak": 1.9856796827015109, "windAvg": 0.3780361, "temp": 25.61111111111111, "humidity": 85.0, "direction": "N", "rainHour": 0.0, "pressure": 1000.1875}