{"windPeak": 6.14653144579013, "windAvg": 3.106159360000001, "temp": 18.277777777777782, "humidity": 87.0, "direction": "N", "rainHour": 0.0, "pressure": 995.1875}