{"windPeak": 3.7173472650136965, "windAvg": 2.5916723400000006, "temp": 36.611111111111114, "humidity": 44.0, "direction": "N", "rainHour": 0.0, "pressure": 1002.5625}