{"windPeak": 6.918965657774059, "windAvg": 3.3428234400000014, "temp": 33.77777777777778, "humidity": 30.0, "direction": "N", "rainHour": 0.0, "pressure": 1004.6875}