{"windPeak": 6.92100722931398, "windAvg": 3.1473183600000003, "temp": 31.72222222222222, "humidity": 30.0, "direction": "N", "rainHour": 0.0, "pressure": 1004.75}