{"windPeak": 3.3959925579887966e-05, "windAvg": 0.0, "temp": 28.61111111111111, "humidity": 69.0, "direction": "N", "rainHour": 0.0, "pressure": 1003.1875}