{"windPeak": 1.431373552204053, "windAvg": 0.06621223999999999, "temp": 21.222222222222225, "humidity": 78.0, "direction": "N", "rainHour": 0.0, "pressure": 1008.75}