{"windPeak": 0.008519731322929599, "windAvg": 0.0, "temp": 28.77777777777778, "humidity": 64.0, "direction": "N", "rainHour": 0.0, "pressure": 1009.5625}