{"windPeak": 2.803378664945259e-07, "windAvg": 0.0, "temp": 22.611111111111114, "humidity": 65.0, "direction": "N", "rainHour": 0.0, "pressure": 1004.5}