{"windPeak": 3.6488682996000548, "windAvg": 1.20703124, "temp": 19.72222222222222, "humidity": 84.0, "direction": "N", "rainHour": 0.0, "pressure": 998.0}