{"windPeak": 3.7021373314303556, "windAvg": 1.66156932, "temp": 19.499999999999996, "humidity": 84.0, "direction": "N", "rainHour": 0.0, "pressure": 998.0}