{"windPeak": 9.879429932109027e-15, "windAvg": 0.0, "temp": 15.222222222222221, "humidity": 77.0, "direction": "N", "rainHour": 0.0, "pressure": 1012.5}