{"windPeak": 1.8619867595246945e-49, "windAvg": 0.0, "temp": 25.27777777777778, "humidity": 57.0, "direction": "N", "rainHour": 0.0, "pressure": 1002.75}