{"windPeak": 1.9582870407178832, "windAvg": 0.3847468, "temp": 7.3888888888888875, "humidity": 82.0, "direction": "N", "rainHour": 0.0, "pressure": 1000.6875}