{"windPeak": 4.881250197044856, "windAvg": 2.715149240000001, "temp": 23.22222222222222, "humidity": 72.0, "direction": "N", "rainHour": 0.0, "pressure": 1001.5}