{"windPeak": 5.590929571364655, "windAvg": 2.0673429999999997, "temp": 24.61111111111111, "humidity": 73.0, "direction": "N", "rainHour": 0.0, "pressure": 1009.6875}