{"windPeak": 2.0568449071317287, "windAvg": 0.52388198, "temp": 21.77777777777778, "humidity": 53.0, "direction": "N", "rainHour": 0.0, "pressure": 1006.5625}