{"windPeak": 1.9573206944973531, "windAvg": 0.0, "temp": 22.722222222222225, "humidity": 66.0, "direction": "N", "rainHour": 0.0, "pressure": 1010.5}