{"windPeak": 0.1615908811266607, "windAvg": 0.0, "temp": 26.72222222222222, "humidity": 57.0, "direction": "N", "rainHour": 0.0, "pressure": 1008.0}