{"windPeak": 4.201695841889426, "windAvg": 2.5196441600000004, "temp": 33.00000000000001, "humidity": 57.0, "direction": "N", "rainHour": 0.0, "pressure": 1000.6875}