{"windPeak": 7.963173411396549e-32, "windAvg": 0.0, "temp": 22.22222222222222, "humidity": 70.0, "direction": "N", "rainHour": 0.0, "pressure": 1012.25}