{"windPeak": 3.3887852472297196e-19, "windAvg": 0.0, "temp": 23.22222222222222, "humidity": 72.0, "direction": "N", "rainHour": 0.0, "pressure": 1004.6875}