{"windPeak": 3.0353394956773694, "windAvg": 1.4316160000000002, "temp": 24.499999999999996, "humidity": 56.0, "direction": "N", "rainHour": 0.0, "pressure": 1008.75}