{"windPeak": 2.17360430316261, "windAvg": 1.2191105000000007, "temp": 15.0, "humidity": 70.0, "direction": "N", "rainHour": 0.0, "pressure": 1003.6875}