{"windPeak": 8.454563870731241e-15, "windAvg": 0.0, "temp": 21.888888888888893, "humidity": 72.0, "direction": "N", "rainHour": 0.0, "pressure": 1006.25}