{"windPeak": 0.14931521137058684, "windAvg": 0.0, "temp": 27.722222222222225, "humidity": 50.0, "direction": "N", "rainHour": 0.0, "pressure": 1013.75}