{"windPeak": 3.6477249232105358, "windAvg": 2.4167467599999997, "temp": 24.722222222222225, "humidity": 74.0, "direction": "N", "rainHour": 0.0, "pressure": 989.5}