{"windPeak": 6.16310090481963e-27, "windAvg": 0.0, "temp": 8.61111111111111, "humidity": 84.0, "direction": "N", "rainHour": 0.0, "pressure": 1002.5}