{"windPeak": 0.18231494857546474, "windAvg": 0.0, "temp": 20.27777777777778, "humidity": 62.0, "direction": "N", "rainHour": 0.0, "pressure": 1006.25}