{"windPeak": 1.0689565600287194e-43, "windAvg": 0.0, "temp": 13.277777777777777, "humidity": 83.0, "direction": "N", "rainHour": 0.0, "pressure": 1013.5}