{"windPeak": 5.235774046509381, "windAvg": 2.8900748200000006, "temp": 26.500000000000004, "humidity": 37.0, "direction": "N", "rainHour": 0.0, "pressure": 1005.5}