{"windPeak": 6.664648319248719, "windAvg": 2.9164702600000005, "temp": 14.777777777777779, "humidity": 88.0, "direction": "N", "rainHour": 0.0, "pressure": 999.5}