{"windPeak": 3.30673077206606, "windAvg": 1.864679839999999, "temp": 33.88888888888889, "humidity": 38.0, "direction": "N", "rainHour": 0.0, "pressure": 1004.0}