{"windPeak": 7.405975181260338, "windAvg": 4.412956340000002, "temp": 20.611111111111107, "humidity": 55.0, "direction": "N", "rainHour": 0.0, "pressure": 1006.6875}