{"windPeak": 8.093191542190164, "windAvg": 3.147318400000001, "temp": 27.38888888888889, "humidity": 39.0, "direction": "N", "rainHour": 0.0, "pressure": 1004.5}