{"windPeak": 4.102100035241422, "windAvg": 2.4064570200000004, "temp": 19.61111111111111, "humidity": 60.0, "direction": "N", "rainHour": 0.0, "pressure": 996.375}