{"windPeak": 0.09409782006916431, "windAvg": 0.0, "temp": 29.277777777777782, "humidity": 75.0, "direction": "N", "rainHour": 0.0, "pressure": 1000.25}