{"windPeak": 4.398143555419994, "windAvg": 0.15747776000000002, "temp": 14.500000000000002, "humidity": 82.0, "direction": "N", "rainHour": 0.0, "pressure": 1005.5}