{"windPeak": 5.689315919069352, "windAvg": 1.9429713399999995, "temp": 20.500000000000004, "humidity": 82.0, "direction": "N", "rainHour": 0.0, "pressure": 995.875}