{"windPeak": 0.012444791692371044, "windAvg": 0.0, "temp": 21.999999999999996, "humidity": 56.0, "direction": "N", "rainHour": 0.0, "pressure": 1004.75}