{"windPeak": 3.2251899735555996, "windAvg": 1.4991703800000002, "temp": 22.22222222222222, "humidity": 82.0, "direction": "N", "rainHour": 0.0, "pressure": 1007.375}