{"windPeak": 3.1958091876207795, "windAvg": 1.6535164799999997, "temp": 26.777777777777782, "humidity": 61.0, "direction": "N", "rainHour": 0.0, "pressure": 1008.0}