{"windPeak": 1.4805407864909074e-45, "windAvg": 0.0, "temp": 20.500000000000004, "humidity": 71.0, "direction": "N", "rainHour": 0.0, "pressure": 1013.1875}