{"windPeak": 0.3139355519841493, "windAvg": 0.0, "temp": 21.38888888888889, "humidity": 57.0, "direction": "N", "rainHour": 0.0, "pressure": 1010.75}