{"windPeak": 8.383427275484834, "windAvg": 4.155713, "temp": 22.77777777777778, "humidity": 43.0, "direction": "N", "rainHour": 0.0, "pressure": 997.875}