{"windPeak": 5.704990448835599, "windAvg": 3.157608140000001, "temp": 22.38888888888889, "humidity": 55.0, "direction": "N", "rainHour": 0.0, "pressure": 1006.5}