{"windPeak": 1.6337977480727057, "windAvg": 0.2818494, "temp": 27.38888888888889, "humidity": 47.0, "direction": "N", "rainHour": 0.0, "pressure": 1004.0625}