{"windPeak": 2.311748668270937, "windAvg": 0.9851307600000002, "temp": 31.72222222222222, "humidity": 43.0, "direction": "N", "rainHour": 0.0, "pressure": 1008.5}