{"windPeak": 2.926888869549408, "windAvg": 1.6190682199999995, "temp": 26.11111111111111, "humidity": 42.0, "direction": "N", "rainHour": 0.0, "pressure": 1008.6875}