{"windPeak": 6.210955370631062, "windAvg": 3.291374720000001, "temp": 34.72222222222222, "humidity": 28.0, "direction": "N", "rainHour": 0.0, "pressure": 1004.5625}