{"windPeak": 10.188995018124054, "windAvg": 5.277294800000001, "temp": 14.38888888888889, "humidity": 59.0, "direction": "N", "rainHour": 0.0, "pressure": 1002.6875}