{"windPeak": 5.577322451068981, "windAvg": 2.9312337600000005, "temp": 32.27777777777778, "humidity": 39.0, "direction": "N", "rainHour": 0.0, "pressure": 995.25}