{"windPeak": 2.852821569305767, "windAvg": 0.7681514600000001, "temp": 24.388888888888893, "humidity": 56.0, "direction": "N", "rainHour": 0.0, "pressure": 1009.0}