{"windPeak": 4.486267627942611, "windAvg": 2.7254389800000003, "temp": 28.5, "humidity": 45.0, "direction": "N", "rainHour": 0.0, "pressure": 1004.5}