{"windPeak": 2.0894577320491536e-33, "windAvg": 0.0, "temp": 15.777777777777779, "humidity": 80.0, "direction": "N", "rainHour": 0.0, "pressure": 1005.5625}