{"windPeak": 1.1577927684541819e-08, "windAvg": 0.0, "temp": 23.388888888888886, "humidity": 63.0, "direction": "N", "rainHour": 0.0, "pressure": 1007.875}