{"windPeak": 0.2487468925472077, "windAvg": 0.0, "temp": 24.88888888888889, "humidity": 53.0, "direction": "N", "rainHour": 0.0, "pressure": 1004.5625}