{"windPeak": 3.278129363523943, "windAvg": 1.7103337399999992, "temp": 36.38888888888889, "humidity": 42.0, "direction": "N", "rainHour": 0.0, "pressure": 1002.875}