{"windPeak": 4.097805036172747, "windAvg": 2.6019620800000003, "temp": 32.0, "humidity": 54.0, "direction": "N", "rainHour": 0.0, "pressure": 1007.875}