{"windPeak": 0.45338919865637617, "windAvg": 0.0, "temp": 19.111111111111114, "humidity": 84.0, "direction": "N", "rainHour": 0.0, "pressure": 1004.25}