{"windPeak": 3.6981605889971028, "windAvg": 1.37435138, "temp": 24.277777777777782, "humidity": 79.0, "direction": "N", "rainHour": 0.0, "pressure": 1002.0}