{"windPeak": 5.046103469258052, "windAvg": 2.9884984400000008, "temp": 18.5, "humidity": 87.0, "direction": "N", "rainHour": 0.0, "pressure": 995.875}