{"windPeak": 0.021754061238422634, "windAvg": 0.0, "temp": 14.777777777777779, "humidity": 83.0, "direction": "N", "rainHour": 0.0, "pressure": 1006.0}