{"windPeak": 4.786856854303389, "windAvg": 2.704859559999999, "temp": 30.0, "humidity": 46.0, "direction": "N", "rainHour": 0.0, "pressure": 1007.6875}