{"windPeak": 7.807358515433888, "windAvg": 3.6823849000000006, "temp": 16.27777777777778, "humidity": 87.0, "direction": "N", "rainHour": 0.0, "pressure": 998.6875}