{"windPeak": 4.438669619239367, "windAvg": 2.3755878, "temp": 21.27777777777778, "humidity": 78.0, "direction": "N", "rainHour": 0.0, "pressure": 992.5625}