{"windPeak": 6.602852040696558, "windAvg": 2.9929722200000004, "temp": 33.11111111111111, "humidity": 28.0, "direction": "N", "rainHour": 0.0, "pressure": 1005.0625}