{"windPeak": 9.128249033447819e-22, "windAvg": 0.0, "temp": 19.61111111111111, "humidity": 67.0, "direction": "N", "rainHour": 0.0, "pressure": 1012.375}