{"windPeak": 2.6686032143481744, "windAvg": 1.794888559999999, "temp": 36.0, "humidity": 38.0, "direction": "N", "rainHour": 0.0, "pressure": 1003.0}