{"windPeak": 2.9538091071259445e-18, "windAvg": 0.0, "temp": 18.000000000000004, "humidity": 75.0, "direction": "N", "rainHour": 0.0, "pressure": 1004.375}