{"windPeak": 5.052236915586708, "windAvg": 3.0752901200000013, "temp": 31.611111111111114, "humidity": 54.0, "direction": "N", "rainHour": 0.0, "pressure": 1002.75}