{"windPeak": 4.597395423374574, "windAvg": 2.6431210600000004, "temp": 27.11111111111111, "humidity": 65.0, "direction": "N", "rainHour": 0.0, "pressure": 1006.875}