{"windPeak": 6.228795277804154e-35, "windAvg": 0.0, "temp": 13.499999999999998, "humidity": 87.0, "direction": "N", "rainHour": 0.0, "pressure": 1005.5}