{"windPeak": 0.16735291191475582, "windAvg": 0.0, "temp": 22.611111111111114, "humidity": 81.0, "direction": "N", "rainHour": 0.0, "pressure": 1002.75}