{"windPeak": 3.9339337168765796, "windAvg": 2.4990646999999995, "temp": 31.500000000000004, "humidity": 60.0, "direction": "N", "rainHour": 0.0, "pressure": 1000.875}