{"windPeak": 6.866950048267607, "windAvg": 3.5383285400000015, "temp": 30.388888888888893, "humidity": 39.0, "direction": "N", "rainHour": 0.0, "pressure": 1009.375}