{"windPeak": 1.6920364915206247e-23, "windAvg": 0.0, "temp": 24.22222222222222, "humidity": 80.0, "direction": "N", "rainHour": 0.0, "pressure": 1002.25}