{"windPeak": 2.810496938881835, "windAvg": 1.1542404000000004, "temp": 39.72222222222222, "humidity": 47.0, "direction": "N", "rainHour": 0.0, "pressure": 999.75}