{"windPeak": 1.7706373565605198e-09, "windAvg": 0.0, "temp": 21.888888888888893, "humidity": 83.0, "direction": "N", "rainHour": 0.0, "pressure": 1007.1875}