{"windPeak": 6.622891343540237, "windAvg": 2.7540713199999995, "temp": 23.722222222222225, "humidity": 71.0, "direction": "N", "rainHour": 0.0, "pressure": 1007.6875}