{"windPeak": 1.4742305824735324, "windAvg": 0.30600792, "temp": 22.888888888888893, "humidity": 51.0, "direction": "N", "rainHour": 0.0, "pressure": 1003.0625}