{"windPeak": 2.4475000817803877e-25, "windAvg": 0.0, "temp": 15.888888888888891, "humidity": 80.0, "direction": "N", "rainHour": 0.0, "pressure": 1000.25}