{"windPeak": 2.299760742998569e-09, "windAvg": 0.0, "temp": 22.22222222222222, "humidity": 64.0, "direction": "N", "rainHour": 0.0, "pressure": 1010.1875}