{"windPeak": 3.532188597241436, "windAvg": 2.006499299999999, "temp": 29.499999999999996, "humidity": 61.0, "direction": "N", "rainHour": 0.0, "pressure": 1002.6875}