{"windPeak": 3.517310957765062, "windAvg": 1.1296345, "temp": 23.77777777777778, "humidity": 80.0, "direction": "N", "rainHour": 0.0, "pressure": 1002.25}