{"windPeak": 4.121962737591567, "windAvg": 2.59167234, "temp": 22.11111111111111, "humidity": 84.0, "direction": "N", "rainHour": 0.0, "pressure": 1007.6875}