{"windPeak": 1.4444140389709954e-08, "windAvg": 0.0, "temp": 12.888888888888891, "humidity": 80.0, "direction": "N", "rainHour": 0.0, "pressure": 1010.75}