{"windPeak": 1.0035049604637179e-38, "windAvg": 0.0, "temp": 13.88888888888889, "humidity": 85.0, "direction": "N", "rainHour": 0.0, "pressure": 1005.6875}