{"windPeak": 0.8052025356879536, "windAvg": 0.06621223999999999, "temp": 23.77777777777778, "humidity": 71.0, "direction": "N", "rainHour": 0.0, "pressure": 1005.1875}