{"windPeak": 5.395406623808321, "windAvg": 1.9805513199999996, "temp": 6.7777777777777795, "humidity": 76.0, "direction": "N", "rainHour": 0.0, "pressure": 1005.5}