{"windPeak": 1.6628485980398513, "windAvg": 0.40398414000000005, "temp": 25.27777777777778, "humidity": 65.0, "direction": "N", "rainHour": 0.0, "pressure": 1008.0625}