{"windPeak": 4.220739567815375, "windAvg": 0.6759911799999999, "temp": 14.000000000000002, "humidity": 78.0, "direction": "N", "rainHour": 0.0, "pressure": 1004.1875}