{"windPeak": 1.521697136845444e-19, "windAvg": 0.0, "temp": 21.11111111111111, "humidity": 66.0, "direction": "N", "rainHour": 0.0, "pressure": 1003.6875}