{"windPeak": 6.163772383606122, "windAvg": 2.5093544199999993, "temp": 31.72222222222222, "humidity": 37.0, "direction": "N", "rainHour": 0.0, "pressure": 1007.5625}