{"windPeak": 4.179892338643783, "windAvg": 2.3527714200000003, "temp": 32.72222222222223, "humidity": 57.0, "direction": "N", "rainHour": 0.0, "pressure": 1005.5625}