{"windPeak": 3.633407873082672, "windAvg": 2.3961672800000007, "temp": 21.11111111111111, "humidity": 80.0, "direction": "N", "rainHour": 0.0, "pressure": 996.25}