{"windPeak": 5.031939519698232, "windAvg": 1.4754592400000004, "temp": 7.777777777777779, "humidity": 81.0, "direction": "N", "rainHour": 0.0, "pressure": 1000.875}