{"windPeak": 2.3377285042616838e-18, "windAvg": 0.0, "temp": 13.722222222222225, "humidity": 76.0, "direction": "N", "rainHour": 0.0, "pressure": 1003.6875}