{"windPeak": 6.5873461521858605, "windAvg": 2.8386261199999994, "temp": 29.277777777777782, "humidity": 48.0, "direction": "N", "rainHour": 0.0, "pressure": 1007.1875}