{"windPeak": 4.2486663269430955e-12, "windAvg": 0.0, "temp": 25.27777777777778, "humidity": 79.0, "direction": "N", "rainHour": 0.0, "pressure": 1000.75}