{"windPeak": 4.637637079050025, "windAvg": 2.2990858199999993, "temp": 23.388888888888886, "humidity": 87.0, "direction": "N", "rainHour": 0.0, "pressure": 993.1875}