{"windPeak": 3.2691885727966588, "windAvg": 2.1080545599999994, "temp": 31.38888888888889, "humidity": 43.0, "direction": "N", "rainHour": 0.0, "pressure": 1006.1875}