{"windPeak": 4.499234244396835e-05, "windAvg": 0.0, "temp": 23.000000000000004, "humidity": 86.0, "direction": "N", "rainHour": 0.0, "pressure": 1001.25}