{"windPeak": 0.6232864671061348, "windAvg": 0.0, "temp": 12.388888888888888, "humidity": 83.0, "direction": "N", "rainHour": 0.0, "pressure": 1008.0}