{"windPeak": 2.430492678278418e-06, "windAvg": 0.0, "temp": 19.111111111111114, "humidity": 70.0, "direction": "N", "rainHour": 0.0, "pressure": 1011.75}