{"windPeak": 4.27114032773455, "windAvg": 2.2659797, "temp": 26.27777777777778, "humidity": 77.0, "direction": "N", "rainHour": 0.0, "pressure": 1001.25}