{"windPeak": 1.0703329148840806, "windAvg": 0.26708586000000006, "temp": 19.000000000000004, "humidity": 63.0, "direction": "N", "rainHour": 0.0, "pressure": 1007.0}