{"windPeak": 3.7277505037865275, "windAvg": 2.136686879999999, "temp": -40.0, "humidity": 0.0, "direction": "N", "rainHour": 0.0, "pressure": 1007.6875}