{"windPeak": 2.194342845402289, "windAvg": 0.6898599600000002, "temp": 25.222222222222225, "humidity": 73.0, "direction": "N", "rainHour": 0.0, "pressure": 1001.875}