{"windPeak": 1.6086318048056005, "windAvg": 0.26708586000000006, "temp": 17.27777777777778, "humidity": 66.0, "direction": "N", "rainHour": 0.0, "pressure": 1006.5625}