{"windPeak": 3.5520922705161717, "windAvg": 0.56638308, "temp": 24.000000000000004, "humidity": 82.0, "direction": "N", "rainHour": 0.0, "pressure": 1002.0}