{"windPeak": 3.9014735266849785, "windAvg": 1.4025362999999995, "temp": 25.500000000000004, "humidity": 81.0, "direction": "N", "rainHour": 0.0, "pressure": 987.875}