{"windPeak": 3.16246168716948, "windAvg": 1.5219867599999994, "temp": 25.61111111111111, "humidity": 62.0, "direction": "N", "rainHour": 0.0, "pressure": 1007.6875}