{"windPeak": 2.6845707620013193, "windAvg": 1.2123998000000002, "temp": 22.38888888888889, "humidity": 70.0, "direction": "N", "rainHour": 0.0, "pressure": 1006.0}