{"windPeak": 3.616146739227163, "windAvg": 0.380273, "temp": 25.888888888888886, "humidity": 68.0, "direction": "N", "rainHour": 0.0, "pressure": 1007.25}