{"windPeak": 6.11417873780308, "windAvg": 3.281085060000001, "temp": 23.11111111111111, "humidity": 52.0, "direction": "N", "rainHour": 0.0, "pressure": 1006.375}