{"windPeak": 2.1606509285587685, "windAvg": 0.54893526, "temp": 16.38888888888889, "humidity": 65.0, "direction": "N", "rainHour": 0.0, "pressure": 1006.75}