{"windPeak": 1.6423925253439937, "windAvg": 0.15747776, "temp": 20.500000000000004, "humidity": 74.0, "direction": "N", "rainHour": 0.0, "pressure": 1009.0625}