{"windPeak": 4.018051306206269, "windAvg": 2.5813826000000004, "temp": 24.111111111111114, "humidity": 44.0, "direction": "N", "rainHour": 0.0, "pressure": 1007.25}