{"windPeak": 0.32368329985111993, "windAvg": 0.10960810000000003, "temp": 19.61111111111111, "humidity": 82.0, "direction": "N", "rainHour": 0.0, "pressure": 1005.6875}