{"windPeak": 8.309789612657713e-25, "windAvg": 0.0, "temp": 17.611111111111114, "humidity": 68.0, "direction": "N", "rainHour": 0.0, "pressure": 1006.375}