{"windPeak": 3.170550029625612, "windAvg": 2.1058176600000005, "temp": 25.111111111111114, "humidity": 50.0, "direction": "N", "rainHour": 0.0, "pressure": 1008.875}