{"windPeak": 1.522068801367365, "windAvg": 0.13466138, "temp": 16.77777777777778, "humidity": 66.0, "direction": "N", "rainHour": 0.0, "pressure": 1007.5625}