{"windPeak": 4.005514893448621, "windAvg": 1.9492346599999997, "temp": 33.277777777777786, "humidity": 29.0, "direction": "N", "rainHour": 0.0, "pressure": 1005.5625}