{"windPeak": 3.9243051644377065e-26, "windAvg": 0.0, "temp": 16.27777777777778, "humidity": 78.0, "direction": "N", "rainHour": 0.0, "pressure": 1011.375}