{"windPeak": 4.796842272537429e-225, "windAvg": 0.0, "temp": 18.22222222222222, "humidity": 68.0, "direction": "N", "rainHour": 0.0, "pressure": 1007.5}