{"windPeak": 3.5394235524272606, "windAvg": 2.0315525799999996, "temp": 17.72222222222222, "humidity": 87.0, "direction": "N", "rainHour": 0.0, "pressure": 993.5625}