{"windPeak": 4.074592525389183, "windAvg": 2.4887749399999994, "temp": 31.222222222222225, "humidity": 35.0, "direction": "N", "rainHour": 0.0, "pressure": 1006.0625}