{"windPeak": 6.148624180134184, "windAvg": 3.4354310600000018, "temp": 27.11111111111111, "humidity": 38.0, "direction": "N", "rainHour": 0.0, "pressure": 1004.75}