{"windPeak": 3.551604195358326, "windAvg": 2.2212416999999993, "temp": 30.72222222222222, "humidity": 60.0, "direction": "N", "rainHour": 0.0, "pressure": 1006.75}