{"windPeak": 3.680937098458859, "windAvg": 2.2521109199999993, "temp": -40.0, "humidity": 0.0, "direction": "N", "rainHour": 0.0, "pressure": 1003.1875}