{"windPeak": 0.0035109909317449194, "windAvg": 0.0, "temp": 7.888888888888891, "humidity": 79.0, "direction": "N", "rainHour": 0.0, "pressure": 1000.0625}