{"windPeak": 3.9109600303612186, "windAvg": 2.49906468, "temp": 20.388888888888893, "humidity": 59.0, "direction": "N", "rainHour": 0.0, "pressure": 996.5}