{"windPeak": 2.242394722301851, "windAvg": 0.41785291999999996, "temp": 39.111111111111114, "humidity": 47.0, "direction": "N", "rainHour": 0.0, "pressure": 1000.25}