{"windPeak": 1.3702797474910008e-31, "windAvg": 0.0, "temp": 20.72222222222222, "humidity": 75.0, "direction": "N", "rainHour": 0.0, "pressure": 1007.5625}