{"windPeak": 0.4479098352395377, "windAvg": 0.0, "temp": 29.61111111111111, "humidity": 55.0, "direction": "N", "rainHour": 0.0, "pressure": 1002.75}