{"windPeak": 5.188772389711586, "windAvg": 2.5093544199999998, "temp": 29.111111111111114, "humidity": 37.0, "direction": "N", "rainHour": 0.0, "pressure": 1011.1875}