{"windPeak": 4.756400459731635, "windAvg": 2.6637005800000004, "temp": 23.722222222222225, "humidity": 71.0, "direction": "N", "rainHour": 0.0, "pressure": 1001.1875}