{"windPeak": 1.6566082854770925, "windAvg": 0.23621664000000003, "temp": 25.27777777777778, "humidity": 66.0, "direction": "N", "rainHour": 0.0, "pressure": 1008.0}