{"windPeak": 6.185371540392439e-28, "windAvg": 0.0, "temp": 21.72222222222222, "humidity": 68.0, "direction": "N", "rainHour": 0.0, "pressure": 1003.1875}