{"windPeak": 6.283898522906362, "windAvg": 3.4148516400000015, "temp": 11.61111111111111, "humidity": 69.0, "direction": "N", "rainHour": 0.0, "pressure": 1000.6875}