{"windPeak": 1.9199568942897745, "windAvg": 0.43485335999999997, "temp": 19.61111111111111, "humidity": 74.0, "direction": "N", "rainHour": 0.0, "pressure": 993.0}