{"windPeak": 4.840241124945268e-08, "windAvg": 0.0, "temp": 22.277777777777775, "humidity": 65.0, "direction": "N", "rainHour": 0.0, "pressure": 1004.5625}