{"windPeak": 2.2514908595049433e-15, "windAvg": 0.0, "temp": 20.500000000000004, "humidity": 70.0, "direction": "N", "rainHour": 0.0, "pressure": 1004.1875}