{"windPeak": 4.337350598555425, "windAvg": 3.0547106600000014, "temp": 20.72222222222222, "humidity": 62.0, "direction": "N", "rainHour": 0.0, "pressure": 997.5625}