{"windPeak": 1.301728771706424e-08, "windAvg": 0.0, "temp": 26.38888888888889, "humidity": 68.0, "direction": "N", "rainHour": 0.0, "pressure": 1004.5625}