{"windPeak": 2.224896555698158, "windAvg": 0.38698370000000004, "temp": 25.111111111111114, "humidity": 74.0, "direction": "N", "rainHour": 0.0, "pressure": 1005.875}