{"windPeak": 0.0004162268887147812, "windAvg": 0.0, "temp": 25.777777777777782, "humidity": 56.0, "direction": "N", "rainHour": 0.0, "pressure": 1007.25}