{"windPeak": 3.122047758801279, "windAvg": 1.45801142, "temp": 30.388888888888893, "humidity": 65.0, "direction": "N", "rainHour": 0.0, "pressure": 1012.75}