{"windPeak": 1.9217945394166106e-28, "windAvg": 0.0, "temp": 20.388888888888893, "humidity": 85.0, "direction": "N", "rainHour": 0.0, "pressure": 1007.25}