{"windPeak": 8.092452455789688, "windAvg": 2.8055200399999993, "temp": 9.38888888888889, "humidity": 64.0, "direction": "N", "rainHour": 0.0, "pressure": 1006.0625}