{"windPeak": 1.6742517721261634, "windAvg": 0.10155526, "temp": 19.27777777777778, "humidity": 83.0, "direction": "N", "rainHour": 0.0, "pressure": 999.0}