{"windPeak": 2.2907212331722124e-42, "windAvg": 0.0, "temp": 24.111111111111114, "humidity": 86.0, "direction": "N", "rainHour": 0.0, "pressure": 1000.5625}