{"windPeak": 4.364905273588436, "windAvg": 2.0261840199999996, "temp": 22.77777777777778, "humidity": 82.0, "direction": "N", "rainHour": 0.0, "pressure": 1007.0}