{"windPeak": 2.929797158877141, "windAvg": 1.6499374399999995, "temp": 21.500000000000004, "humidity": 79.0, "direction": "N", "rainHour": 0.0, "pressure": 1006.1875}