{"windPeak": 6.302752824595809, "windAvg": 4.567302680000001, "temp": 15.222222222222221, "humidity": 50.0, "direction": "N", "rainHour": 0.0, "pressure": 1004.0625}