{"windPeak": 0.00010532363613665429, "windAvg": 0.0, "temp": 24.111111111111114, "humidity": 81.0, "direction": "N", "rainHour": 0.0, "pressure": 1007.5625}