{"windPeak": 0.0022290684661297124, "windAvg": 0.0, "temp": 21.222222222222225, "humidity": 75.0, "direction": "N", "rainHour": 0.0, "pressure": 1007.25}