{"windPeak": 7.245440328841281e-08, "windAvg": 0.0, "temp": 18.22222222222222, "humidity": 72.0, "direction": "N", "rainHour": 0.0, "pressure": 1011.75}