{"windPeak": 1.799127275120531, "windAvg": 0.5033025000000001, "temp": 23.388888888888886, "humidity": 53.0, "direction": "N", "rainHour": 0.0, "pressure": 1006.75}