{"windPeak": 2.0356971814871375e-45, "windAvg": 0.0, "temp": 25.888888888888886, "humidity": 82.0, "direction": "N", "rainHour": 0.0, "pressure": 1000.1875}