{"windPeak": 1.4747331479641201, "windAvg": 0.12437163999999999, "temp": 22.611111111111114, "humidity": 54.0, "direction": "N", "rainHour": 0.0, "pressure": 1005.25}