{"windPeak": 3.8158246970059843e-41, "windAvg": 0.0, "temp": 12.722222222222221, "humidity": 83.0, "direction": "N", "rainHour": 0.0, "pressure": 1004.0625}