{"windPeak": 9.734946174297571e-33, "windAvg": 0.0, "temp": 18.388888888888886, "humidity": 71.0, "direction": "N", "rainHour": 0.0, "pressure": 1001.0625}