{"windPeak": 7.513312157884104e-09, "windAvg": 0.0, "temp": 15.222222222222221, "humidity": 77.0, "direction": "N", "rainHour": 0.0, "pressure": 1011.0625}