{"windPeak": 4.108562873431206, "windAvg": 2.6842800200000005, "temp": 25.72222222222222, "humidity": 47.0, "direction": "N", "rainHour": 0.0, "pressure": 1005.6875}