{"windPeak": 2.5651740126945373, "windAvg": 0.29795508000000004, "temp": 27.222222222222225, "humidity": 75.0, "direction": "N", "rainHour": 0.0, "pressure": 1003.0625}