{"windPeak": 1.2899796953849503, "windAvg": 0.29795508000000004, "temp": 11.11111111111111, "humidity": 85.0, "direction": "N", "rainHour": 0.0, "pressure": 1008.0625}