{"windPeak": 5.218230836113082, "windAvg": 2.41674676, "temp": 33.77777777777778, "humidity": 28.0, "direction": "N", "rainHour": 0.0, "pressure": 1005.375}