{"windPeak": 3.5796134054324017e-48, "windAvg": 0.0, "temp": 23.22222222222222, "humidity": 81.0, "direction": "N", "rainHour": 0.0, "pressure": 1004.0625}