{"windPeak": 0.6491556546159631, "windAvg": 0.14271421999999997, "temp": 21.11111111111111, "humidity": 75.0, "direction": "N", "rainHour": 0.0, "pressure": 1005.5}