{"windPeak": 0.94556948671491, "windAvg": 0.04563276, "temp": 19.388888888888893, "humidity": 72.0, "direction": "N", "rainHour": 0.0, "pressure": 1009.75}