{"windPeak": 1.8625823860944333, "windAvg": 0.17358343999999998, "temp": 23.61111111111111, "humidity": 83.0, "direction": "N", "rainHour": 0.0, "pressure": 1002.0}