{"windPeak": 6.97724972658396, "windAvg": 1.9210497399999995, "temp": 27.722222222222225, "humidity": 45.0, "direction": "N", "rainHour": 0.0, "pressure": 1014.25}