{"windPeak": 3.4863355069048203, "windAvg": 1.59983088, "temp": 26.222222222222225, "humidity": 77.0, "direction": "N", "rainHour": 0.0, "pressure": 1002.875}