{"windPeak": 0.012169616453884771, "windAvg": 0.0, "temp": 18.61111111111111, "humidity": 60.0, "direction": "N", "rainHour": 0.0, "pressure": 1007.1875}