{"windPeak": 0.3022607496594145, "windAvg": 0.0, "temp": 11.77777777777778, "humidity": 83.0, "direction": "N", "rainHour": 0.0, "pressure": 1007.5}