{"windPeak": 2.217962818190942, "windAvg": 1.0620801200000003, "temp": 19.111111111111114, "humidity": 76.0, "direction": "N", "rainHour": 0.0, "pressure": 1008.375}