{"windPeak": 0.042643918042749786, "windAvg": 0.0, "temp": 21.500000000000004, "humidity": 58.0, "direction": "N", "rainHour": 0.0, "pressure": 1006.875}