{"windPeak": 3.5188679909123612, "windAvg": 1.7734143199999999, "temp": 26.500000000000004, "humidity": 66.0, "direction": "N", "rainHour": 0.0, "pressure": 1006.25}