{"windPeak": 5.587859125678282, "windAvg": 2.56080318, "temp": 23.5, "humidity": 53.0, "direction": "N", "rainHour": 0.0, "pressure": 1002.0}