{"windPeak": 4.184680623790901, "windAvg": 2.5093544199999998, "temp": 18.000000000000004, "humidity": 68.0, "direction": "N", "rainHour": 0.0, "pressure": 1004.5625}