{"windPeak": 3.4946630169467516, "windAvg": 0.9605248599999999, "temp": 23.61111111111111, "humidity": 75.0, "direction": "N", "rainHour": 0.0, "pressure": 1003.375}