{"windPeak": 4.524223304573842, "windAvg": 3.116449100000001, "temp": 27.38888888888889, "humidity": 50.0, "direction": "N", "rainHour": 0.0, "pressure": 1008.1875}