{"windPeak": 12.019987202297646, "windAvg": 5.318454020000003, "temp": 20.222222222222225, "humidity": 43.0, "direction": "N", "rainHour": 0.0, "pressure": 1000.5625}