{"windPeak": 2.8987637004739977, "windAvg": 0.53998766, "temp": 17.38888888888889, "humidity": 86.0, "direction": "N", "rainHour": 0.0, "pressure": 1000.25}