{"windPeak": 4.6754077031145676e-38, "windAvg": 0.0, "temp": 20.111111111111114, "humidity": 67.0, "direction": "N", "rainHour": 0.0, "pressure": 1001.6875}