{"windPeak": 8.381220187049998, "windAvg": 4.989182140000002, "temp": 13.88888888888889, "humidity": 59.0, "direction": "N", "rainHour": 0.0, "pressure": 1003.0}