{"windPeak": 5.06635705329082, "windAvg": 2.3138493799999997, "temp": 26.999999999999996, "humidity": 40.0, "direction": "N", "rainHour": 0.0, "pressure": 1008.875}