{"windPeak": 0.0003273725655729111, "windAvg": 0.0, "temp": 21.611111111111114, "humidity": 70.0, "direction": "N", "rainHour": 0.0, "pressure": 1009.5}