{"windPeak": 7.3505142056556645, "windAvg": 3.2457419999999995, "temp": 24.277777777777782, "humidity": 41.0, "direction": "N", "rainHour": 0.0, "pressure": 998.5}