{"windPeak": 2.805541585128805e-16, "windAvg": 0.0, "temp": 9.000000000000002, "humidity": 80.0, "direction": "N", "rainHour": 0.0, "pressure": 1001.5625}