{"windPeak": 2.315216115819097, "windAvg": 0.06844914, "temp": 22.722222222222225, "humidity": 81.0, "direction": "N", "rainHour": 0.0, "pressure": 1003.0625}