{"windPeak": 4.302940166112536, "windAvg": 2.72320206, "temp": 17.77777777777778, "humidity": 88.0, "direction": "N", "rainHour": 0.0, "pressure": 994.25}