{"windPeak": 1.165955642356294, "windAvg": 0.02281638, "temp": 21.0, "humidity": 80.0, "direction": "N", "rainHour": 0.0, "pressure": 1000.875}