{"windPeak": 8.175165221644969, "windAvg": 3.5794876000000007, "temp": 14.27777777777778, "humidity": 88.0, "direction": "N", "rainHour": 0.0, "pressure": 999.5625}