{"windPeak": 3.734330818992177, "windAvg": 2.6019620800000003, "temp": 18.61111111111111, "humidity": 85.0, "direction": "N", "rainHour": 0.0, "pressure": 1000.25}