{"windPeak": 6.3665273465837, "windAvg": 2.3652980799999996, "temp": 21.222222222222225, "humidity": 58.0, "direction": "N", "rainHour": 0.0, "pressure": 1002.6875}