{"windPeak": 1.1793960382259917e-54, "windAvg": 0.0, "temp": 27.77777777777778, "humidity": 55.0, "direction": "N", "rainHour": 0.0, "pressure": 1003.0625}