{"windPeak": 4.575700006716953, "windAvg": 3.0650004200000005, "temp": 28.277777777777782, "humidity": 63.0, "direction": "N", "rainHour": 0.0, "pressure": 1006.75}