{"windPeak": 4.099979486242621, "windAvg": 2.49906468, "temp": 27.11111111111111, "humidity": 42.0, "direction": "N", "rainHour": 0.0, "pressure": 1010.25}