{"windPeak": 0.01591698787634455, "windAvg": 0.0, "temp": 18.111111111111107, "humidity": 64.0, "direction": "N", "rainHour": 0.0, "pressure": 1008.5625}