{"windPeak": 1.7745127349928427, "windAvg": 0.32524526000000004, "temp": 20.72222222222222, "humidity": 61.0, "direction": "N", "rainHour": 0.0, "pressure": 1004.5}