{"windPeak": 1.7036857455614803e-22, "windAvg": 0.0, "temp": 17.38888888888889, "humidity": 82.0, "direction": "N", "rainHour": 0.0, "pressure": 993.25}