{"windPeak": 3.683223698008328e-14, "windAvg": 0.0, "temp": 20.388888888888893, "humidity": 76.0, "direction": "N", "rainHour": 0.0, "pressure": 1005.6875}