{"windPeak": 9.94877605509359e-33, "windAvg": 0.0, "temp": 21.11111111111111, "humidity": 72.0, "direction": "N", "rainHour": 0.0, "pressure": 1003.1875}