{"windPeak": 2.8552005955398934, "windAvg": 1.2522166200000007, "temp": 29.22222222222222, "humidity": 50.0, "direction": "N", "rainHour": 0.0, "pressure": 1002.5}