{"windPeak": 2.106091617432441e-45, "windAvg": 0.0, "temp": 28.22222222222222, "humidity": 69.0, "direction": "N", "rainHour": 0.0, "pressure": 1006.1875}