{"windPeak": 3.1789974370326335, "windAvg": 1.9926305199999996, "temp": 16.88888888888889, "humidity": 58.0, "direction": "N", "rainHour": 0.0, "pressure": 1006.0}