{"windPeak": 0.42279379862671795, "windAvg": 0.0, "temp": 23.22222222222222, "humidity": 69.0, "direction": "N", "rainHour": 0.0, "pressure": 1012.0625}