{"windPeak": 3.6020093407799076, "windAvg": 2.20066222, "temp": -40.0, "humidity": 0.0, "direction": "N", "rainHour": 0.0, "pressure": 1003.0625}