{"windPeak": 7.385676687373223, "windAvg": 5.0817899, "temp": 26.0, "humidity": 52.0, "direction": "N", "rainHour": 0.0, "pressure": 992.75}