{"windPeak": 9.467111356679946e-27, "windAvg": 0.0, "temp": 21.38888888888889, "humidity": 81.0, "direction": "N", "rainHour": 0.0, "pressure": 1004.6875}