{"windPeak": 6.278384336127007, "windAvg": 2.5813826600000005, "temp": 16.11111111111111, "humidity": 87.0, "direction": "N", "rainHour": 0.0, "pressure": 999.0}