{"windPeak": 0.06128936608201695, "windAvg": 0.0, "temp": 24.111111111111114, "humidity": 58.0, "direction": "N", "rainHour": 0.0, "pressure": 1004.75}