{"windPeak": 4.178755441929873, "windAvg": 1.9411818199999997, "temp": 30.72222222222222, "humidity": 41.0, "direction": "N", "rainHour": 0.0, "pressure": 1008.25}