{"windPeak": 3.0761893684782455, "windAvg": 1.3734566000000004, "temp": 17.611111111111114, "humidity": 87.0, "direction": "N", "rainHour": 0.0, "pressure": 991.1875}