{"windPeak": 4.596621795659305e-30, "windAvg": 0.0, "temp": 20.72222222222222, "humidity": 75.0, "direction": "N", "rainHour": 0.0, "pressure": 1007.875}