{"windPeak": 6.348271070938749e-70, "windAvg": 0.0, "temp": 23.22222222222222, "humidity": 80.0, "direction": "N", "rainHour": 0.0, "pressure": 1003.1875}