{"windPeak": 0.004148449965756826, "windAvg": 0.0, "temp": 24.61111111111111, "humidity": 61.0, "direction": "N", "rainHour": 0.0, "pressure": 1010.375}