{"windPeak": 2.36021994848153e-50, "windAvg": 0.0, "temp": 14.27777777777778, "humidity": 83.0, "direction": "N", "rainHour": 0.0, "pressure": 1004.6875}