{"windPeak": 3.915580491340909e-53, "windAvg": 0.0, "temp": 21.11111111111111, "humidity": 70.0, "direction": "N", "rainHour": 0.0, "pressure": 1007.375}