{"windPeak": 1.5676242767520504e-15, "windAvg": 0.0, "temp": 23.722222222222225, "humidity": 68.0, "direction": "N", "rainHour": 0.0, "pressure": 1009.6875}