{"windPeak": 3.3115566293013807, "windAvg": 2.1366868799999996, "temp": 17.888888888888893, "humidity": 79.0, "direction": "N", "rainHour": 0.0, "pressure": 1007.5625}