{"windPeak": 4.744236120816903, "windAvg": 2.6019620800000003, "temp": 23.277777777777782, "humidity": 37.0, "direction": "N", "rainHour": 0.0, "pressure": 1010.75}