{"windPeak": 0.08659140861868829, "windAvg": 0.0, "temp": 23.722222222222225, "humidity": 77.0, "direction": "N", "rainHour": 0.0, "pressure": 1004.1875}