{"windPeak": 0.0016711068600080915, "windAvg": 0.0, "temp": 24.88888888888889, "humidity": 57.0, "direction": "N", "rainHour": 0.0, "pressure": 996.875}