{"windPeak": 0.00011589319374893688, "windAvg": 0.0, "temp": 24.722222222222225, "humidity": 77.0, "direction": "N", "rainHour": 0.0, "pressure": 1002.5625}