{"windPeak": 11.278772484787321, "windAvg": 3.6206466000000006, "temp": 27.722222222222225, "humidity": 37.0, "direction": "N", "rainHour": 0.0, "pressure": 1004.5625}