{"windPeak": 1.9874410669552277e-57, "windAvg": 0.0, "temp": 23.000000000000004, "humidity": 54.0, "direction": "N", "rainHour": 0.0, "pressure": 1012.6875}