{"windPeak": 1.34124795086185e-06, "windAvg": 0.0, "temp": 23.22222222222222, "humidity": 86.0, "direction": "N", "rainHour": 0.0, "pressure": 1001.1875}