{"windPeak": 3.5047561046583673, "windAvg": 1.8360475199999993, "temp": 32.0, "humidity": 45.0, "direction": "N", "rainHour": 0.0, "pressure": 1003.1875}