{"windPeak": 2.5294275452826754e-47, "windAvg": 0.0, "temp": 13.111111111111112, "humidity": 85.0, "direction": "N", "rainHour": 0.0, "pressure": 1004.25}