{"windPeak": 2.4818157009979873, "windAvg": 1.943418719999998, "temp": -40.0, "humidity": 0.0, "direction": "N", "rainHour": 0.0, "pressure": 1006.75}