{"windPeak": 3.6932755223683054, "windAvg": 1.41014176, "temp": 24.22222222222222, "humidity": 57.0, "direction": "N", "rainHour": 0.0, "pressure": 1005.0}