{"windPeak": 3.9973376714434723, "windAvg": 2.4476159799999997, "temp": 18.5, "humidity": 67.0, "direction": "N", "rainHour": 0.0, "pressure": 1004.5}