{"windPeak": 3.173472022464396, "windAvg": 1.503644179999999, "temp": 23.61111111111111, "humidity": 86.0, "direction": "N", "rainHour": 0.0, "pressure": 994.6875}