{"windPeak": 1.6681006067709876, "windAvg": 0.3288243, "temp": 18.277777777777782, "humidity": 59.0, "direction": "N", "rainHour": 0.0, "pressure": 1006.75}