{"windPeak": 1.9994050883123318, "windAvg": 0.47824922000000003, "temp": 20.388888888888893, "humidity": 82.0, "direction": "N", "rainHour": 0.0, "pressure": 991.5625}