{"windPeak": 4.330907843293463, "windAvg": 2.324139099999999, "temp": 38.22222222222222, "humidity": 37.0, "direction": "N", "rainHour": 0.0, "pressure": 1002.875}