{"windPeak": 4.084883790433065e-33, "windAvg": 0.0, "temp": 21.27777777777778, "humidity": 77.0, "direction": "N", "rainHour": 0.0, "pressure": 1007.75}