{"windPeak": 0.15163894546728993, "windAvg": 0.0, "temp": 23.22222222222222, "humidity": 83.0, "direction": "N", "rainHour": 0.0, "pressure": 1000.1875}