{"windPeak": 0.8345785330646313, "windAvg": 0.15076706, "temp": 16.61111111111111, "humidity": 87.0, "direction": "N", "rainHour": 0.0, "pressure": 1003.0625}