{"windPeak": 1.7130302479297737e-22, "windAvg": 0.0, "temp": 21.38888888888889, "humidity": 76.0, "direction": "N", "rainHour": 0.0, "pressure": 1003.5625}