{"windPeak": 10.588823261596138, "windAvg": 3.383982420000001, "temp": 29.388888888888893, "humidity": 49.0, "direction": "N", "rainHour": 0.0, "pressure": 1007.6875}