{"windPeak": 4.143872339886283, "windAvg": 2.4064570200000004, "temp": -40.0, "humidity": 0.0, "direction": "N", "rainHour": 0.0, "pressure": 1003.0625}