{"windPeak": 4.6983263532421646e-24, "windAvg": 0.0, "temp": 18.722222222222225, "humidity": 70.0, "direction": "N", "rainHour": 0.0, "pressure": 1012.5625}