{"windPeak": 7.571236861980761e-06, "windAvg": 0.0, "temp": 30.61111111111111, "humidity": 59.0, "direction": "N", "rainHour": 0.0, "pressure": 1009.375}