{"windPeak": 2.781680835575787, "windAvg": 0.9166816200000002, "temp": 23.5, "humidity": 48.0, "direction": "N", "rainHour": 0.0, "pressure": 1008.5625}