{"windPeak": 1.6469590848211687e-06, "windAvg": 0.0, "temp": 30.27777777777778, "humidity": 49.0, "direction": "N", "rainHour": 0.0, "pressure": 1013.0625}