{"windPeak": 1.5085885346841727e-16, "windAvg": 0.0, "temp": 27.11111111111111, "humidity": 66.0, "direction": "N", "rainHour": 0.0, "pressure": 1010.1875}