{"windPeak": 1.1141650190142396e-13, "windAvg": 0.0, "temp": 21.77777777777778, "humidity": 66.0, "direction": "N", "rainHour": 0.0, "pressure": 1002.5625}