{"windPeak": 2.0980244593716706, "windAvg": 0.32524526000000004, "temp": 36.611111111111114, "humidity": 49.0, "direction": "N", "rainHour": 0.0, "pressure": 1008.0}