{"windPeak": 3.197503041759308, "windAvg": 1.794888559999999, "temp": 18.000000000000004, "humidity": 60.0, "direction": "N", "rainHour": 0.0, "pressure": 1003.1875}