{"windPeak": 0.5270391977478673, "windAvg": 0.0, "temp": 32.111111111111114, "humidity": 48.0, "direction": "N", "rainHour": 0.0, "pressure": 1008.1875}