{"windPeak": 2.683462269953517, "windAvg": 1.3985098800000002, "temp": 23.11111111111111, "humidity": 60.0, "direction": "N", "rainHour": 0.0, "pressure": 1009.0}