{"windPeak": 9.208578835846103, "windAvg": 3.05471066, "temp": 21.11111111111111, "humidity": 59.0, "direction": "N", "rainHour": 0.0, "pressure": 1002.6875}