{"windPeak": 0.14905903985356192, "windAvg": 0.0, "temp": 23.61111111111111, "humidity": 48.0, "direction": "N", "rainHour": 0.0, "pressure": 1006.5}