{"windPeak": 3.5163713784561503, "windAvg": 1.9264182799999998, "temp": 23.277777777777782, "humidity": 85.0, "direction": "N", "rainHour": 0.0, "pressure": 997.5}