{"windPeak": 4.6111483756338575e-08, "windAvg": 0.0, "temp": 21.888888888888893, "humidity": 73.0, "direction": "N", "rainHour": 0.0, "pressure": 1006.5}