{"windPeak": 4.897061153566656e-08, "windAvg": 0.0, "temp": 20.888888888888886, "humidity": 70.0, "direction": "N", "rainHour": 0.0, "pressure": 1005.875}