{"windPeak": 5.047375631239627, "windAvg": 3.05471068, "temp": 17.38888888888889, "humidity": 88.0, "direction": "N", "rainHour": 0.0, "pressure": 994.0625}