{"windPeak": 4.421347889959064, "windAvg": 2.97239272, "temp": 24.111111111111114, "humidity": 61.0, "direction": "N", "rainHour": 0.0, "pressure": 991.375}