{"windPeak": 1.2781665152128448e-50, "windAvg": 0.0, "temp": 23.000000000000004, "humidity": 74.0, "direction": "N", "rainHour": 0.0, "pressure": 1013.0}