{"windPeak": 0.4939919947826872, "windAvg": 0.0, "temp": 19.777777777777775, "humidity": 74.0, "direction": "N", "rainHour": 0.0, "pressure": 1008.6875}