{"windPeak": 4.2788494795506187e-51, "windAvg": 0.0, "temp": 14.38888888888889, "humidity": 83.0, "direction": "N", "rainHour": 0.0, "pressure": 1004.75}