{"windPeak": 0.000508539348020985, "windAvg": 0.0, "temp": 28.388888888888886, "humidity": 80.0, "direction": "N", "rainHour": 0.0, "pressure": 1000.0625}