{"windPeak": 2.4681936765627372, "windAvg": 0.8518115200000002, "temp": 20.777777777777782, "humidity": 61.0, "direction": "N", "rainHour": 0.0, "pressure": 1005.75}