{"windPeak": 0.023900347989016454, "windAvg": 0.0, "temp": 20.500000000000004, "humidity": 57.0, "direction": "N", "rainHour": 0.0, "pressure": 1004.5625}