{"windPeak": 3.7838330979225696, "windAvg": 0.9976574000000002, "temp": 29.61111111111111, "humidity": 37.0, "direction": "N", "rainHour": 0.0, "pressure": 1007.75}