{"windPeak": 2.5666798559742414, "windAvg": 1.1748198800000003, "temp": 19.27777777777778, "humidity": 85.0, "direction": "N", "rainHour": 0.0, "pressure": 996.0}