{"windPeak": 4.304646694608415, "windAvg": 2.5505133800000004, "temp": 23.722222222222225, "humidity": 77.0, "direction": "N", "rainHour": 0.0, "pressure": 1009.0}