{"windPeak": 9.134494209586162, "windAvg": 3.3531131600000004, "temp": 33.611111111111114, "humidity": 37.0, "direction": "N", "rainHour": 0.0, "pressure": 995.0}