{"windPeak": 7.2296209664820985, "windAvg": 4.361507880000001, "temp": 32.611111111111114, "humidity": 37.0, "direction": "N", "rainHour": 0.0, "pressure": 994.0625}