{"windPeak": 4.137417008197175e-66, "windAvg": 0.0, "temp": 23.388888888888886, "humidity": 80.0, "direction": "N", "rainHour": 0.0, "pressure": 1003.5625}