{"windPeak": 3.0592319617097146, "windAvg": 1.918365439999999, "temp": 31.222222222222225, "humidity": 62.0, "direction": "N", "rainHour": 0.0, "pressure": 1012.1875}