{"windPeak": 1.3181829983330458, "windAvg": 0.06844914, "temp": 13.499999999999998, "humidity": 69.0, "direction": "N", "rainHour": 0.0, "pressure": 1001.0625}