{"windPeak": 11.93962028478332, "windAvg": 5.020051479999999, "temp": 17.11111111111111, "humidity": 80.0, "direction": "N", "rainHour": 0.0, "pressure": 999.5625}