{"windPeak": 4.586730316701086, "windAvg": 2.68428006, "temp": 18.388888888888886, "humidity": 86.0, "direction": "N", "rainHour": 0.0, "pressure": 999.75}