{"windPeak": 2.664107937131909, "windAvg": 0.8549431800000004, "temp": 33.72222222222223, "humidity": 39.0, "direction": "N", "rainHour": 0.0, "pressure": 1002.25}