{"windPeak": 1.328182834569093, "windAvg": 0.07873888, "temp": 24.499999999999996, "humidity": 62.0, "direction": "N", "rainHour": 0.0, "pressure": 1009.6875}