{"windPeak": 5.477139727441535, "windAvg": 3.106159360000001, "temp": 27.611111111111114, "humidity": 74.0, "direction": "N", "rainHour": 0.0, "pressure": 1002.1875}