{"windPeak": 6.821972434222584, "windAvg": 2.67756934, "temp": 27.722222222222225, "humidity": 37.0, "direction": "N", "rainHour": 0.0, "pressure": 1006.875}