{"windPeak": 3.5426511774053466, "windAvg": 0.43261646, "temp": 23.000000000000004, "humidity": 77.0, "direction": "N", "rainHour": 0.0, "pressure": 1000.0}