{"windPeak": 1.8241295082237396, "windAvg": 0.24426947999999998, "temp": 11.61111111111111, "humidity": 85.0, "direction": "N", "rainHour": 0.0, "pressure": 1007.75}