{"windPeak": 1.714426861038614, "windAvg": 0.26708586, "temp": 21.77777777777778, "humidity": 72.0, "direction": "N", "rainHour": 0.0, "pressure": 1009.0}