{"windPeak": 3.7996647068457103, "windAvg": 2.1814248800000002, "temp": 27.11111111111111, "humidity": 55.0, "direction": "N", "rainHour": 0.0, "pressure": 1007.375}