{"windPeak": 1.8145742043139332, "windAvg": 0.18029414000000002, "temp": 17.0, "humidity": 64.0, "direction": "N", "rainHour": 0.0, "pressure": 1006.875}