{"windPeak": 5.940688506394593, "windAvg": 3.4971696000000008, "temp": 34.888888888888886, "humidity": 36.0, "direction": "N", "rainHour": 0.0, "pressure": 1006.5}