{"windPeak": 2.9346290629939125, "windAvg": 1.54480314, "temp": 26.11111111111111, "humidity": 65.0, "direction": "N", "rainHour": 0.0, "pressure": 1006.375}