{"windPeak": 3.7122492750354406, "windAvg": 0.79499426, "temp": 29.111111111111114, "humidity": 61.0, "direction": "N", "rainHour": 0.0, "pressure": 1007.5625}