{"windPeak": 2.6273229348467646e-20, "windAvg": 0.0, "temp": 21.72222222222222, "humidity": 65.0, "direction": "N", "rainHour": 0.0, "pressure": 1003.6875}