{"windPeak": 4.222741122400584, "windAvg": 2.2717956399999992, "temp": 35.22222222222223, "humidity": 36.0, "direction": "N", "rainHour": 0.0, "pressure": 1006.5}