{"windPeak": 0.03084402288892266, "windAvg": 0.0, "temp": 22.77777777777778, "humidity": 68.0, "direction": "N", "rainHour": 0.0, "pressure": 1002.75}