{"windPeak": 7.378718988626231, "windAvg": 3.558908000000001, "temp": 23.5, "humidity": 49.0, "direction": "N", "rainHour": 0.0, "pressure": 1005.6875}