{"windPeak": 7.146144944707096, "windAvg": 3.970497720000003, "temp": 30.0, "humidity": 38.0, "direction": "N", "rainHour": 0.0, "pressure": 1009.25}