{"windPeak": 0.024027059450942294, "windAvg": 0.0, "temp": 24.88888888888889, "humidity": 59.0, "direction": "N", "rainHour": 0.0, "pressure": 1010.1875}