{"windPeak": 2.62726449616611, "windAvg": 1.6441215, "temp": 37.0, "humidity": 36.0, "direction": "N", "rainHour": 0.0, "pressure": 1001.6875}