{"windPeak": 4.143336800672265, "windAvg": 2.931233760000002, "temp": 32.27777777777778, "humidity": 56.0, "direction": "N", "rainHour": 0.0, "pressure": 1005.75}