{"windPeak": 5.386319842366797, "windAvg": 2.6511739, "temp": 8.88888888888889, "humidity": 66.0, "direction": "N", "rainHour": 0.0, "pressure": 1006.25}