{"windPeak": 5.746432490336886, "windAvg": 3.1267389000000008, "temp": 19.499999999999996, "humidity": 76.0, "direction": "N", "rainHour": 0.0, "pressure": 999.875}