{"windPeak": 6.269538159289196, "windAvg": 3.733833620000002, "temp": 24.22222222222222, "humidity": 72.0, "direction": "N", "rainHour": 0.0, "pressure": 989.875}