{"windPeak": 0.029872444407508775, "windAvg": 0.0, "temp": 23.388888888888886, "humidity": 77.0, "direction": "N", "rainHour": 0.0, "pressure": 1000.25}