{"windPeak": 8.131901271878055, "windAvg": 3.67209514, "temp": 26.11111111111111, "humidity": 46.0, "direction": "N", "rainHour": 0.0, "pressure": 1006.6875}