{"windPeak": 1.2401621349270873, "windAvg": 0.0, "temp": 24.722222222222225, "humidity": 73.0, "direction": "N", "rainHour": 0.0, "pressure": 989.5625}