{"windPeak": 1.5303262514772685e-35, "windAvg": 0.0, "temp": 18.111111111111107, "humidity": 83.0, "direction": "N", "rainHour": 0.0, "pressure": 1000.0}