{"windPeak": 1.7319797460951762, "windAvg": 0.02281638, "temp": 19.88888888888889, "humidity": 84.0, "direction": "N", "rainHour": 0.0, "pressure": 989.875}