{"windPeak": 0.3548059688415664, "windAvg": 0.0, "temp": 23.722222222222225, "humidity": 76.0, "direction": "N", "rainHour": 0.0, "pressure": 1000.375}