{"windPeak": 0.013233916028910048, "windAvg": 0.0, "temp": 23.11111111111111, "humidity": 70.0, "direction": "N", "rainHour": 0.0, "pressure": 1011.875}