{"windPeak": 3.593223531055245, "windAvg": 1.8463372599999996, "temp": 30.72222222222222, "humidity": 58.0, "direction": "N", "rainHour": 0.0, "pressure": 1005.375}