{"windPeak": 3.23983345586684, "windAvg": 2.097764819999999, "temp": 38.277777777777786, "humidity": 51.0, "direction": "N", "rainHour": 0.0, "pressure": 999.5625}