{"windPeak": 2.674581716250773, "windAvg": 0.8858124, "temp": 37.111111111111114, "humidity": 39.0, "direction": "N", "rainHour": 0.0, "pressure": 1002.5}