{"windPeak": 2.0464416701579, "windAvg": 0.13242448000000004, "temp": 21.0, "humidity": 69.0, "direction": "N", "rainHour": 0.0, "pressure": 1008.875}