{"windPeak": 1.8007878918282803, "windAvg": 0.5466983599999999, "temp": 27.888888888888893, "humidity": 66.0, "direction": "N", "rainHour": 0.0, "pressure": 1005.6875}