{"windPeak": 5.16848015240454e-10, "windAvg": 0.0, "temp": 17.77777777777778, "humidity": 74.0, "direction": "N", "rainHour": 0.0, "pressure": 1004.0}