{"windPeak": 3.6763371592790315, "windAvg": 1.9675772399999998, "temp": 15.888888888888891, "humidity": 87.0, "direction": "N", "rainHour": 0.0, "pressure": 1004.375}