{"windPeak": 1.5400858978035088e-31, "windAvg": 0.0, "temp": 24.22222222222222, "humidity": 68.0, "direction": "N", "rainHour": 0.0, "pressure": 1006.6875}