{"windPeak": 6.671744227685373, "windAvg": 2.51293352, "temp": 26.500000000000004, "humidity": 44.0, "direction": "N", "rainHour": 0.0, "pressure": 1004.875}