{"windPeak": 2.1017292283939284, "windAvg": 0.4030894, "temp": 24.000000000000004, "humidity": 64.0, "direction": "N", "rainHour": 0.0, "pressure": 1008.5625}