{"windPeak": 0.21687159742178613, "windAvg": 0.0, "temp": 26.222222222222225, "humidity": 69.0, "direction": "N", "rainHour": 0.0, "pressure": 1000.75}