{"windPeak": 0.00054523069821253, "windAvg": 0.0, "temp": 13.777777777777777, "humidity": 79.0, "direction": "N", "rainHour": 0.0, "pressure": 1011.0}