{"windPeak": 3.476071741565014, "windAvg": 1.3246921800000004, "temp": 21.11111111111111, "humidity": 59.0, "direction": "N", "rainHour": 0.0, "pressure": 996.1875}