{"windPeak": 5.153853227587472, "windAvg": 2.4534319200000003, "temp": 25.388888888888893, "humidity": 50.0, "direction": "N", "rainHour": 0.0, "pressure": 1007.75}