{"windPeak": 3.132278673509777, "windAvg": 1.66156932, "temp": 24.61111111111111, "humidity": 65.0, "direction": "N", "rainHour": 0.0, "pressure": 1012.0625}