{"windPeak": 3.6855489209449224, "windAvg": 2.51964416, "temp": 32.77777777777778, "humidity": 48.0, "direction": "N", "rainHour": 0.0, "pressure": 1011.5625}