{"windPeak": 0.0023336024384492658, "windAvg": 0.0, "temp": 19.000000000000004, "humidity": 82.0, "direction": "N", "rainHour": 0.0, "pressure": 1004.0625}