{"windPeak": 0.5263530826942807, "windAvg": 0.0, "temp": 18.22222222222222, "humidity": 81.0, "direction": "N", "rainHour": 0.0, "pressure": 1010.0}