{"windPeak": 1.822677552952252e-05, "windAvg": 0.0, "temp": 26.777777777777782, "humidity": 67.0, "direction": "N", "rainHour": 0.0, "pressure": 1003.375}