{"windPeak": 2.6855772501643482, "windAvg": 1.864679839999999, "temp": 22.38888888888889, "humidity": 82.0, "direction": "N", "rainHour": 0.0, "pressure": 1007.375}