{"windPeak": 4.8082148119927375, "windAvg": 3.157608100000001, "temp": 22.77777777777778, "humidity": 76.0, "direction": "N", "rainHour": 0.0, "pressure": 1000.5625}