{"windPeak": 0.5602482733547293, "windAvg": 0.0, "temp": 24.88888888888889, "humidity": 75.0, "direction": "N", "rainHour": 0.01, "pressure": 1006.1875}