{"windPeak": 8.649531073918976e-48, "windAvg": 0.0, "temp": 23.61111111111111, "humidity": 67.0, "direction": "N", "rainHour": 0.0, "pressure": 1003.1875}