{"windPeak": 5.77215073342803, "windAvg": 2.59167234, "temp": 21.38888888888889, "humidity": 81.0, "direction": "N", "rainHour": 0.0, "pressure": 995.25}