{"windPeak": 3.4550745312187066, "windAvg": 0.57219902, "temp": 25.72222222222222, "humidity": 63.0, "direction": "N", "rainHour": 0.0, "pressure": 1009.375}