{"windPeak": 1.6576482169648752, "windAvg": 0.18029414, "temp": 7.888888888888891, "humidity": 79.0, "direction": "N", "rainHour": 0.0, "pressure": 1000.5}