{"windPeak": 7.195270991431909e-08, "windAvg": 0.0, "temp": 18.88888888888889, "humidity": 86.0, "direction": "N", "rainHour": 0.0, "pressure": 1004.375}