{"windPeak": 0.00010918181370450097, "windAvg": 0.0, "temp": 26.11111111111111, "humidity": 51.0, "direction": "N", "rainHour": 0.0, "pressure": 1008.875}