{"windPeak": 4.271882389727583, "windAvg": 1.7497031800000002, "temp": 23.61111111111111, "humidity": 75.0, "direction": "N", "rainHour": 0.0, "pressure": 1003.875}