{"windPeak": 3.4988390777807448, "windAvg": 1.9210497200000005, "temp": -40.0, "humidity": 0.0, "direction": "N", "rainHour": 0.0, "pressure": 1007.1875}