{"windPeak": 4.819476292139771, "windAvg": 2.1299762, "temp": 30.61111111111111, "humidity": 46.0, "direction": "N", "rainHour": 0.0, "pressure": 1002.0}