{"windPeak": 4.8427042116150245, "windAvg": 0.6258846199999999, "temp": 17.888888888888893, "humidity": 87.0, "direction": "N", "rainHour": 0.0, "pressure": 990.6875}