{"windPeak": 3.456236837378615, "windAvg": 2.4784852, "temp": 26.72222222222222, "humidity": 67.0, "direction": "N", "rainHour": 0.0, "pressure": 989.6875}