{"windPeak": 3.587643443702069, "windAvg": 1.827099919999999, "temp": 24.22222222222222, "humidity": 71.0, "direction": "N", "rainHour": 0.0, "pressure": 1006.25}