{"windPeak": 3.601117419895206, "windAvg": 1.0549220400000001, "temp": 23.11111111111111, "humidity": 77.0, "direction": "N", "rainHour": 0.0, "pressure": 1003.75}