{"windPeak": 6.583977640514598e-17, "windAvg": 0.0, "temp": 23.77777777777778, "humidity": 70.0, "direction": "N", "rainHour": 0.0, "pressure": 1004.375}