{"windPeak": 9.396314066557443, "windAvg": 4.176292400000001, "temp": 14.500000000000002, "humidity": 88.0, "direction": "N", "rainHour": 0.0, "pressure": 1000.5625}