{"windPeak": 3.4638795307055608, "windAvg": 1.9926305199999994, "temp": 35.888888888888886, "humidity": 48.0, "direction": "N", "rainHour": 0.0, "pressure": 1005.1875}