{"windPeak": 4.734887692503888, "windAvg": 2.8569687000000012, "temp": 30.888888888888886, "humidity": 47.0, "direction": "N", "rainHour": 0.0, "pressure": 1001.5}