{"windPeak": 1.9637654562888198, "windAvg": 0.0, "temp": 24.111111111111114, "humidity": 49.0, "direction": "N", "rainHour": 0.0, "pressure": 1006.0}