{"windPeak": 5.837111740805965, "windAvg": 2.9209440600000005, "temp": 17.77777777777778, "humidity": 88.0, "direction": "N", "rainHour": 0.0, "pressure": 995.0625}