{"windPeak": 2.042545239015814, "windAvg": 0.7269925, "temp": 17.27777777777778, "humidity": 71.0, "direction": "N", "rainHour": 0.0, "pressure": 1003.875}