{"windPeak": 2.69394676752005, "windAvg": 1.2889017800000004, "temp": 25.27777777777778, "humidity": 74.0, "direction": "N", "rainHour": 0.0, "pressure": 1009.25}