{"windPeak": 5.6224426112809125, "windAvg": 2.9723927200000007, "temp": 22.22222222222222, "humidity": 59.0, "direction": "N", "rainHour": 0.0, "pressure": 999.0}