{"windPeak": 3.2853677543231794, "windAvg": 1.39985202, "temp": 27.888888888888893, "humidity": 63.0, "direction": "N", "rainHour": 0.0, "pressure": 1007.5}