{"windPeak": 0.004864555299935444, "windAvg": 0.0, "temp": 24.722222222222225, "humidity": 74.0, "direction": "N", "rainHour": 0.0, "pressure": 1005.6875}