{"windPeak": 4.740501728072816, "windAvg": 3.4560105400000016, "temp": 24.61111111111111, "humidity": 59.0, "direction": "N", "rainHour": 0.0, "pressure": 991.5625}