{"windPeak": 3.5929215618925263, "windAvg": 1.9926305199999998, "temp": 32.22222222222222, "humidity": 42.0, "direction": "N", "rainHour": 0.0, "pressure": 1006.5625}