{"windPeak": 1.6244489459228095, "windAvg": 0.09126552, "temp": 12.222222222222223, "humidity": 83.0, "direction": "N", "rainHour": 0.0, "pressure": 1007.5625}