{"windPeak": 0.062008847497316534, "windAvg": 0.0, "temp": 21.500000000000004, "humidity": 62.0, "direction": "N", "rainHour": 0.0, "pressure": 1006.5}