{"windPeak": 0.8189091170112809, "windAvg": 0.04563276, "temp": 23.61111111111111, "humidity": 52.0, "direction": "N", "rainHour": 0.0, "pressure": 1005.375}