{"windPeak": 4.552797618518299, "windAvg": 2.51964416, "temp": 23.22222222222222, "humidity": 62.0, "direction": "N", "rainHour": 0.0, "pressure": 1001.75}