{"windPeak": 6.167193376470577, "windAvg": 2.7871774000000005, "temp": 26.222222222222225, "humidity": 46.0, "direction": "N", "rainHour": 0.0, "pressure": 1004.875}