{"windPeak": 0.36006936748831725, "windAvg": 0.0, "temp": 32.27777777777778, "humidity": 43.0, "direction": "N", "rainHour": 0.0, "pressure": 1013.1875}