{"windPeak": 0.5833298173570824, "windAvg": 0.23979568, "temp": 23.388888888888886, "humidity": 56.0, "direction": "N", "rainHour": 0.0, "pressure": 1009.25}