{"windPeak": 4.688041899444795, "windAvg": 2.92094408, "temp": 24.000000000000004, "humidity": 86.0, "direction": "N", "rainHour": 0.0, "pressure": 992.5}