{"windPeak": 4.000396154667447e-12, "windAvg": 0.0, "temp": 23.88888888888889, "humidity": 78.0, "direction": "N", "rainHour": 0.0, "pressure": 1003.1875}