{"windPeak": 2.260457564657188e-33, "windAvg": 0.0, "temp": 23.88888888888889, "humidity": 79.0, "direction": "N", "rainHour": 0.0, "pressure": 1002.875}