{"windPeak": 1.1575587708626034, "windAvg": 0.0, "temp": 27.611111111111114, "humidity": 37.0, "direction": "N", "rainHour": 0.0, "pressure": 1005.875}