{"windPeak": 2.852627661118511e-13, "windAvg": 0.0, "temp": 21.11111111111111, "humidity": 85.0, "direction": "N", "rainHour": 0.0, "pressure": 1007.1875}