{"windPeak": 3.1609191558012397, "windAvg": 0.29124437999999997, "temp": 35.0, "humidity": 45.0, "direction": "N", "rainHour": 0.0, "pressure": 1011.375}