{"windPeak": 9.806615912193514e-12, "windAvg": 0.0, "temp": 21.999999999999996, "humidity": 74.0, "direction": "N", "rainHour": 0.0, "pressure": 1010.5}