{"windPeak": 2.5061460521637176, "windAvg": 0.1610568, "temp": 25.72222222222222, "humidity": 77.0, "direction": "N", "rainHour": 0.0, "pressure": 986.875}