{"windPeak": 5.531352872120467, "windAvg": 1.2025574600000004, "temp": 30.500000000000004, "humidity": 34.0, "direction": "N", "rainHour": 0.0, "pressure": 1009.75}