{"windPeak": 2.1405900304297965, "windAvg": 0.7855992800000001, "temp": 27.888888888888893, "humidity": 51.0, "direction": "N", "rainHour": 0.0, "pressure": 1002.75}