{"windPeak": 1.379998683598559, "windAvg": 0.14718802, "temp": 17.888888888888893, "humidity": 69.0, "direction": "N", "rainHour": 0.0, "pressure": 1003.75}