{"windPeak": 1.3185891179269608e-09, "windAvg": 0.0, "temp": 24.61111111111111, "humidity": 59.0, "direction": "N", "rainHour": 0.0, "pressure": 1003.6875}