{"windPeak": 1.5991681265252016e-19, "windAvg": 0.0, "temp": 19.27777777777778, "humidity": 78.0, "direction": "N", "rainHour": 0.0, "pressure": 998.375}