{"windPeak": 1.4911889201519157e-07, "windAvg": 0.0, "temp": 28.22222222222222, "humidity": 73.0, "direction": "N", "rainHour": 0.0, "pressure": 1001.75}