{"windPeak": 5.593509537893705, "windAvg": 3.157608060000001, "temp": 23.77777777777778, "humidity": 58.0, "direction": "N", "rainHour": 0.0, "pressure": 1002.875}