{"windPeak": 3.3062165209109264, "windAvg": 1.20479434, "temp": 17.77777777777778, "humidity": 88.0, "direction": "N", "rainHour": 0.0, "pressure": 993.5}