{"windPeak": 14.911051918636318, "windAvg": 6.470904920000001, "temp": 14.888888888888888, "humidity": 55.0, "direction": "N", "rainHour": 0.0, "pressure": 1002.0}