{"windPeak": 1.8184906713890544e-05, "windAvg": 0.0, "temp": 24.277777777777782, "humidity": 80.0, "direction": "N", "rainHour": 0.0, "pressure": 1007.6875}