{"windPeak": 5.644460559344139, "windAvg": 3.1884773, "temp": 22.722222222222225, "humidity": 69.0, "direction": "N", "rainHour": 0.0, "pressure": 993.0}