{"windPeak": 10.298137648189037, "windAvg": 4.495274600000003, "temp": 21.888888888888893, "humidity": 41.0, "direction": "N", "rainHour": 0.0, "pressure": 1000.1875}