{"windPeak": 5.676680054109876, "windAvg": 3.2502158000000008, "temp": 26.888888888888893, "humidity": 36.0, "direction": "N", "rainHour": 0.0, "pressure": 1006.375}