{"windPeak": 2.6704647562964365, "windAvg": 1.5331712600000003, "temp": 19.777777777777775, "humidity": 63.0, "direction": "N", "rainHour": 0.0, "pressure": 1006.875}