{"windPeak": 9.939772064558048e-13, "windAvg": 0.0, "temp": 22.611111111111114, "humidity": 81.0, "direction": "N", "rainHour": 0.0, "pressure": 1004.0625}