{"windPeak": 1.2506442288208944e-44, "windAvg": 0.0, "temp": 16.38888888888889, "humidity": 75.0, "direction": "N", "rainHour": 0.0, "pressure": 1010.5}