{"windPeak": 1.985991435930822, "windAvg": 0.08902861999999999, "temp": 19.88888888888889, "humidity": 72.0, "direction": "N", "rainHour": 0.0, "pressure": 1010.1875}