{"windPeak": 0.26260060734319973, "windAvg": 0.0, "temp": 30.27777777777778, "humidity": 67.0, "direction": "N", "rainHour": 0.0, "pressure": 1001.0625}