{"windPeak": 2.796636442043838e-09, "windAvg": 0.0, "temp": 25.777777777777782, "humidity": 68.0, "direction": "N", "rainHour": 0.0, "pressure": 1004.0}