{"windPeak": 0.009872547489237563, "windAvg": 0.0, "temp": 28.000000000000004, "humidity": 65.0, "direction": "N", "rainHour": 0.0, "pressure": 1007.75}