{"windPeak": 4.735529362573082, "windAvg": 2.6637005400000002, "temp": 29.000000000000004, "humidity": 39.0, "direction": "N", "rainHour": 0.0, "pressure": 1009.25}