{"windPeak": 0.13207495733015204, "windAvg": 0.0, "temp": 14.38888888888889, "humidity": 72.0, "direction": "N", "rainHour": 0.0, "pressure": 1004.5}