{"windPeak": 8.70894254706379e-26, "windAvg": 0.0, "temp": 24.277777777777782, "humidity": 80.0, "direction": "N", "rainHour": 0.0, "pressure": 1002.5}