{"windPeak": 7.724948688085898, "windAvg": 3.7647028400000018, "temp": 30.61111111111111, "humidity": 52.0, "direction": "N", "rainHour": 0.0, "pressure": 1006.1875}