{"windPeak": 8.146336529848984, "windAvg": 3.0855799799999994, "temp": 21.999999999999996, "humidity": 64.0, "direction": "N", "rainHour": 0.0, "pressure": 1008.25}