{"windPeak": 1.9836916137441312, "windAvg": 0.06621223999999999, "temp": 38.22222222222222, "humidity": 49.0, "direction": "N", "rainHour": 0.0, "pressure": 1000.25}