{"windPeak": 4.676894000308195, "windAvg": 3.034131200000002, "temp": 28.61111111111111, "humidity": 40.0, "direction": "N", "rainHour": 0.0, "pressure": 1004.1875}