{"windPeak": 4.6099275301866545, "windAvg": 1.89689124, "temp": 17.77777777777778, "humidity": 87.0, "direction": "N", "rainHour": 0.0, "pressure": 989.875}