{"windPeak": 4.205164701305649, "windAvg": 2.540223640000001, "temp": 22.722222222222225, "humidity": 79.0, "direction": "N", "rainHour": 0.0, "pressure": 1009.5}