{"windPeak": 1.665353204787437, "windAvg": 0.41651077999999997, "temp": 24.277777777777782, "humidity": 58.0, "direction": "N", "rainHour": 0.0, "pressure": 1006.6875}