{"windPeak": 0.7600296599493044, "windAvg": 0.043395859999999994, "temp": 23.77777777777778, "humidity": 72.0, "direction": "N", "rainHour": 0.0, "pressure": 1008.1875}