{"windPeak": 2.029109000540679e-34, "windAvg": 0.0, "temp": 12.888888888888891, "humidity": 80.0, "direction": "N", "rainHour": 0.0, "pressure": 1003.5625}