{"windPeak": 3.612742006623737, "windAvg": 1.9845776799999997, "temp": 20.0, "humidity": 55.0, "direction": "N", "rainHour": 0.0, "pressure": 1003.1875}