{"windPeak": 8.365780537936498e-08, "windAvg": 0.0, "temp": 13.388888888888891, "humidity": 80.0, "direction": "N", "rainHour": 0.0, "pressure": 1010.6875}