{"windPeak": 3.152692909318515e-19, "windAvg": 0.0, "temp": 28.61111111111111, "humidity": 59.0, "direction": "N", "rainHour": 0.0, "pressure": 1004.25}