{"windPeak": 2.653933223278235, "windAvg": 0.51135534, "temp": 19.777777777777775, "humidity": 81.0, "direction": "N", "rainHour": 0.0, "pressure": 1006.0625}