{"windPeak": 10.203363588549236, "windAvg": 4.855415420000003, "temp": 15.277777777777779, "humidity": 56.0, "direction": "N", "rainHour": 0.0, "pressure": 1002.1875}