{"windPeak": 6.495713845499806, "windAvg": 3.4868798800000014, "temp": 27.722222222222225, "humidity": 56.0, "direction": "N", "rainHour": 0.0, "pressure": 1007.875}