{"windPeak": 1.63230160975268, "windAvg": 0.24874328, "temp": 16.722222222222225, "humidity": 67.0, "direction": "N", "rainHour": 0.0, "pressure": 1007.6875}