{"windPeak": 1.5859580813775145, "windAvg": 0.12213473999999998, "temp": 20.888888888888886, "humidity": 73.0, "direction": "N", "rainHour": 0.0, "pressure": 1009.375}