{"windPeak": 1.295877610466701e-31, "windAvg": 0.0, "temp": 29.000000000000004, "humidity": 56.0, "direction": "N", "rainHour": 0.0, "pressure": 1008.5625}