{"windPeak": 2.9404793895616472, "windAvg": 1.0844491200000004, "temp": 18.388888888888886, "humidity": 86.0, "direction": "N", "rainHour": 0.0, "pressure": 987.75}