{"windPeak": 1.6068088827909996, "windAvg": 0.6540695599999999, "temp": 25.388888888888893, "humidity": 68.0, "direction": "N", "rainHour": 0.0, "pressure": 1006.75}