{"windPeak": 2.2319227318762436, "windAvg": 0.5923311200000001, "temp": 30.222222222222225, "humidity": 43.0, "direction": "N", "rainHour": 0.0, "pressure": 1004.375}