{"windPeak": 6.3261807964767085, "windAvg": 3.3119542400000004, "temp": 28.000000000000004, "humidity": 34.0, "direction": "N", "rainHour": 0.0, "pressure": 1005.875}