{"windPeak": 1.5608114177679473, "windAvg": 0.13466138, "temp": 17.5, "humidity": 68.0, "direction": "N", "rainHour": 0.0, "pressure": 1006.5}