{"windPeak": 4.418018214420785, "windAvg": 2.0955279199999994, "temp": 25.388888888888893, "humidity": 40.0, "direction": "N", "rainHour": 0.0, "pressure": 1005.5625}