{"windPeak": 5.336546248013559, "windAvg": 2.9415235000000006, "temp": 24.111111111111114, "humidity": 87.0, "direction": "N", "rainHour": 0.0, "pressure": 990.875}