{"windPeak": 4.38521939384795e-40, "windAvg": 0.0, "temp": 26.38888888888889, "humidity": 71.0, "direction": "N", "rainHour": 0.0, "pressure": 1006.0625}