{"windPeak": 2.5745430662748183, "windAvg": 0.54446146, "temp": 19.111111111111114, "humidity": 85.0, "direction": "N", "rainHour": 0.0, "pressure": 989.6875}