{"windPeak": 2.4177780835482676, "windAvg": 0.43261646, "temp": 19.499999999999996, "humidity": 85.0, "direction": "N", "rainHour": 0.0, "pressure": 995.875}