{"windPeak": 6.011131854335435, "windAvg": 3.0032619799999996, "temp": 22.611111111111114, "humidity": 89.0, "direction": "N", "rainHour": 0.0, "pressure": 991.5625}