{"windPeak": 1.8215908421096112, "windAvg": 0.0, "temp": 26.888888888888893, "humidity": 74.0, "direction": "N", "rainHour": 0.0, "pressure": 988.0}