{"windPeak": 5.187999624541367, "windAvg": 2.4270364999999994, "temp": 31.777777777777782, "humidity": 56.0, "direction": "N", "rainHour": 0.0, "pressure": 1002.5625}