{"windPeak": 4.868177461245756, "windAvg": 2.67399028, "temp": 29.777777777777775, "humidity": 47.0, "direction": "N", "rainHour": 0.0, "pressure": 1002.0625}