{"windPeak": 3.7074348177380223, "windAvg": 2.3688771, "temp": 33.00000000000001, "humidity": 52.0, "direction": "N", "rainHour": 0.0, "pressure": 1007.5}