{"windPeak": 8.457033168385545, "windAvg": 5.53453834, "temp": 26.777777777777782, "humidity": 51.0, "direction": "N", "rainHour": 0.0, "pressure": 993.0}