{"windPeak": 2.5147516401234252e-30, "windAvg": 0.0, "temp": 20.500000000000004, "humidity": 79.0, "direction": "N", "rainHour": 0.0, "pressure": 1005.0625}