{"windPeak": 3.3909553619182677, "windAvg": 1.7984675999999995, "temp": 29.777777777777775, "humidity": 44.0, "direction": "N", "rainHour": 0.0, "pressure": 1007.0}