{"windPeak": 6.133784869753076, "windAvg": 3.3839824199999997, "temp": 11.88888888888889, "humidity": 68.0, "direction": "N", "rainHour": 0.0, "pressure": 1000.5625}