{"windPeak": 3.1268149732706823, "windAvg": 0.31048171999999996, "temp": 24.777777777777775, "humidity": 80.0, "direction": "N", "rainHour": 0.0, "pressure": 1001.5625}