{"windPeak": 2.9346080200893403, "windAvg": 1.3166393399999998, "temp": 24.61111111111111, "humidity": 76.0, "direction": "N", "rainHour": 0.0, "pressure": 989.375}