{"windPeak": 0.02997907396942082, "windAvg": 0.0, "temp": 20.27777777777778, "humidity": 62.0, "direction": "N", "rainHour": 0.0, "pressure": 1006.375}