{"windPeak": 3.259085659097158, "windAvg": 0.13242447999999998, "temp": 24.000000000000004, "humidity": 80.0, "direction": "N", "rainHour": 0.0, "pressure": 1002.0}