{"windPeak": 3.350904229784623, "windAvg": 2.221241699999999, "temp": 30.61111111111111, "humidity": 57.0, "direction": "N", "rainHour": 0.0, "pressure": 1006.5}