{"windPeak": 3.6640946776717507, "windAvg": 1.7242025199999995, "temp": 8.111111111111112, "humidity": 71.0, "direction": "N", "rainHour": 0.0, "pressure": 1006.0625}