{"windPeak": 2.684717662868621, "windAvg": 1.4589061800000005, "temp": 29.88888888888889, "humidity": 45.0, "direction": "N", "rainHour": 0.0, "pressure": 1006.6875}