{"windPeak": 3.681197128785532e-07, "windAvg": 0.0, "temp": 22.22222222222222, "humidity": 72.0, "direction": "N", "rainHour": 0.0, "pressure": 1012.0625}