{"windPeak": 3.650691625485922, "windAvg": 2.1903724799999993, "temp": 31.222222222222225, "humidity": 57.0, "direction": "N", "rainHour": 0.0, "pressure": 1006.1875}