{"windPeak": 6.068624271494653e-24, "windAvg": 0.0, "temp": 29.777777777777775, "humidity": 50.0, "direction": "N", "rainHour": 0.0, "pressure": 1009.375}