{"windPeak": 0.8515020746328785, "windAvg": 0.14047732, "temp": 24.22222222222222, "humidity": 74.0, "direction": "N", "rainHour": 0.0, "pressure": 1003.5625}