{"windPeak": 3.9232144198811305, "windAvg": 2.2726904, "temp": 32.88888888888889, "humidity": 55.0, "direction": "N", "rainHour": 0.0, "pressure": 1000.6875}