{"windPeak": 4.021006651677069e-05, "windAvg": 0.0, "temp": 24.000000000000004, "humidity": 83.0, "direction": "N", "rainHour": 0.0, "pressure": 1003.25}