{"windPeak": 7.202170664559567, "windAvg": 3.35311322, "temp": 14.722222222222223, "humidity": 88.0, "direction": "N", "rainHour": 0.0, "pressure": 999.1875}