{"windPeak": 2.107638214417704e-09, "windAvg": 0.0, "temp": 23.722222222222225, "humidity": 71.0, "direction": "N", "rainHour": 0.0, "pressure": 1003.5}