{"windPeak": 5.0165947328120994, "windAvg": 2.869495400000001, "temp": 17.38888888888889, "humidity": 72.0, "direction": "N", "rainHour": 0.0, "pressure": 1006.5}