{"windPeak": 9.910385766868677, "windAvg": 4.392377120000003, "temp": 16.88888888888889, "humidity": 51.0, "direction": "N", "rainHour": 0.0, "pressure": 1001.5625}