{"windPeak": 2.9463995484368014e-17, "windAvg": 0.0, "temp": 22.611111111111114, "humidity": 87.0, "direction": "N", "rainHour": 0.0, "pressure": 1000.1875}