{"windPeak": 3.1740942639903063, "windAvg": 1.7962306999999997, "temp": 24.777777777777775, "humidity": 77.0, "direction": "N", "rainHour": 0.0, "pressure": 1001.75}