{"windPeak": 7.296943353498273, "windAvg": 4.299769360000002, "temp": 25.0, "humidity": 53.0, "direction": "N", "rainHour": 0.0, "pressure": 992.6875}