{"windPeak": 2.1557858868582427, "windAvg": 0.16776749999999999, "temp": 19.27777777777778, "humidity": 64.0, "direction": "N", "rainHour": 0.0, "pressure": 1006.75}