{"windPeak": 0.032996940466274896, "windAvg": 0.0, "temp": 8.222222222222221, "humidity": 75.0, "direction": "N", "rainHour": 0.0, "pressure": 1000.0625}