{"windPeak": 2.6942542073923272, "windAvg": 0.77754644, "temp": 26.888888888888893, "humidity": 71.0, "direction": "N", "rainHour": 0.0, "pressure": 1013.0}