{"windPeak": 3.815362333677137, "windAvg": 2.5093544199999998, "temp": 23.88888888888889, "humidity": 78.0, "direction": "N", "rainHour": 0.0, "pressure": 1009.0}