{"windPeak": 2.1703410602751186e-09, "windAvg": 0.0, "temp": 16.500000000000004, "humidity": 71.0, "direction": "N", "rainHour": 0.0, "pressure": 1007.875}