{"windPeak": 1.3666982028636535e-09, "windAvg": 0.0, "temp": 17.77777777777778, "humidity": 79.0, "direction": "N", "rainHour": 0.0, "pressure": 992.875}