{"windPeak": 4.985803457282891, "windAvg": 2.64312106, "temp": 27.722222222222225, "humidity": 63.0, "direction": "N", "rainHour": 0.0, "pressure": 1008.0}