{"windPeak": 7.024488617776135, "windAvg": 2.770177, "temp": 13.611111111111112, "humidity": 88.0, "direction": "N", "rainHour": 0.0, "pressure": 1002.5625}