{"windPeak": 3.337330274253133e-31, "windAvg": 0.0, "temp": 20.611111111111107, "humidity": 72.0, "direction": "N", "rainHour": 0.0, "pressure": 1003.0625}