{"windPeak": 0.0035412300806950494, "windAvg": 0.0, "temp": 29.61111111111111, "humidity": 59.0, "direction": "N", "rainHour": 0.0, "pressure": 1002.875}