{"windPeak": 4.404479496978449, "windAvg": 2.5608031400000004, "temp": 31.27777777777778, "humidity": 47.0, "direction": "N", "rainHour": 0.0, "pressure": 1001.25}