{"windPeak": 1.8393390240233568e-24, "windAvg": 0.0, "temp": 21.222222222222225, "humidity": 82.0, "direction": "N", "rainHour": 0.0, "pressure": 1004.875}