{"windPeak": 5.643202139277289, "windAvg": 3.3325337200000007, "temp": 19.61111111111111, "humidity": 73.0, "direction": "N", "rainHour": 0.0, "pressure": 1002.0}