{"windPeak": 6.067712644808619e-26, "windAvg": 0.0, "temp": 13.722222222222225, "humidity": 78.0, "direction": "N", "rainHour": 0.0, "pressure": 1003.875}