{"windPeak": 4.1933454963057, "windAvg": 2.102686, "temp": 16.0, "humidity": 87.0, "direction": "N", "rainHour": 0.0, "pressure": 1006.6875}