{"windPeak": 2.6230215206922833e-21, "windAvg": 0.0, "temp": 20.72222222222222, "humidity": 74.0, "direction": "N", "rainHour": 0.0, "pressure": 1002.375}