{"windPeak": 1.4005984688647993e-25, "windAvg": 0.0, "temp": 19.000000000000004, "humidity": 71.0, "direction": "N", "rainHour": 0.0, "pressure": 1012.5625}