{"windPeak": 1.3861363303430303e-09, "windAvg": 0.0, "temp": 23.722222222222225, "humidity": 75.0, "direction": "N", "rainHour": 0.0, "pressure": 1005.875}