{"windPeak": 3.505655096534914, "windAvg": 0.7730726400000001, "temp": 24.277777777777782, "humidity": 78.0, "direction": "N", "rainHour": 0.0, "pressure": 1003.25}