{"windPeak": 2.2449384936706126e-21, "windAvg": 0.0, "temp": 11.61111111111111, "humidity": 84.0, "direction": "N", "rainHour": 0.0, "pressure": 1004.5}