{"windPeak": 4.441899965236754, "windAvg": 2.7871774000000005, "temp": 24.777777777777775, "humidity": 59.0, "direction": "N", "rainHour": 0.0, "pressure": 1002.5625}