{"windPeak": 5.00825322033291, "windAvg": 2.3035596199999997, "temp": 36.38888888888889, "humidity": 37.0, "direction": "N", "rainHour": 0.0, "pressure": 1009.0}