{"windPeak": 3.597542330880564, "windAvg": 1.1497666000000002, "temp": 23.61111111111111, "humidity": 57.0, "direction": "N", "rainHour": 0.0, "pressure": 1005.0}