{"windPeak": 1.9011634625946942e-29, "windAvg": 0.0, "temp": 20.777777777777782, "humidity": 84.0, "direction": "N", "rainHour": 0.0, "pressure": 1005.5}