{"windPeak": 1.3126936484756306e-08, "windAvg": 0.0, "temp": 21.38888888888889, "humidity": 78.0, "direction": "N", "rainHour": 0.0, "pressure": 991.1875}