{"windPeak": 1.6576286068673834e-15, "windAvg": 0.0, "temp": 21.888888888888893, "humidity": 68.0, "direction": "N", "rainHour": 0.0, "pressure": 1007.5}