{"windPeak": 0.10900382016133865, "windAvg": 0.0, "temp": 16.77777777777778, "humidity": 87.0, "direction": "N", "rainHour": 0.0, "pressure": 994.5}