{"windPeak": 4.832821513717082, "windAvg": 2.3961673, "temp": 28.22222222222222, "humidity": 36.0, "direction": "N", "rainHour": 0.0, "pressure": 1007.5}