{"windPeak": 0.565776738745179, "windAvg": 0.0, "temp": 19.388888888888893, "humidity": 68.0, "direction": "N", "rainHour": 0.0, "pressure": 1009.75}