{"windPeak": 6.8169124258709175, "windAvg": 3.01355176, "temp": 30.388888888888893, "humidity": 47.0, "direction": "N", "rainHour": 0.0, "pressure": 1007.5}