{"windPeak": 0.08963368180082372, "windAvg": 0.0, "temp": 21.999999999999996, "humidity": 60.0, "direction": "N", "rainHour": 0.0, "pressure": 1007.875}