{"windPeak": 3.169713664636236e-20, "windAvg": 0.0, "temp": 21.38888888888889, "humidity": 72.0, "direction": "N", "rainHour": 0.0, "pressure": 1003.875}