{"windPeak": 7.28043820244848e-08, "windAvg": 0.0, "temp": 16.77777777777778, "humidity": 72.0, "direction": "N", "rainHour": 0.0, "pressure": 1008.1875}