{"windPeak": 6.5143940286861035, "windAvg": 2.214083660000001, "temp": 17.888888888888893, "humidity": 87.0, "direction": "N", "rainHour": 0.0, "pressure": 997.6875}