{"windPeak": 6.166179083618627, "windAvg": 2.6637005399999993, "temp": 25.27777777777778, "humidity": 56.0, "direction": "N", "rainHour": 0.0, "pressure": 1002.875}