{"windPeak": 3.5429540103628834, "windAvg": 1.9823407799999992, "temp": 18.77777777777778, "humidity": 84.0, "direction": "N", "rainHour": 0.0, "pressure": 1002.75}