{"windPeak": 2.706619547219113e-16, "windAvg": 0.0, "temp": 30.222222222222225, "humidity": 53.0, "direction": "N", "rainHour": 0.0, "pressure": 1009.6875}