{"windPeak": 7.201607676430163e-05, "windAvg": 0.0, "temp": 22.722222222222225, "humidity": 83.0, "direction": "N", "rainHour": 0.0, "pressure": 1002.0}