{"windPeak": 6.530573466527956, "windAvg": 3.0547107, "temp": 24.88888888888889, "humidity": 56.0, "direction": "N", "rainHour": 0.0, "pressure": 1002.75}