{"windPeak": 1.5191085641598794, "windAvg": 0.6925442400000001, "temp": 17.27777777777778, "humidity": 87.0, "direction": "N", "rainHour": 0.0, "pressure": 999.375}