{"windPeak": 3.5287055439558075, "windAvg": 2.2087150600000003, "temp": 15.722222222222221, "humidity": 70.0, "direction": "N", "rainHour": 0.0, "pressure": 1004.875}