{"windPeak": 2.725218794199579, "windAvg": 0.3435878400000001, "temp": 14.27777777777778, "humidity": 83.0, "direction": "N", "rainHour": 0.0, "pressure": 1006.1875}