{"windPeak": 0.0027349751406221838, "windAvg": 0.0, "temp": 22.722222222222225, "humidity": 59.0, "direction": "N", "rainHour": 0.0, "pressure": 1011.1875}