{"windPeak": 1.1184987201554958e-09, "windAvg": 0.0, "temp": 23.11111111111111, "humidity": 82.0, "direction": "N", "rainHour": 0.0, "pressure": 1003.875}