{"windPeak": 2.49852378573395, "windAvg": 1.3246921800000002, "temp": 25.111111111111114, "humidity": 46.0, "direction": "N", "rainHour": 0.0, "pressure": 1012.0625}