{"windPeak": 5.471900954092489, "windAvg": 2.7768876999999996, "temp": 22.722222222222225, "humidity": 56.0, "direction": "N", "rainHour": 0.0, "pressure": 1005.6875}