{"windPeak": 0.7533062988376864, "windAvg": 0.02281638, "temp": 24.111111111111114, "humidity": 46.0, "direction": "N", "rainHour": 0.0, "pressure": 1004.25}