{"windPeak": 5.008732004663196, "windAvg": 2.3344288400000006, "temp": 21.27777777777778, "humidity": 63.0, "direction": "N", "rainHour": 0.0, "pressure": 1010.1875}