{"windPeak": 3.0294238857188924, "windAvg": 2.044079219999999, "temp": 18.77777777777778, "humidity": 76.0, "direction": "N", "rainHour": 0.0, "pressure": 1008.1875}