{"windPeak": 1.9329062775157202, "windAvg": 0.63483222, "temp": 18.77777777777778, "humidity": 68.0, "direction": "N", "rainHour": 0.0, "pressure": 996.0625}