{"windPeak": 2.354609236843179, "windAvg": 0.37579919999999994, "temp": 23.88888888888889, "humidity": 76.0, "direction": "N", "rainHour": 0.0, "pressure": 1003.375}