{"windPeak": 0.5239921708430955, "windAvg": 0.17582034, "temp": 23.5, "humidity": 82.0, "direction": "N", "rainHour": 0.0, "pressure": 1002.0}