{"windPeak": 0.9447893721756351, "windAvg": 0.06621223999999999, "temp": 7.277777777777779, "humidity": 81.0, "direction": "N", "rainHour": 0.0, "pressure": 1000.6875}