{"windPeak": 4.38975478038837, "windAvg": 2.0145521399999993, "temp": 27.77777777777778, "humidity": 46.0, "direction": "N", "rainHour": 0.0, "pressure": 1014.5625}