{"windPeak": 4.295760806727884e-06, "windAvg": 0.0, "temp": 23.388888888888886, "humidity": 57.0, "direction": "N", "rainHour": 0.0, "pressure": 1003.0625}