{"windPeak": 4.697409778630275, "windAvg": 1.6915438000000003, "temp": 15.611111111111112, "humidity": 79.0, "direction": "N", "rainHour": 0.0, "pressure": 1010.5}