{"windPeak": 4.05748495623812, "windAvg": 1.3528771200000003, "temp": 24.88888888888889, "humidity": 57.0, "direction": "N", "rainHour": 0.0, "pressure": 1005.5625}