{"windPeak": 1.4252208190823203e-10, "windAvg": 0.0, "temp": 25.222222222222225, "humidity": 79.0, "direction": "N", "rainHour": 0.0, "pressure": 1000.875}