{"windPeak": 2.6934671464705504, "windAvg": 0.06621223999999999, "temp": 26.38888888888889, "humidity": 68.0, "direction": "N", "rainHour": 0.0, "pressure": 1007.5625}