{"windPeak": 5.833600315666082e-17, "windAvg": 0.0, "temp": 28.000000000000004, "humidity": 61.0, "direction": "N", "rainHour": 0.0, "pressure": 1004.1875}