{"windPeak": 7.375229562207959, "windAvg": 2.44761598, "temp": 21.11111111111111, "humidity": 58.0, "direction": "N", "rainHour": 0.0, "pressure": 1002.5625}