{"windPeak": 2.7124399460823336, "windAvg": 1.5139339199999997, "temp": 20.611111111111107, "humidity": 57.0, "direction": "N", "rainHour": 0.0, "pressure": 1004.375}