{"windPeak": 3.198766054975612, "windAvg": 1.6749907199999998, "temp": 32.611111111111114, "humidity": 54.0, "direction": "N", "rainHour": 0.0, "pressure": 1005.6875}