{"windPeak": 0.004432987037626153, "windAvg": 0.0, "temp": 24.88888888888889, "humidity": 62.0, "direction": "N", "rainHour": 0.0, "pressure": 1008.0}