{"windPeak": 2.0009819204920287e-05, "windAvg": 0.0, "temp": 24.499999999999996, "humidity": 78.0, "direction": "N", "rainHour": 0.0, "pressure": 1002.6875}