{"windPeak": 4.831078413405065, "windAvg": 2.1814249, "temp": 27.5, "humidity": 33.0, "direction": "N", "rainHour": 0.0, "pressure": 1009.875}