{"windPeak": 7.720078627759433, "windAvg": 4.011656660000001, "temp": 33.22222222222222, "humidity": 37.0, "direction": "N", "rainHour": 0.0, "pressure": 994.375}