{"windPeak": 2.1185673218167147, "windAvg": 0.21340026000000006, "temp": 25.222222222222225, "humidity": 73.0, "direction": "N", "rainHour": 0.0, "pressure": 1003.0}