{"windPeak": 3.49890281654326e-06, "windAvg": 0.0, "temp": 13.222222222222221, "humidity": 78.0, "direction": "N", "rainHour": 0.0, "pressure": 1004.1875}