{"windPeak": 0.2620538384787672, "windAvg": 0.0, "temp": 24.22222222222222, "humidity": 78.0, "direction": "N", "rainHour": 0.0, "pressure": 1002.375}