{"windPeak": 1.8788265363452166, "windAvg": 0.0, "temp": 33.22222222222222, "humidity": 40.0, "direction": "N", "rainHour": 0.0, "pressure": 1002.875}