{"windPeak": 7.753323306106272, "windAvg": 3.5383285400000024, "temp": 29.499999999999996, "humidity": 44.0, "direction": "N", "rainHour": 0.0, "pressure": 995.6875}