{"windPeak": 2.662736121067372, "windAvg": 0.6267793799999999, "temp": 18.77777777777778, "humidity": 84.0, "direction": "N", "rainHour": 0.0, "pressure": 988.75}