{"windPeak": 4.0855230894663235, "windAvg": 2.272690399999999, "temp": 29.722222222222225, "humidity": 69.0, "direction": "N", "rainHour": 0.0, "pressure": 1003.0}