{"windPeak": 2.646122454919881, "windAvg": 1.2956124800000004, "temp": 32.611111111111114, "humidity": 53.0, "direction": "N", "rainHour": 0.0, "pressure": 1002.5}