{"windPeak": 4.354612830988362, "windAvg": 2.15279256, "temp": 25.72222222222222, "humidity": 76.0, "direction": "N", "rainHour": 0.0, "pressure": 1008.0}