{"windPeak": 8.363482978904494e-18, "windAvg": 0.0, "temp": 8.277777777777777, "humidity": 82.0, "direction": "N", "rainHour": 0.0, "pressure": 1001.5}