{"windPeak": 2.6116995457787247, "windAvg": 1.32558694, "temp": 27.611111111111114, "humidity": 67.0, "direction": "N", "rainHour": 0.0, "pressure": 1006.5625}