{"windPeak": 1.492952787500237e-38, "windAvg": 0.0, "temp": 24.000000000000004, "humidity": 86.0, "direction": "N", "rainHour": 0.0, "pressure": 1000.5}