{"windPeak": 3.072141699352182, "windAvg": 0.5936732600000001, "temp": 20.500000000000004, "humidity": 73.0, "direction": "N", "rainHour": 0.0, "pressure": 1008.375}