{"windPeak": 6.2921495491684e-14, "windAvg": 0.0, "temp": 13.499999999999998, "humidity": 82.0, "direction": "N", "rainHour": 0.0, "pressure": 1010.5}