{"windPeak": 6.354453728441202, "windAvg": 3.34282346, "temp": 25.500000000000004, "humidity": 37.0, "direction": "N", "rainHour": 0.0, "pressure": 1007.0}