{"windPeak": 1.6622790410139336, "windAvg": 0.0559225, "temp": 21.611111111111114, "humidity": 51.0, "direction": "N", "rainHour": 0.0, "pressure": 1007.1875}