{"windPeak": 0.740689332286426, "windAvg": 0.02281638, "temp": 19.388888888888893, "humidity": 63.0, "direction": "N", "rainHour": 0.0, "pressure": 1010.75}