{"windPeak": 7.7291779487799, "windAvg": 3.857310440000001, "temp": 18.61111111111111, "humidity": 87.0, "direction": "N", "rainHour": 0.0, "pressure": 996.0625}