{"windPeak": 5.586883827281959, "windAvg": 3.7441234200000015, "temp": 23.22222222222222, "humidity": 49.0, "direction": "N", "rainHour": 0.0, "pressure": 1005.5625}