{"windPeak": 3.7089281104140577, "windAvg": 2.50935442, "temp": 32.0, "humidity": 56.0, "direction": "N", "rainHour": 0.0, "pressure": 1006.875}