{"windPeak": 2.3157640356219452e-07, "windAvg": 0.0, "temp": 23.22222222222222, "humidity": 86.0, "direction": "N", "rainHour": 0.0, "pressure": 1001.0625}