{"windPeak": 2.6872224731272154, "windAvg": 0.8231792, "temp": 18.88888888888889, "humidity": 85.0, "direction": "N", "rainHour": 0.0, "pressure": 995.875}