{"windPeak": 3.1720251625281355, "windAvg": 1.7926516599999993, "temp": 29.777777777777775, "humidity": 61.0, "direction": "N", "rainHour": 0.0, "pressure": 1005.0}