{"windPeak": 6.207812922663454, "windAvg": 3.764702820000001, "temp": 26.999999999999996, "humidity": 51.0, "direction": "N", "rainHour": 0.0, "pressure": 1002.75}