{"windPeak": 4.5199348700644784e-20, "windAvg": 0.0, "temp": 8.222222222222221, "humidity": 84.0, "direction": "N", "rainHour": 0.0, "pressure": 1001.875}