{"windPeak": 8.475659432210882, "windAvg": 3.20458304, "temp": 19.22222222222222, "humidity": 75.0, "direction": "N", "rainHour": 0.0, "pressure": 1006.5}