{"windPeak": 1.0384630846673044, "windAvg": 0.0, "temp": 31.111111111111114, "humidity": 58.0, "direction": "N", "rainHour": 0.0, "pressure": 1007.6875}