{"windPeak": 1.0363063878919026e-61, "windAvg": 0.0, "temp": 18.388888888888886, "humidity": 70.0, "direction": "N", "rainHour": 0.0, "pressure": 1004.25}