{"windPeak": 3.514386205274035, "windAvg": 2.036026379999999, "temp": 31.500000000000004, "humidity": 56.0, "direction": "N", "rainHour": 0.0, "pressure": 1006.5625}