{"windPeak": 2.104744434203565, "windAvg": 0.26037516000000005, "temp": 28.22222222222222, "humidity": 64.0, "direction": "N", "rainHour": 0.0, "pressure": 1007.0625}