{"windPeak": 2.393857685235915, "windAvg": 1.65888504, "temp": 23.11111111111111, "humidity": 47.0, "direction": "N", "rainHour": 0.0, "pressure": 1005.75}