{"windPeak": 6.566442502629503, "windAvg": 4.021946400000002, "temp": 26.38888888888889, "humidity": 52.0, "direction": "N", "rainHour": 0.0, "pressure": 1002.6875}