{"windPeak": 1.4470178789626797, "windAvg": 0.26484896, "temp": 21.0, "humidity": 80.0, "direction": "N", "rainHour": 0.0, "pressure": 1005.0}