{"windPeak": 4.191847575417276, "windAvg": 2.6511738800000013, "temp": -40.0, "humidity": 0.0, "direction": "N", "rainHour": 0.0, "pressure": 1002.5625}