{"windPeak": 2.096248742301598, "windAvg": 0.29213914, "temp": 22.77777777777778, "humidity": 85.0, "direction": "N", "rainHour": 0.0, "pressure": 998.0625}