{"windPeak": 3.32669201717678, "windAvg": 2.2006622199999994, "temp": 34.27777777777778, "humidity": 62.0, "direction": "N", "rainHour": 0.0, "pressure": 999.5}