{"windPeak": 4.050721124899562, "windAvg": 2.3652980599999998, "temp": 32.611111111111114, "humidity": 58.0, "direction": "N", "rainHour": 0.0, "pressure": 1000.5}