{"windPeak": 2.7784407517816785, "windAvg": 1.7537295999999996, "temp": 38.277777777777786, "humidity": 35.0, "direction": "N", "rainHour": 0.0, "pressure": 1001.25}