{"windPeak": 4.450927229104836, "windAvg": 2.4556688799999993, "temp": 25.27777777777778, "humidity": 67.0, "direction": "N", "rainHour": 0.0, "pressure": 1007.875}