{"windPeak": 1.773168248098869, "windAvg": 0.0559225, "temp": 27.888888888888893, "humidity": 50.0, "direction": "N", "rainHour": 0.0, "pressure": 1007.1875}