{"windPeak": 4.541908406333788e-16, "windAvg": 0.0, "temp": 14.722222222222223, "humidity": 75.0, "direction": "N", "rainHour": 0.0, "pressure": 1003.5625}