{"windPeak": 10.796710032570232, "windAvg": 4.762807780000002, "temp": 17.611111111111114, "humidity": 81.0, "direction": "N", "rainHour": 0.0, "pressure": 998.6875}