{"windPeak": 9.209352768198967e-65, "windAvg": 0.0, "temp": 17.27777777777778, "humidity": 75.0, "direction": "N", "rainHour": 0.0, "pressure": 1004.25}