{"windPeak": 6.359358811707669e-15, "windAvg": 0.0, "temp": 20.611111111111107, "humidity": 76.0, "direction": "N", "rainHour": 0.0, "pressure": 1005.75}