{"windPeak": 4.064907882007859, "windAvg": 2.23958428, "temp": 20.27777777777778, "humidity": 55.0, "direction": "N", "rainHour": 0.0, "pressure": 1003.0}