{"windPeak": 5.320421998817929, "windAvg": 3.816151480000002, "temp": 18.388888888888886, "humidity": 87.0, "direction": "N", "rainHour": 0.0, "pressure": 997.25}