{"windPeak": 8.65439855165405e-19, "windAvg": 0.0, "temp": 21.77777777777778, "humidity": 81.0, "direction": "N", "rainHour": 0.0, "pressure": 1004.5}