{"windPeak": 5.627179818006615, "windAvg": 2.7357287400000008, "temp": 35.888888888888886, "humidity": 39.0, "direction": "N", "rainHour": 0.0, "pressure": 1001.5}