{"windPeak": 6.532926501169485, "windAvg": 3.003262, "temp": 20.27777777777778, "humidity": 62.0, "direction": "N", "rainHour": 0.0, "pressure": 1006.0625}