{"windPeak": 4.048664969599366, "windAvg": 2.8180466200000005, "temp": 27.611111111111114, "humidity": 55.0, "direction": "N", "rainHour": 0.0, "pressure": 1007.6875}