{"windPeak": 2.3650614890465876e-48, "windAvg": 0.0, "temp": 21.611111111111114, "humidity": 77.0, "direction": "N", "rainHour": 0.0, "pressure": 1012.75}