{"windPeak": 8.905903745505132e-51, "windAvg": 0.0, "temp": 26.38888888888889, "humidity": 68.0, "direction": "N", "rainHour": 0.0, "pressure": 1000.5625}