{"windPeak": 5.683931639336726, "windAvg": 3.5794875000000013, "temp": 33.11111111111111, "humidity": 32.0, "direction": "N", "rainHour": 0.0, "pressure": 1005.875}