{"windPeak": 0.7228681329547028, "windAvg": 0.12437163999999999, "temp": 11.61111111111111, "humidity": 84.0, "direction": "N", "rainHour": 0.0, "pressure": 1007.75}