{"windPeak": 3.8739879587812545, "windAvg": 1.5439083800000004, "temp": 17.5, "humidity": 71.0, "direction": "N", "rainHour": 0.0, "pressure": 1006.375}