{"windPeak": 2.5585628140362267, "windAvg": 1.2808489400000003, "temp": 30.222222222222225, "humidity": 60.0, "direction": "N", "rainHour": 0.0, "pressure": 1005.25}