{"windPeak": 2.0868527650270914, "windAvg": 0.29213914, "temp": 25.61111111111111, "humidity": 72.0, "direction": "N", "rainHour": 0.0, "pressure": 1006.75}