{"windPeak": 9.513718028408557e-12, "windAvg": 0.0, "temp": 21.888888888888893, "humidity": 72.0, "direction": "N", "rainHour": 0.0, "pressure": 1006.6875}