{"windPeak": 2.3540566848943065, "windAvg": 1.4007467800000004, "temp": 38.77777777777778, "humidity": 34.0, "direction": "N", "rainHour": 0.0, "pressure": 1001.6875}