{"windPeak": 3.608428271338125e-23, "windAvg": 0.0, "temp": 22.11111111111111, "humidity": 72.0, "direction": "N", "rainHour": 0.0, "pressure": 1006.6875}