{"windPeak": 5.106643008555313e-24, "windAvg": 0.0, "temp": 21.611111111111114, "humidity": 77.0, "direction": "N", "rainHour": 0.0, "pressure": 1003.375}