{"windPeak": 7.034615548522025, "windAvg": 2.210951959999999, "temp": 34.0, "humidity": 54.0, "direction": "N", "rainHour": 0.0, "pressure": 1005.375}