{"windPeak": 0.9788689138134308, "windAvg": 0.0, "temp": 33.88888888888889, "humidity": 46.0, "direction": "N", "rainHour": 0.0, "pressure": 1011.25}