{"windPeak": 3.3547076880420637, "windAvg": 0.9421822800000001, "temp": 7.277777777777779, "humidity": 81.0, "direction": "N", "rainHour": 0.0, "pressure": 1005.1875}