{"windPeak": 6.405356882204988e-05, "windAvg": 0.0, "temp": 21.999999999999996, "humidity": 56.0, "direction": "N", "rainHour": 0.0, "pressure": 1005.0625}