{"windPeak": 7.66416401985369, "windAvg": 3.528038900000001, "temp": 33.388888888888886, "humidity": 38.0, "direction": "N", "rainHour": 0.0, "pressure": 1006.5625}