{"windPeak": 9.69275230137212e-14, "windAvg": 0.0, "temp": 21.77777777777778, "humidity": 81.0, "direction": "N", "rainHour": 0.0, "pressure": 1005.75}