{"windPeak": 3.497995179276841e-30, "windAvg": 0.0, "temp": 23.000000000000004, "humidity": 87.0, "direction": "N", "rainHour": 0.0, "pressure": 1000.5}