{"windPeak": 8.737355162681986e-45, "windAvg": 0.0, "temp": 16.222222222222225, "humidity": 82.0, "direction": "N", "rainHour": 0.0, "pressure": 1006.25}