{"windPeak": 4.698304957449458, "windAvg": 2.7871774000000005, "temp": -2.6111111111111107, "humidity": 0.0, "direction": "N", "rainHour": 0.0, "pressure": 1002.75}