{"windPeak": 1.1382096388782642e-47, "windAvg": 0.0, "temp": 30.61111111111111, "humidity": 60.0, "direction": "N", "rainHour": 0.0, "pressure": 1006.1875}