{"windPeak": 2.2208191550797958, "windAvg": 0.56951474, "temp": 27.611111111111114, "humidity": 61.0, "direction": "N", "rainHour": 0.0, "pressure": 1006.375}