{"windPeak": 7.244039691569624, "windAvg": 3.7647029199999995, "temp": 9.11111111111111, "humidity": 76.0, "direction": "N", "rainHour": 0.0, "pressure": 1004.5}