{"windPeak": 2.828521893891536, "windAvg": 0.0, "temp": 23.388888888888886, "humidity": 76.0, "direction": "N", "rainHour": 0.0, "pressure": 1003.875}