{"windPeak": 6.032350974956435e-18, "windAvg": 0.0, "temp": 27.77777777777778, "humidity": 64.0, "direction": "N", "rainHour": 0.0, "pressure": 1011.0}