{"windPeak": 7.367548445508547e-34, "windAvg": 0.0, "temp": 25.888888888888886, "humidity": 63.0, "direction": "N", "rainHour": 0.0, "pressure": 1011.5625}