{"windPeak": 6.3152600991258305, "windAvg": 3.0650004200000005, "temp": 19.499999999999996, "humidity": 75.0, "direction": "N", "rainHour": 0.0, "pressure": 1000.375}