{"windPeak": 3.04361327355502, "windAvg": 1.7559664999999995, "temp": 21.888888888888893, "humidity": 52.0, "direction": "N", "rainHour": 0.0, "pressure": 1004.0625}