{"windPeak": 2.8328083902052916, "windAvg": 0.45095904, "temp": 28.22222222222222, "humidity": 52.0, "direction": "N", "rainHour": 0.0, "pressure": 1010.375}