{"windPeak": 3.904330912527923, "windAvg": 0.27871774, "temp": 24.388888888888893, "humidity": 75.0, "direction": "N", "rainHour": 0.0, "pressure": 1003.5}