{"windPeak": 0.00014501522866958982, "windAvg": 0.0, "temp": 24.277777777777782, "humidity": 76.0, "direction": "N", "rainHour": 0.0, "pressure": 1005.5625}