{"windPeak": 4.887431877693036e-19, "windAvg": 0.0, "temp": 19.61111111111111, "humidity": 66.0, "direction": "N", "rainHour": 0.0, "pressure": 1008.5}