{"windPeak": 4.584360628852297, "windAvg": 2.36216642, "temp": 16.11111111111111, "humidity": 87.0, "direction": "N", "rainHour": 0.0, "pressure": 1006.6875}