{"windPeak": 4.060841991039023, "windAvg": 2.57109286, "temp": 32.5, "humidity": 59.0, "direction": "N", "rainHour": 0.0, "pressure": 1000.6875}