{"windPeak": 3.6066056382035314, "windAvg": 0.78917832, "temp": 23.61111111111111, "humidity": 81.0, "direction": "N", "rainHour": 0.0, "pressure": 1002.5625}