{"windPeak": 1.2763689557360551, "windAvg": 0.0, "temp": 17.38888888888889, "humidity": 60.0, "direction": "N", "rainHour": 0.0, "pressure": 1006.25}