{"windPeak": 0.08035652690957615, "windAvg": 0.0, "temp": 9.777777777777779, "humidity": 68.0, "direction": "N", "rainHour": 0.0, "pressure": 1000.1875}