{"windPeak": 3.679691814232341, "windAvg": 0.8737331400000001, "temp": 26.0, "humidity": 66.0, "direction": "N", "rainHour": 0.0, "pressure": 1006.25}