{"windPeak": 4.386800604253763, "windAvg": 2.4887749999999995, "temp": 25.27777777777778, "humidity": 46.0, "direction": "N", "rainHour": 0.0, "pressure": 1010.5625}