{"windPeak": 0.09627117723834862, "windAvg": 0.0, "temp": 23.11111111111111, "humidity": 73.0, "direction": "N", "rainHour": 0.0, "pressure": 990.6875}