{"windPeak": 6.147490436163403, "windAvg": 2.9267600400000005, "temp": 22.277777777777775, "humidity": 61.0, "direction": "N", "rainHour": 0.0, "pressure": 1008.0625}