{"windPeak": 1.9763847582511116, "windAvg": 0.08902861999999999, "temp": 18.000000000000004, "humidity": 85.0, "direction": "N", "rainHour": 0.0, "pressure": 1002.875}