{"windPeak": 5.794949989255661, "windAvg": 2.7974671800000004, "temp": 31.72222222222222, "humidity": 30.0, "direction": "N", "rainHour": 0.0, "pressure": 1005.1875}