{"windPeak": 5.070537696922621, "windAvg": 3.4354311400000017, "temp": 28.11111111111111, "humidity": 33.0, "direction": "N", "rainHour": 0.0, "pressure": 1005.0625}