{"windPeak": 0.01698022223870276, "windAvg": 0.0, "temp": 19.499999999999996, "humidity": 71.0, "direction": "N", "rainHour": 0.0, "pressure": 1010.0}