{"windPeak": 0.01649691293863415, "windAvg": 0.0, "temp": 33.88888888888889, "humidity": 42.0, "direction": "N", "rainHour": 0.0, "pressure": 1008.25}