{"windPeak": 3.3195820820358293e-53, "windAvg": 0.0, "temp": 20.27777777777778, "humidity": 70.0, "direction": "N", "rainHour": 0.0, "pressure": 1014.0625}