{"windPeak": 4.419311585504827, "windAvg": 2.805519980000001, "temp": 32.77777777777778, "humidity": 41.0, "direction": "N", "rainHour": 0.0, "pressure": 1007.5}