{"windPeak": 4.44000325488405, "windAvg": 2.5379867399999996, "temp": 25.27777777777778, "humidity": 71.0, "direction": "N", "rainHour": 0.0, "pressure": 1009.5625}