{"windPeak": 3.353992926639126, "windAvg": 0.68135974, "temp": 32.27777777777778, "humidity": 42.0, "direction": "N", "rainHour": 0.0, "pressure": 1008.5625}