{"windPeak": 1.195318339692743, "windAvg": 0.4384324, "temp": 25.777777777777782, "humidity": 50.0, "direction": "N", "rainHour": 0.0, "pressure": 1008.75}