{"windPeak": 4.373455797973005, "windAvg": 1.0844491200000002, "temp": 29.777777777777775, "humidity": 41.0, "direction": "N", "rainHour": 0.0, "pressure": 1007.25}