{"windPeak": 4.450579272377099e-40, "windAvg": 0.0, "temp": 24.111111111111114, "humidity": 86.0, "direction": "N", "rainHour": 0.0, "pressure": 1000.375}