{"windPeak": 0.5107054631828758, "windAvg": 0.0, "temp": 20.222222222222225, "humidity": 80.0, "direction": "N", "rainHour": 0.0, "pressure": 1005.5625}