{"windPeak": 3.827362089658975, "windAvg": 1.54390838, "temp": 37.72222222222223, "humidity": 36.0, "direction": "N", "rainHour": 0.0, "pressure": 1003.0}