{"windPeak": 3.13473834703844, "windAvg": 0.79723116, "temp": 20.27777777777778, "humidity": 56.0, "direction": "N", "rainHour": 0.0, "pressure": 1002.5625}