{"windPeak": 2.568111223990001e-62, "windAvg": 0.0, "temp": 22.722222222222225, "humidity": 81.0, "direction": "N", "rainHour": 0.0, "pressure": 1003.0625}