{"windPeak": 2.223666032857529, "windAvg": 1.2025574400000003, "temp": -40.0, "humidity": 0.0, "direction": "N", "rainHour": 0.0, "pressure": 1006.75}