{"windPeak": 1.999775273540416, "windAvg": 0.16776749999999999, "temp": 24.277777777777782, "humidity": 71.0, "direction": "N", "rainHour": 0.0, "pressure": 1005.1875}