{"windPeak": 3.212111656320617, "windAvg": 1.2132945600000005, "temp": 24.111111111111114, "humidity": 60.0, "direction": "N", "rainHour": 0.0, "pressure": 1005.5625}