{"windPeak": 7.010716030268548e-21, "windAvg": 0.0, "temp": 21.611111111111114, "humidity": 74.0, "direction": "N", "rainHour": 0.0, "pressure": 1006.375}