{"windPeak": 4.392556615236788, "windAvg": 2.1858986799999993, "temp": 26.888888888888893, "humidity": 33.0, "direction": "N", "rainHour": 0.0, "pressure": 1009.75}