{"windPeak": 4.956147185389581, "windAvg": 2.7334919, "temp": 22.22222222222222, "humidity": 83.0, "direction": "N", "rainHour": 0.0, "pressure": 1002.0625}