{"windPeak": 4.6537155002847924e-05, "windAvg": 0.0, "temp": 22.77777777777778, "humidity": 67.0, "direction": "N", "rainHour": 0.0, "pressure": 1009.0625}