{"windPeak": 0.03969833501040364, "windAvg": 0.0, "temp": 29.388888888888893, "humidity": 45.0, "direction": "N", "rainHour": 0.0, "pressure": 1008.1875}