{"windPeak": 1.9666464718975528e-12, "windAvg": 0.0, "temp": 24.111111111111114, "humidity": 70.0, "direction": "N", "rainHour": 0.0, "pressure": 1003.5}