{"windPeak": 3.640778270638329, "windAvg": 1.9528136999999999, "temp": 24.000000000000004, "humidity": 76.0, "direction": "N", "rainHour": 0.0, "pressure": 1003.5625}