{"windPeak": 7.464910854617853e-51, "windAvg": 0.0, "temp": 22.11111111111111, "humidity": 80.0, "direction": "N", "rainHour": 0.0, "pressure": 1003.0}