{"windPeak": 0.14381112592633846, "windAvg": 0.0, "temp": 22.38888888888889, "humidity": 59.0, "direction": "N", "rainHour": 0.0, "pressure": 998.0}