{"windPeak": 1.601370751131679e-16, "windAvg": 0.0, "temp": 22.11111111111111, "humidity": 80.0, "direction": "N", "rainHour": 0.0, "pressure": 1004.5625}