{"windPeak": 9.113151426231867e-08, "windAvg": 0.0, "temp": 20.388888888888893, "humidity": 83.0, "direction": "N", "rainHour": 0.0, "pressure": 1003.0}