{"windPeak": 9.262087759340552e-19, "windAvg": 0.0, "temp": 19.388888888888893, "humidity": 77.0, "direction": "N", "rainHour": 0.0, "pressure": 998.25}