{"windPeak": 0.0024812952384673562, "windAvg": 0.0, "temp": 11.88888888888889, "humidity": 73.0, "direction": "N", "rainHour": 0.0, "pressure": 1001.0625}