{"windPeak": 9.113502626714782e-12, "windAvg": 0.0, "temp": 21.611111111111114, "humidity": 83.0, "direction": "N", "rainHour": 0.0, "pressure": 1007.0}