{"windPeak": 4.704325831793227, "windAvg": 1.5631457199999996, "temp": 19.499999999999996, "humidity": 81.0, "direction": "N", "rainHour": 0.0, "pressure": 997.75}