{"windPeak": 4.60154295948111, "windAvg": 2.4270365199999997, "temp": 19.72222222222222, "humidity": 60.0, "direction": "N", "rainHour": 0.0, "pressure": 996.6875}