{"windPeak": 0.06712779137733188, "windAvg": 0.0, "temp": 20.222222222222225, "humidity": 56.0, "direction": "N", "rainHour": 0.0, "pressure": 1007.25}