{"windPeak": 1.733773600790321e-08, "windAvg": 0.0, "temp": 17.611111111111114, "humidity": 74.0, "direction": "N", "rainHour": 0.0, "pressure": 1004.0}