{"windPeak": 1.2972290524245693e-09, "windAvg": 0.0, "temp": 15.277777777777779, "humidity": 77.0, "direction": "N", "rainHour": 0.0, "pressure": 1011.1875}