{"windPeak": 5.128136386747739, "windAvg": 2.79746716, "temp": 31.611111111111114, "humidity": 56.0, "direction": "N", "rainHour": 0.0, "pressure": 1002.6875}