{"windPeak": 1.1135582627346838e-51, "windAvg": 0.0, "temp": 19.88888888888889, "humidity": 69.0, "direction": "N", "rainHour": 0.0, "pressure": 1014.0}