{"windPeak": 1.906156507382468e-12, "windAvg": 0.0, "temp": 18.388888888888886, "humidity": 86.0, "direction": "N", "rainHour": 0.0, "pressure": 1004.1875}