{"windPeak": 5.6387138205062906, "windAvg": 2.8797850799999996, "temp": 22.77777777777778, "humidity": 77.0, "direction": "N", "rainHour": 0.0, "pressure": 1000.0625}