{"windPeak": 2.849705264037737e-29, "windAvg": 0.0, "temp": 23.11111111111111, "humidity": 70.0, "direction": "N", "rainHour": 0.0, "pressure": 1006.6875}