{"windPeak": 5.966119267360232, "windAvg": 3.414851600000002, "temp": 29.277777777777782, "humidity": 43.0, "direction": "N", "rainHour": 0.0, "pressure": 1002.375}