{"windPeak": 2.7760432740790497, "windAvg": 0.90549712, "temp": 21.888888888888893, "humidity": 81.0, "direction": "N", "rainHour": 0.0, "pressure": 1002.1875}