{"windPeak": 0.19149563736312986, "windAvg": 0.0, "temp": 21.11111111111111, "humidity": 53.0, "direction": "N", "rainHour": 0.0, "pressure": 1003.25}