{"windPeak": 1.5817138380957212, "windAvg": 0.6240951000000001, "temp": 17.611111111111114, "humidity": 87.0, "direction": "N", "rainHour": 0.0, "pressure": 1001.875}