{"windPeak": 6.874691803259409e-37, "windAvg": 0.0, "temp": 25.72222222222222, "humidity": 64.0, "direction": "N", "rainHour": 0.0, "pressure": 1011.75}