{"windPeak": 5.206292558463905, "windAvg": 3.0238415400000003, "temp": 30.61111111111111, "humidity": 37.0, "direction": "N", "rainHour": 0.0, "pressure": 1009.6875}