{"windPeak": 3.8379466488949467, "windAvg": 1.67767504, "temp": 19.777777777777775, "humidity": 64.0, "direction": "N", "rainHour": 0.0, "pressure": 1007.6875}