{"windPeak": 3.192601996212554, "windAvg": 1.0916072000000003, "temp": 14.000000000000002, "humidity": 78.0, "direction": "N", "rainHour": 0.0, "pressure": 1004.0625}