{"windPeak": 7.416949547220152e-07, "windAvg": 0.0, "temp": 22.11111111111111, "humidity": 62.0, "direction": "N", "rainHour": 0.0, "pressure": 1003.1875}