{"windPeak": 2.676849704321026, "windAvg": 1.3161919600000005, "temp": 28.77777777777778, "humidity": 61.0, "direction": "N", "rainHour": 0.0, "pressure": 1007.75}