{"windPeak": 2.310069191885951, "windAvg": 0.62543724, "temp": 24.000000000000004, "humidity": 77.0, "direction": "N", "rainHour": 0.0, "pressure": 1006.875}