{"windPeak": 8.60121735361359e-06, "windAvg": 0.0, "temp": 24.499999999999996, "humidity": 59.0, "direction": "N", "rainHour": 0.0, "pressure": 997.25}