{"windPeak": 2.278432167946062, "windAvg": 0.14271422, "temp": 24.22222222222222, "humidity": 79.0, "direction": "N", "rainHour": 0.0, "pressure": 1001.5}