{"windPeak": 0.0008399015413701797, "windAvg": 0.0, "temp": 24.388888888888893, "humidity": 75.0, "direction": "N", "rainHour": 0.0, "pressure": 1005.5}