{"windPeak": 0.0017405948575517172, "windAvg": 0.0, "temp": 21.77777777777778, "humidity": 72.0, "direction": "N", "rainHour": 0.0, "pressure": 1005.875}