{"windPeak": 2.1336462983504947, "windAvg": 0.19282078000000002, "temp": 29.499999999999996, "humidity": 61.0, "direction": "N", "rainHour": 0.0, "pressure": 1008.0}