{"windPeak": 2.617175483443343, "windAvg": 0.31271862, "temp": 28.77777777777778, "humidity": 51.0, "direction": "N", "rainHour": 0.0, "pressure": 1007.5625}