{"windPeak": 4.324325960708456e-36, "windAvg": 0.0, "temp": 12.611111111111112, "humidity": 83.0, "direction": "N", "rainHour": 0.0, "pressure": 1012.75}