{"windPeak": 1.250566102850201, "windAvg": 0.15524086, "temp": 17.22222222222222, "humidity": 61.0, "direction": "N", "rainHour": 0.0, "pressure": 1007.375}