{"windPeak": 0.019852918508298453, "windAvg": 0.0, "temp": 23.88888888888889, "humidity": 76.0, "direction": "N", "rainHour": 0.0, "pressure": 1004.0625}