{"windPeak": 1.8555274979160636, "windAvg": 0.14495112000000002, "temp": 20.0, "humidity": 57.0, "direction": "N", "rainHour": 0.0, "pressure": 1007.25}