{"windPeak": 7.221652595559251e-32, "windAvg": 0.0, "temp": 24.277777777777782, "humidity": 79.0, "direction": "N", "rainHour": 0.0, "pressure": 1002.5625}