{"windPeak": 3.8671154108717926e-11, "windAvg": 0.0, "temp": 14.777777777777779, "humidity": 78.0, "direction": "N", "rainHour": 0.0, "pressure": 1011.1875}