{"windPeak": 8.34635286982842, "windAvg": 3.8264413799999994, "temp": 22.277777777777775, "humidity": 41.0, "direction": "N", "rainHour": 0.0, "pressure": 999.875}