{"windPeak": 6.700005686952394, "windAvg": 3.3361127600000007, "temp": 30.111111111111114, "humidity": 37.0, "direction": "N", "rainHour": 0.0, "pressure": 1009.375}