{"windPeak": 3.7760120961834427, "windAvg": 2.56080312, "temp": 22.38888888888889, "humidity": 61.0, "direction": "N", "rainHour": 0.0, "pressure": 1001.875}