{"windPeak": 4.773623775792596, "windAvg": 2.797467160000001, "temp": 25.222222222222225, "humidity": 58.0, "direction": "N", "rainHour": 0.0, "pressure": 1002.5625}