{"windPeak": 2.9899253064179656, "windAvg": 0.7283346399999999, "temp": 24.000000000000004, "humidity": 49.0, "direction": "N", "rainHour": 0.0, "pressure": 1010.75}