{"windPeak": 9.081609273357895e-14, "windAvg": 0.0, "temp": 11.88888888888889, "humidity": 82.0, "direction": "N", "rainHour": 0.0, "pressure": 1004.6875}