{"windPeak": 5.515076547703618, "windAvg": 3.106159420000001, "temp": 30.777777777777782, "humidity": 41.0, "direction": "N", "rainHour": 0.0, "pressure": 1009.375}