{"windPeak": 1.5006115799430693, "windAvg": 0.28408630000000007, "temp": 17.27777777777778, "humidity": 69.0, "direction": "N", "rainHour": 0.0, "pressure": 1006.5625}