{"windPeak": 1.2080893449363649e-46, "windAvg": 0.0, "temp": 28.88888888888889, "humidity": 71.0, "direction": "N", "rainHour": 0.0, "pressure": 1008.0}