{"windPeak": 3.0614294648804057, "windAvg": 0.21697929999999999, "temp": 23.88888888888889, "humidity": 70.0, "direction": "N", "rainHour": 0.0, "pressure": 1006.0}