{"windPeak": 5.540745788459845, "windAvg": 2.237347399999999, "temp": 25.111111111111114, "humidity": 66.0, "direction": "N", "rainHour": 0.0, "pressure": 1007.5625}