{"windPeak": 6.394227575657585e-11, "windAvg": 0.0, "temp": 18.722222222222225, "humidity": 86.0, "direction": "N", "rainHour": 0.0, "pressure": 1004.1875}