{"windPeak": 1.9255869079586727, "windAvg": 0.111845, "temp": 20.111111111111114, "humidity": 60.0, "direction": "N", "rainHour": 0.0, "pressure": 1006.6875}