{"windPeak": 8.77259476543371, "windAvg": 2.9929722799999996, "temp": 19.88888888888889, "humidity": 45.0, "direction": "N", "rainHour": 0.0, "pressure": 999.6875}