{"windPeak": 5.919064933182807, "windAvg": 3.2605054600000005, "temp": 25.500000000000004, "humidity": 43.0, "direction": "N", "rainHour": 0.0, "pressure": 1005.1875}