{"windPeak": 2.3516022804011962, "windAvg": 0.9998943000000001, "temp": 20.388888888888893, "humidity": 61.0, "direction": "N", "rainHour": 0.0, "pressure": 1005.875}