{"windPeak": 5.181590351147079, "windAvg": 3.188477320000002, "temp": 31.27777777777778, "humidity": 43.0, "direction": "N", "rainHour": 0.0, "pressure": 1007.25}