{"windPeak": 4.26184491825537, "windAvg": 2.4784852, "temp": 34.888888888888886, "humidity": 38.0, "direction": "N", "rainHour": 0.0, "pressure": 1008.5625}