{"windPeak": 7.262943683248437, "windAvg": 2.9518133200000007, "temp": 21.38888888888889, "humidity": 42.0, "direction": "N", "rainHour": 0.0, "pressure": 999.5625}