{"windPeak": 2.1148755358616746, "windAvg": 0.9278661200000003, "temp": 17.77777777777778, "humidity": 70.0, "direction": "N", "rainHour": 0.0, "pressure": 1003.875}