{"windPeak": 4.256197638016032, "windAvg": 2.6305943999999992, "temp": 27.222222222222225, "humidity": 31.0, "direction": "N", "rainHour": 0.0, "pressure": 1009.6875}