{"windPeak": 1.0381059205060251e-27, "windAvg": 0.0, "temp": 20.72222222222222, "humidity": 71.0, "direction": "N", "rainHour": 0.0, "pressure": 1004.0}