{"windPeak": 0.9464241858961632, "windAvg": 0.0, "temp": 17.77777777777778, "humidity": 86.0, "direction": "N", "rainHour": 0.0, "pressure": 989.1875}