{"windPeak": 3.913216273013446e-10, "windAvg": 0.0, "temp": 21.11111111111111, "humidity": 78.0, "direction": "N", "rainHour": 0.0, "pressure": 991.1875}