{"windPeak": 4.463301912971425, "windAvg": 2.5505133799999995, "temp": 20.611111111111107, "humidity": 57.0, "direction": "N", "rainHour": 0.0, "pressure": 996.6875}