{"windPeak": 3.228889296989665, "windAvg": 1.88302242, "temp": 19.27777777777778, "humidity": 85.0, "direction": "N", "rainHour": 0.0, "pressure": 998.375}