{"windPeak": 4.305440399340366, "windAvg": 2.8878379000000005, "temp": 21.77777777777778, "humidity": 60.0, "direction": "N", "rainHour": 0.0, "pressure": 998.25}