{"windPeak": 6.027086536159654, "windAvg": 2.038710659999999, "temp": 18.277777777777782, "humidity": 60.0, "direction": "N", "rainHour": 0.0, "pressure": 1007.0}