{"windPeak": 4.601688826228938e-35, "windAvg": 0.0, "temp": 10.388888888888891, "humidity": 86.0, "direction": "N", "rainHour": 0.0, "pressure": 1004.1875}