{"windPeak": 1.655605513030466, "windAvg": 0.46438044000000006, "temp": 23.5, "humidity": 60.0, "direction": "N", "rainHour": 0.0, "pressure": 1006.875}