{"windPeak": 1.256646093691788e-60, "windAvg": 0.0, "temp": 26.777777777777782, "humidity": 51.0, "direction": "N", "rainHour": 0.0, "pressure": 1009.5}