{"windPeak": 6.9798534911848, "windAvg": 1.8360475199999988, "temp": 34.111111111111114, "humidity": 40.0, "direction": "N", "rainHour": 0.0, "pressure": 1006.875}