{"windPeak": 3.3764662177190012, "windAvg": 0.41785292000000007, "temp": 24.88888888888889, "humidity": 75.0, "direction": "N", "rainHour": 0.0, "pressure": 1002.875}