{"windPeak": 4.196425820880419e-07, "windAvg": 0.0, "temp": 18.22222222222222, "humidity": 72.0, "direction": "N", "rainHour": 0.0, "pressure": 1011.875}