{"windPeak": 3.4817734462791003, "windAvg": 2.146976619999999, "temp": 20.27777777777778, "humidity": 85.0, "direction": "N", "rainHour": 0.0, "pressure": 994.375}