{"windPeak": 7.809775795533224, "windAvg": 3.2502157800000004, "temp": 20.0, "humidity": 71.0, "direction": "N", "rainHour": 0.0, "pressure": 1008.0625}