{"windPeak": 3.630253853749435, "windAvg": 1.9823407800000001, "temp": 22.38888888888889, "humidity": 55.0, "direction": "N", "rainHour": 0.0, "pressure": 1010.5625}