{"windPeak": 0.33901275839084666, "windAvg": 0.0, "temp": 23.22222222222222, "humidity": 82.0, "direction": "N", "rainHour": 0.0, "pressure": 1002.25}