{"windPeak": 3.5180487503615674, "windAvg": 0.8097578, "temp": 31.777777777777782, "humidity": 55.0, "direction": "N", "rainHour": 0.0, "pressure": 1007.375}