{"windPeak": 3.8551320347345137, "windAvg": 2.3241391, "temp": 29.22222222222222, "humidity": 38.0, "direction": "N", "rainHour": 0.0, "pressure": 1009.0}