{"windPeak": 0.007812303216512347, "windAvg": 0.0, "temp": 24.499999999999996, "humidity": 82.0, "direction": "N", "rainHour": 0.0, "pressure": 1003.1875}