{"windPeak": 1.111708564659239e-11, "windAvg": 0.0, "temp": 15.611111111111112, "humidity": 78.0, "direction": "N", "rainHour": 0.0, "pressure": 1012.0}