{"windPeak": 7.576966452249645e-05, "windAvg": 0.0, "temp": 26.999999999999996, "humidity": 62.0, "direction": "N", "rainHour": 0.0, "pressure": 1003.0}