{"windPeak": 4.013227057422573, "windAvg": 2.3836406399999994, "temp": 24.499999999999996, "humidity": 58.0, "direction": "N", "rainHour": 0.0, "pressure": 1003.5}