{"windPeak": 2.8922140550024036, "windAvg": 1.5711985600000005, "temp": 28.77777777777778, "humidity": 57.0, "direction": "N", "rainHour": 0.0, "pressure": 1003.375}