{"windPeak": 2.754423260885718, "windAvg": 1.1394768600000003, "temp": 29.277777777777782, "humidity": 66.0, "direction": "N", "rainHour": 0.0, "pressure": 1012.875}