{"windPeak": 2.55829052790151, "windAvg": 0.37222015999999997, "temp": 7.000000000000001, "humidity": 80.0, "direction": "N", "rainHour": 0.0, "pressure": 1005.5}