{"windPeak": 3.1857791041462313, "windAvg": 1.9264182799999992, "temp": 29.88888888888889, "humidity": 60.0, "direction": "N", "rainHour": 0.0, "pressure": 1005.1875}