{"windPeak": 4.224340685798099, "windAvg": 2.4784852, "temp": 18.61111111111111, "humidity": 59.0, "direction": "N", "rainHour": 0.0, "pressure": 1003.1875}