{"windPeak": 1.9961261967503499, "windAvg": 0.51135534, "temp": 21.999999999999996, "humidity": 74.0, "direction": "N", "rainHour": 0.0, "pressure": 1008.0}