{"windPeak": 7.611135015423406, "windAvg": 4.042525920000002, "temp": 26.38888888888889, "humidity": 53.0, "direction": "N", "rainHour": 0.0, "pressure": 1002.75}