{"windPeak": 2.1593299915951806e-45, "windAvg": 0.0, "temp": 17.72222222222222, "humidity": 72.0, "direction": "N", "rainHour": 0.0, "pressure": 1010.5}