{"windPeak": 4.203437090530927, "windAvg": 2.4373262400000004, "temp": 35.38888888888889, "humidity": 47.0, "direction": "N", "rainHour": 0.0, "pressure": 1002.5625}