{"windPeak": 2.6469710940602575, "windAvg": 1.4683011599999998, "temp": 21.222222222222225, "humidity": 60.0, "direction": "N", "rainHour": 0.0, "pressure": 1005.875}