{"windPeak": 4.169614284485968, "windAvg": 2.0467635, "temp": 17.611111111111114, "humidity": 72.0, "direction": "N", "rainHour": 0.0, "pressure": 1006.5}