{"windPeak": 7.82145422269343, "windAvg": 3.0752902200000007, "temp": 24.61111111111111, "humidity": 49.0, "direction": "N", "rainHour": 0.0, "pressure": 1006.6875}