{"windPeak": 5.222635405474315, "windAvg": 3.0238414600000003, "temp": 22.611111111111114, "humidity": 58.0, "direction": "N", "rainHour": 0.0, "pressure": 998.1875}