{"windPeak": 2.0965833391203527e-29, "windAvg": 0.0, "temp": 17.72222222222222, "humidity": 67.0, "direction": "N", "rainHour": 0.0, "pressure": 1006.375}