{"windPeak": 6.213606967205632, "windAvg": 2.4990646800000005, "temp": 24.777777777777775, "humidity": 39.0, "direction": "N", "rainHour": 0.0, "pressure": 1010.25}