{"windPeak": 3.199829269519629, "windAvg": 1.871390539999999, "temp": 38.72222222222223, "humidity": 44.0, "direction": "N", "rainHour": 0.0, "pressure": 1001.25}