{"windPeak": 1.9168580192469515, "windAvg": 0.18253104000000003, "temp": 17.22222222222222, "humidity": 87.0, "direction": "N", "rainHour": 0.0, "pressure": 1000.375}