{"windPeak": 2.137559332293147, "windAvg": 0.20892645999999998, "temp": 20.0, "humidity": 86.0, "direction": "N", "rainHour": 0.0, "pressure": 1002.5}