{"windPeak": 0.12849703034439197, "windAvg": 0.0, "temp": 25.27777777777778, "humidity": 74.0, "direction": "N", "rainHour": 0.0, "pressure": 1000.875}