{"windPeak": 5.77660440894308e-31, "windAvg": 0.0, "temp": 18.61111111111111, "humidity": 82.0, "direction": "N", "rainHour": 0.0, "pressure": 999.1875}