{"windPeak": 4.434034443945751e-63, "windAvg": 0.0, "temp": 22.722222222222225, "humidity": 82.0, "direction": "N", "rainHour": 0.0, "pressure": 1003.0625}