{"windPeak": 3.990686039672598e-88, "windAvg": 0.0, "temp": 24.388888888888893, "humidity": 79.0, "direction": "N", "rainHour": 0.0, "pressure": 1002.375}