{"windPeak": 3.964767470559651, "windAvg": 2.3652980599999993, "temp": 31.222222222222225, "humidity": 60.0, "direction": "N", "rainHour": 0.0, "pressure": 1000.75}