{"windPeak": 0.9075458546456203, "windAvg": 0.0, "temp": 26.888888888888893, "humidity": 48.0, "direction": "N", "rainHour": 0.0, "pressure": 1004.1875}