{"windPeak": 5.278169748000469e-07, "windAvg": 0.0, "temp": 20.111111111111114, "humidity": 83.0, "direction": "N", "rainHour": 0.0, "pressure": 1002.875}