{"windPeak": 7.545206942033065, "windAvg": 3.4868797600000017, "temp": 26.611111111111114, "humidity": 41.0, "direction": "N", "rainHour": 0.0, "pressure": 1004.5625}