{"windPeak": 1.085631139724754e-38, "windAvg": 0.0, "temp": 23.11111111111111, "humidity": 81.0, "direction": "N", "rainHour": 0.0, "pressure": 1003.0}