{"windPeak": 1.693769401391695, "windAvg": 0.30242888000000007, "temp": 21.611111111111114, "humidity": 52.0, "direction": "N", "rainHour": 0.0, "pressure": 1007.1875}