{"windPeak": 2.122227648588507, "windAvg": 0.09931836000000001, "temp": 23.61111111111111, "humidity": 81.0, "direction": "N", "rainHour": 0.0, "pressure": 1002.0}