{"windPeak": 1.9747250917317714, "windAvg": 0.35029854000000005, "temp": 30.27777777777778, "humidity": 50.0, "direction": "N", "rainHour": 0.0, "pressure": 1008.0625}