{"windPeak": 3.115452887202475, "windAvg": 1.5367503000000002, "temp": 34.22222222222222, "humidity": 52.0, "direction": "N", "rainHour": 0.0, "pressure": 1005.1875}