{"windPeak": 0.24913783448741955, "windAvg": 0.0, "temp": 15.222222222222221, "humidity": 73.0, "direction": "N", "rainHour": 0.0, "pressure": 1007.375}