{"windPeak": 6.738555745085608e-35, "windAvg": 0.0, "temp": 23.61111111111111, "humidity": 79.0, "direction": "N", "rainHour": 0.0, "pressure": 1003.0}