{"windPeak": 0.0006797922036897013, "windAvg": 0.0, "temp": 13.277777777777777, "humidity": 77.0, "direction": "N", "rainHour": 0.0, "pressure": 1004.5625}