{"windPeak": 0.9342715411381994, "windAvg": 0.02281638, "temp": 22.38888888888889, "humidity": 55.0, "direction": "N", "rainHour": 0.0, "pressure": 1005.5625}