{"windPeak": 3.835327060333822, "windAvg": 2.3961672799999993, "temp": 18.5, "humidity": 84.0, "direction": "N", "rainHour": 0.0, "pressure": 1000.5}