{"windPeak": 2.6175170307043767, "windAvg": 0.9144447200000002, "temp": 20.27777777777778, "humidity": 57.0, "direction": "N", "rainHour": 0.0, "pressure": 1007.6875}