{"windPeak": 3.995928777880027, "windAvg": 2.2212416999999998, "temp": 16.38888888888889, "humidity": 61.0, "direction": "N", "rainHour": 0.0, "pressure": 1005.5625}