{"windPeak": 0.29171084479312337, "windAvg": 0.0, "temp": 23.722222222222225, "humidity": 76.0, "direction": "N", "rainHour": 0.0, "pressure": 1004.0625}