{"windPeak": 6.39618809557946, "windAvg": 4.093974520000002, "temp": 18.388888888888886, "humidity": 87.0, "direction": "N", "rainHour": 0.0, "pressure": 998.0625}