{"windPeak": 2.3465257969398188e-33, "windAvg": 0.0, "temp": 20.500000000000004, "humidity": 79.0, "direction": "N", "rainHour": 0.0, "pressure": 1005.5}