{"windPeak": 0.019875726283862118, "windAvg": 0.0, "temp": 23.722222222222225, "humidity": 65.0, "direction": "N", "rainHour": 0.0, "pressure": 1007.375}