{"windPeak": 0.7866125029180324, "windAvg": 0.17358343999999998, "temp": 23.000000000000004, "humidity": 78.0, "direction": "N", "rainHour": 0.0, "pressure": 999.875}