{"windPeak": 1.3474189280215438e-21, "windAvg": 0.0, "temp": 7.888888888888891, "humidity": 84.0, "direction": "N", "rainHour": 0.0, "pressure": 1001.875}