{"windPeak": 8.673943899741569e-05, "windAvg": 0.0, "temp": 19.22222222222222, "humidity": 80.0, "direction": "N", "rainHour": 0.0, "pressure": 1009.375}