{"windPeak": 2.7321687925759317, "windAvg": 0.8938652399999999, "temp": 13.111111111111112, "humidity": 62.0, "direction": "N", "rainHour": 0.0, "pressure": 1000.375}