{"windPeak": 3.0894807563734203, "windAvg": 1.6477005400000002, "temp": 21.11111111111111, "humidity": 53.0, "direction": "N", "rainHour": 0.0, "pressure": 1003.375}