{"windPeak": 5.695945145680505, "windAvg": 3.034131200000001, "temp": 23.5, "humidity": 53.0, "direction": "N", "rainHour": 0.0, "pressure": 1005.75}