{"windPeak": 4.517362730090129, "windAvg": 1.76804578, "temp": 28.61111111111111, "humidity": 52.0, "direction": "N", "rainHour": 0.0, "pressure": 996.1875}