{"windPeak": 1.8831781824903134e-11, "windAvg": 0.0, "temp": 22.611111111111114, "humidity": 78.0, "direction": "N", "rainHour": 0.0, "pressure": 1005.875}