{"windPeak": 0.38939584718286224, "windAvg": 0.02281638, "temp": 17.11111111111111, "humidity": 85.0, "direction": "N", "rainHour": 0.0, "pressure": 1010.1875}