{"windPeak": 4.517488763738397, "windAvg": 2.6945697600000007, "temp": 30.61111111111111, "humidity": 38.0, "direction": "N", "rainHour": 0.0, "pressure": 1009.5625}