{"windPeak": 7.8529042588411e-20, "windAvg": 0.0, "temp": 21.888888888888893, "humidity": 78.0, "direction": "N", "rainHour": 0.0, "pressure": 1004.25}