{"windPeak": 1.9932134506692063, "windAvg": 0.5663830799999999, "temp": 24.88888888888889, "humidity": 49.0, "direction": "N", "rainHour": 0.0, "pressure": 1002.5625}