{"windPeak": 4.968824712817338, "windAvg": 1.8821276599999996, "temp": 20.500000000000004, "humidity": 63.0, "direction": "N", "rainHour": 0.0, "pressure": 1003.0625}