{"windPeak": 7.404163870503084e-21, "windAvg": 0.0, "temp": 20.222222222222225, "humidity": 85.0, "direction": "N", "rainHour": 0.0, "pressure": 1007.1875}