{"windPeak": 1.7589997223912167e-08, "windAvg": 0.0, "temp": 23.88888888888889, "humidity": 54.0, "direction": "N", "rainHour": 0.0, "pressure": 1009.0625}