{"windPeak": 3.4674880873114384, "windAvg": 2.34471858, "temp": 31.27777777777778, "humidity": 42.0, "direction": "N", "rainHour": 0.0, "pressure": 1006.875}