{"windPeak": 0.5424798408984843, "windAvg": 0.0, "temp": 19.61111111111111, "humidity": 71.0, "direction": "N", "rainHour": 0.0, "pressure": 1009.75}