{"windPeak": 3.895958725220331e-30, "windAvg": 0.0, "temp": 17.888888888888893, "humidity": 73.0, "direction": "N", "rainHour": 0.0, "pressure": 1012.0625}