{"windPeak": 4.672060187303395, "windAvg": 2.9518133000000013, "temp": 29.277777777777782, "humidity": 44.0, "direction": "N", "rainHour": 0.0, "pressure": 1010.0625}