{"windPeak": 5.184957763227323, "windAvg": 3.126738860000001, "temp": 22.722222222222225, "humidity": 77.0, "direction": "N", "rainHour": 0.0, "pressure": 1000.0625}