{"windPeak": 3.0220995039830347, "windAvg": 2.149213519999999, "temp": 26.222222222222225, "humidity": 55.0, "direction": "N", "rainHour": 0.0, "pressure": 991.75}