{"windPeak": 0.0020200419605104943, "windAvg": 0.0, "temp": 17.72222222222222, "humidity": 62.0, "direction": "N", "rainHour": 0.0, "pressure": 1006.6875}