{"windPeak": 0.24955892626856793, "windAvg": 0.09708146, "temp": 26.999999999999996, "humidity": 67.0, "direction": "N", "rainHour": 0.0, "pressure": 1006.5}