{"windPeak": 5.977788078863367e-34, "windAvg": 0.0, "temp": 17.77777777777778, "humidity": 71.0, "direction": "N", "rainHour": 0.0, "pressure": 1011.75}