{"windPeak": 2.685964040050963, "windAvg": 1.62354202, "temp": 22.722222222222225, "humidity": 67.0, "direction": "N", "rainHour": 0.0, "pressure": 1005.875}