{"windPeak": 4.833729891257521, "windAvg": 2.8180466400000004, "temp": 27.77777777777778, "humidity": 50.0, "direction": "N", "rainHour": 0.0, "pressure": 1002.5}