{"windPeak": 5.099279211291835, "windAvg": 2.7871774000000005, "temp": 23.77777777777778, "humidity": 66.0, "direction": "N", "rainHour": 0.0, "pressure": 990.875}