{"windPeak": 2.52035064268867e-07, "windAvg": 0.0, "temp": 15.611111111111112, "humidity": 76.0, "direction": "N", "rainHour": 0.0, "pressure": 1011.0}