{"windPeak": 2.63347921393545, "windAvg": 0.8791017000000001, "temp": 18.111111111111107, "humidity": 86.0, "direction": "N", "rainHour": 0.0, "pressure": 998.1875}