{"windPeak": 2.3970493158283785, "windAvg": 0.8983390400000002, "temp": 26.11111111111111, "humidity": 61.0, "direction": "N", "rainHour": 0.0, "pressure": 1007.6875}