{"windPeak": 1.166552578140361e-11, "windAvg": 0.0, "temp": 21.500000000000004, "humidity": 77.0, "direction": "N", "rainHour": 0.0, "pressure": 991.25}