{"windPeak": 0.0015092741631363156, "windAvg": 0.0, "temp": 23.277777777777782, "humidity": 84.0, "direction": "N", "rainHour": 0.0, "pressure": 1001.0625}