{"windPeak": 2.5925531217561533, "windAvg": 0.56727784, "temp": 17.77777777777778, "humidity": 86.0, "direction": "N", "rainHour": 0.0, "pressure": 995.5625}