{"windPeak": 4.474270312939801, "windAvg": 1.8145732999999995, "temp": 18.388888888888886, "humidity": 84.0, "direction": "N", "rainHour": 0.0, "pressure": 1003.75}