{"windPeak": 2.610390698384501, "windAvg": 0.5274610200000001, "temp": 20.0, "humidity": 80.0, "direction": "N", "rainHour": 0.0, "pressure": 1005.875}