{"windPeak": 5.799819621705154, "windAvg": 3.301664520000001, "temp": 19.27777777777778, "humidity": 73.0, "direction": "N", "rainHour": 0.0, "pressure": 1002.1875}