{"windPeak": 2.1829300864228562, "windAvg": 0.04563276, "temp": 22.722222222222225, "humidity": 82.0, "direction": "N", "rainHour": 0.0, "pressure": 1001.5625}