{"windPeak": 1.7085949255580852e-55, "windAvg": 0.0, "temp": 20.222222222222225, "humidity": 72.0, "direction": "N", "rainHour": 0.0, "pressure": 1014.375}