{"windPeak": 7.8803768271521575, "windAvg": 3.6389891200000006, "temp": 23.22222222222222, "humidity": 38.0, "direction": "N", "rainHour": 0.0, "pressure": 999.6875}