{"windPeak": 9.093300511870832e-43, "windAvg": 0.0, "temp": 14.722222222222223, "humidity": 77.0, "direction": "N", "rainHour": 0.0, "pressure": 1004.25}