{"windPeak": 4.199572112155984, "windAvg": 2.006499299999999, "temp": 18.000000000000004, "humidity": 88.0, "direction": "N", "rainHour": 0.0, "pressure": 993.5625}