{"windPeak": 3.7738236486242958, "windAvg": 1.05850108, "temp": 20.500000000000004, "humidity": 83.0, "direction": "N", "rainHour": 0.0, "pressure": 998.0}