{"windPeak": 4.683914044018597, "windAvg": 2.9701559200000007, "temp": 30.61111111111111, "humidity": 50.0, "direction": "N", "rainHour": 0.0, "pressure": 1001.375}