{"windPeak": 6.428369231210305, "windAvg": 2.7827036599999992, "temp": 7.777777777777779, "humidity": 80.0, "direction": "N", "rainHour": 0.0, "pressure": 1004.5625}