{"windPeak": 2.6178631713981336e-19, "windAvg": 0.0, "temp": 8.38888888888889, "humidity": 83.0, "direction": "N", "rainHour": 0.0, "pressure": 1001.75}