{"windPeak": 1.8911120397833852, "windAvg": 0.31271862, "temp": 14.500000000000002, "humidity": 72.0, "direction": "N", "rainHour": 0.0, "pressure": 1003.6875