{"windPeak": 2.9826017205789705, "windAvg": 1.9411818199999993, "temp": 19.88888888888889, "humidity": 65.0, "direction": "N", "rainHour": 0.0, "pressure": 1007.0}