{"windPeak": 2.836287780806833e-07, "windAvg": 0.0, "temp": 21.11111111111111, "humidity": 67.0, "direction": "N", "rainHour": 0.0, "pressure": 1005.75}