{"windPeak": 5.128888740010247, "windAvg": 1.53585556, "temp": 32.88888888888889, "humidity": 67.0, "direction": "N", "rainHour": 0.0, "pressure": 999.5}