{"windPeak": 1.0123651741886996e-06, "windAvg": 0.0, "temp": 29.22222222222222, "humidity": 67.0, "direction": "N", "rainHour": 0.0, "pressure": 1003.0625}