{"windPeak": 9.715921224012519, "windAvg": 4.0528156000000015, "temp": 9.722222222222223, "humidity": 61.0, "direction": "N", "rainHour": 0.0, "pressure": 1005.5}