{"windPeak": 4.638215666355781, "windAvg": 2.4784852200000005, "temp": 36.111111111111114, "humidity": 40.0, "direction": "N", "rainHour": 0.0, "pressure": 1001.5}