{"windPeak": 4.849937001714103, "windAvg": 2.7563082000000003, "temp": 19.499999999999996, "humidity": 76.0, "direction": "N", "rainHour": 0.0, "pressure": 1000.5}