{"windPeak": 2.6546169451044283e-81, "windAvg": 0.0, "temp": 24.000000000000004, "humidity": 81.0, "direction": "N", "rainHour": 0.0, "pressure": 1002.875}