{"windPeak": 5.898608249890226, "windAvg": 2.540223699999999, "temp": 23.88888888888889, "humidity": 57.0, "direction": "N", "rainHour": 0.0, "pressure": 1005.25}