{"windPeak": 3.1533195554644373, "windAvg": 1.4853016000000003, "temp": 33.611111111111114, "humidity": 38.0, "direction": "N", "rainHour": 0.0, "pressure": 1006.5625}