{"windPeak": 6.453038935262069e-13, "windAvg": 0.0, "temp": 21.999999999999996, "humidity": 66.0, "direction": "N", "rainHour": 0.0, "pressure": 1002.5}