{"windPeak": 7.538592560326595e-12, "windAvg": 0.0, "temp": 27.277777777777775, "humidity": 67.0, "direction": "N", "rainHour": 0.0, "pressure": 1007.1875}