{"windPeak": 6.785414687140784, "windAvg": 2.64446324, "temp": 29.777777777777775, "humidity": 44.0, "direction": "N", "rainHour": 0.0, "pressure": 1005.1875}