{"windPeak": 1.0187802975315473e-07, "windAvg": 0.0, "temp": 21.11111111111111, "humidity": 65.0, "direction": "N", "rainHour": 0.0, "pressure": 1009.0625}