{"windPeak": 4.994608613175847e-06, "windAvg": 0.0, "temp": 15.777777777777779, "humidity": 81.0, "direction": "N", "rainHour": 0.0, "pressure": 1001.25}