{"windPeak": 4.203750997546946, "windAvg": 2.6019620799999994, "temp": 18.77777777777778, "humidity": 87.0, "direction": "N", "rainHour": 0.0, "pressure": 996.5}