{"windPeak": 3.7800522617517878, "windAvg": 1.9984464599999994, "temp": 26.11111111111111, "humidity": 55.0, "direction": "N", "rainHour": 0.0, "pressure": 1003.0}