{"windPeak": 5.802097030879233e-52, "windAvg": 0.0, "temp": 32.22222222222222, "humidity": 57.0, "direction": "N", "rainHour": 0.0, "pressure": 1007.875}