{"windPeak": 4.1064495853994485, "windAvg": 1.16587228, "temp": 14.888888888888888, "humidity": 81.0, "direction": "N", "rainHour": 0.0, "pressure": 1006.375}