{"windPeak": 7.158872305669798, "windAvg": 3.6412259400000018, "temp": 29.61111111111111, "humidity": 43.0, "direction": "N", "rainHour": 0.0, "pressure": 1009.6875}