{"windPeak": 1.1114110677396657e-47, "windAvg": 0.0, "temp": 17.27777777777778, "humidity": 74.0, "direction": "N", "rainHour": 0.0, "pressure": 1010.875}