{"windPeak": 3.9835813023547115, "windAvg": 2.34471858, "temp": 31.111111111111114, "humidity": 59.0, "direction": "N", "rainHour": 0.0, "pressure": 1005.75}