{"windPeak": 3.726244275409754, "windAvg": 2.1903724799999993, "temp": 33.72222222222223, "humidity": 28.0, "direction": "N", "rainHour": 0.0, "pressure": 1005.5625}