{"windPeak": 4.606386154482564, "windAvg": 2.33442886, "temp": 33.88888888888889, "humidity": 54.0, "direction": "N", "rainHour": 0.0, "pressure": 1005.25}