{"windPeak": 5.74790550734054e-66, "windAvg": 0.0, "temp": 28.11111111111111, "humidity": 50.0, "direction": "N", "rainHour": 0.0, "pressure": 1008.875}