{"windPeak": 1.2675160790871512e-08, "windAvg": 0.0, "temp": 28.22222222222222, "humidity": 54.0, "direction": "N", "rainHour": 0.0, "pressure": 1009.5}