{"windPeak": 5.407901218111918, "windAvg": 2.5666190799999993, "temp": 25.72222222222222, "humidity": 36.0, "direction": "N", "rainHour": 0.0, "pressure": 1010.0625}