{"windPeak": 2.3241045921862731e-10, "windAvg": 0.0, "temp": 29.388888888888893, "humidity": 63.0, "direction": "N", "rainHour": 0.0, "pressure": 1009.5625}