{"windPeak": 4.554924821046397, "windAvg": 0.7981259199999999, "temp": 23.388888888888886, "humidity": 81.0, "direction": "N", "rainHour": 0.0, "pressure": 1006.5625}