{"windPeak": 9.647687458730636e-42, "windAvg": 0.0, "temp": 22.77777777777778, "humidity": 81.0, "direction": "N", "rainHour": 0.0, "pressure": 1003.0}