{"windPeak": 7.978698918804869, "windAvg": 4.145423280000002, "temp": 26.888888888888893, "humidity": 39.0, "direction": "N", "rainHour": 0.0, "pressure": 1004.75}