{"windPeak": 1.650636226352594, "windAvg": 0.0559225, "temp": 23.000000000000004, "humidity": 72.0, "direction": "N", "rainHour": 0.0, "pressure": 1005.1875}