{"windPeak": 3.4042741448350737, "windAvg": 2.1595032599999997, "temp": 34.611111111111114, "humidity": 36.0, "direction": "N", "rainHour": 0.0, "pressure": 1006.5}