{"windPeak": 3.019541238192407, "windAvg": 1.2079260000000003, "temp": 14.11111111111111, "humidity": 84.0, "direction": "N", "rainHour": 0.0, "pressure": 1010.1875}