{"windPeak": 6.858615569110707, "windAvg": 3.044420960000001, "temp": 21.888888888888893, "humidity": 59.0, "direction": "N", "rainHour": 0.0, "pressure": 1005.5625}