{"windPeak": 3.682815223430732, "windAvg": 1.8615481799999998, "temp": 23.388888888888886, "humidity": 68.0, "direction": "N", "rainHour": 0.0, "pressure": 1002.0625}