{"windPeak": 4.565197149048065, "windAvg": 2.56214528, "temp": 18.388888888888886, "humidity": 85.0, "direction": "N", "rainHour": 0.01, "pressure": 1000.0}