{"windPeak": 3.668490330503381, "windAvg": 1.7975728400000002, "temp": 23.88888888888889, "humidity": 72.0, "direction": "N", "rainHour": 0.0, "pressure": 1009.5625}