{"windPeak": 6.221557535347976, "windAvg": 3.54861824, "temp": 18.388888888888886, "humidity": 87.0, "direction": "N", "rainHour": 0.0, "pressure": 997.75}