{"windPeak": 4.076701378847885, "windAvg": 2.0293156799999994, "temp": 16.61111111111111, "humidity": 75.0, "direction": "N", "rainHour": 0.0, "pressure": 1004.1875}