{"windPeak": 3.0626617215526357, "windAvg": 0.30824482000000003, "temp": 17.77777777777778, "humidity": 86.0, "direction": "N", "rainHour": 0.0, "pressure": 999.0}