{"windPeak": 2.682356344728549, "windAvg": 0.39056273999999996, "temp": 29.499999999999996, "humidity": 49.0, "direction": "N", "rainHour": 0.0, "pressure": 1007.75}