{"windPeak": 10.015581993106489, "windAvg": 3.4457209399999997, "temp": 14.500000000000002, "humidity": 88.0, "direction": "N", "rainHour": 0.0, "pressure": 999.875}