{"windPeak": 3.1424247959253284, "windAvg": 0.9945257399999999, "temp": 18.61111111111111, "humidity": 83.0, "direction": "N", "rainHour": 0.0, "pressure": 1005.1875}