{"windPeak": 3.7829069787162375e-43, "windAvg": 0.0, "temp": 20.72222222222222, "humidity": 84.0, "direction": "N", "rainHour": 0.0, "pressure": 1000.6875}