{"windPeak": 2.0698253361516987, "windAvg": 0.13466138, "temp": 14.777777777777779, "humidity": 84.0, "direction": "N", "rainHour": 0.0, "pressure": 1005.1875}