{"windPeak": 4.179394719996576, "windAvg": 2.8077569000000007, "temp": 30.888888888888886, "humidity": 59.0, "direction": "N", "rainHour": 0.0, "pressure": 1002.6875}