{"windPeak": 3.3875239148642686, "windAvg": 2.31384936, "temp": 17.611111111111114, "humidity": 88.0, "direction": "N", "rainHour": 0.0, "pressure": 992.875}