{"windPeak": 1.1048350912941424e-18, "windAvg": 0.0, "temp": 17.11111111111111, "humidity": 67.0, "direction": "N", "rainHour": 0.0, "pressure": 1006.0}