{"windPeak": 8.248808415854336, "windAvg": 3.702964420000001, "temp": 26.38888888888889, "humidity": 36.0, "direction": "N", "rainHour": 0.0, "pressure": 997.875}