{"windPeak": 3.502510140992006, "windAvg": 1.06208012, "temp": 25.777777777777782, "humidity": 78.0, "direction": "N", "rainHour": 0.0, "pressure": 988.25}