{"windPeak": 3.713784943926141, "windAvg": 1.9953148000000005, "temp": 27.77777777777778, "humidity": 60.0, "direction": "N", "rainHour": 0.0, "pressure": 1007.375}