{"windPeak": 3.8884470601635788, "windAvg": 2.4887749400000003, "temp": 26.777777777777782, "humidity": 50.0, "direction": "N", "rainHour": 0.0, "pressure": 1002.5625}