{"windPeak": 1.3460786478710761e-09, "windAvg": 0.0, "temp": 30.500000000000004, "humidity": 61.0, "direction": "N", "rainHour": 0.0, "pressure": 1009.5}