{"windPeak": 4.363067612392772, "windAvg": 2.5608031200000005, "temp": 28.11111111111111, "humidity": 62.0, "direction": "N", "rainHour": 0.0, "pressure": 1007.75}