{"windPeak": 4.092625309045307, "windAvg": 1.40343106, "temp": 21.999999999999996, "humidity": 83.0, "direction": "N", "rainHour": 0.0, "pressure": 1007.5625}