{"windPeak": 9.20734654260492e-25, "windAvg": 0.0, "temp": 16.61111111111111, "humidity": 84.0, "direction": "N", "rainHour": 0.0, "pressure": 993.25}