{"windPeak": 4.035625667293335, "windAvg": 1.3416926200000001, "temp": 23.388888888888886, "humidity": 51.0, "direction": "N", "rainHour": 0.0, "pressure": 1010.6875}