{"windPeak": 9.338005774667147, "windAvg": 4.083684860000002, "temp": 9.61111111111111, "humidity": 61.0, "direction": "N", "rainHour": 0.0, "pressure": 1005.6875}