{"windPeak": 2.79176587685924, "windAvg": 0.26708586000000006, "temp": 18.61111111111111, "humidity": 83.0, "direction": "N", "rainHour": 0.0, "pressure": 1005.0}