{"windPeak": 3.0214513213596024, "windAvg": 0.64288506, "temp": 26.27777777777778, "humidity": 69.0, "direction": "N", "rainHour": 0.0, "pressure": 1007.5625}