{"windPeak": 4.758804807450261e-22, "windAvg": 0.0, "temp": 17.22222222222222, "humidity": 77.0, "direction": "N", "rainHour": 0.0, "pressure": 1004.875}