{"windPeak": 0.000995464455033911, "windAvg": 0.0, "temp": 25.27777777777778, "humidity": 79.0, "direction": "N", "rainHour": 0.0, "pressure": 1001.5625}