{"windPeak": 2.469177585642413, "windAvg": 1.0285266200000003, "temp": 23.22222222222222, "humidity": 78.0, "direction": "N", "rainHour": 0.0, "pressure": 1007.0625}