{"windPeak": 1.7739839744011133e-32, "windAvg": 0.0, "temp": 21.999999999999996, "humidity": 83.0, "direction": "N", "rainHour": 0.0, "pressure": 1005.875}