{"windPeak": 4.014060841501016, "windAvg": 2.28298014, "temp": 35.22222222222223, "humidity": 50.0, "direction": "N", "rainHour": 0.0, "pressure": 1000.25}