{"windPeak": 1.007214348438084e-17, "windAvg": 0.0, "temp": 27.38888888888889, "humidity": 62.0, "direction": "N", "rainHour": 0.0, "pressure": 1004.25}