{"windPeak": 5.756933223138964e-12, "windAvg": 0.0, "temp": 22.888888888888893, "humidity": 80.0, "direction": "N", "rainHour": 0.0, "pressure": 1004.0625}