{"windPeak": 4.7343085085684535, "windAvg": 2.4990647, "temp": 24.277777777777782, "humidity": 51.0, "direction": "N", "rainHour": 0.0, "pressure": 1000.0}