{"windPeak": 5.605123378299229, "windAvg": 2.4887749799999996, "temp": 26.777777777777782, "humidity": 63.0, "direction": "N", "rainHour": 0.0, "pressure": 1006.0}