{"windPeak": 1.3686294412459406e-34, "windAvg": 0.0, "temp": 24.61111111111111, "humidity": 69.0, "direction": "N", "rainHour": 0.0, "pressure": 1006.6875}