{"windPeak": 1.8204065767823432, "windAvg": 0.38340466000000006, "temp": 21.888888888888893, "humidity": 62.0, "direction": "N", "rainHour": 0.0, "pressure": 1006.75}