{"windPeak": 6.166641668404506, "windAvg": 1.6682800199999992, "temp": 29.722222222222225, "humidity": 40.0, "direction": "N", "rainHour": 0.0, "pressure": 1007.5}