{"windPeak": 0.5025049011119282, "windAvg": 0.0, "temp": 24.722222222222225, "humidity": 73.0, "direction": "N", "rainHour": 0.0, "pressure": 1003.375}