{"windPeak": 3.2028812793277104, "windAvg": 0.68851782, "temp": 16.0, "humidity": 87.0, "direction": "N", "rainHour": 0.0, "pressure": 1004.0625}