{"windPeak": 5.822586814545435, "windAvg": 3.1267388800000004, "temp": 28.11111111111111, "humidity": 35.0, "direction": "N", "rainHour": 0.0, "pressure": 1005.75}