{"windPeak": 1.3914349287691727e-10, "windAvg": 0.0, "temp": 25.61111111111111, "humidity": 80.0, "direction": "N", "rainHour": 0.0, "pressure": 1002.375}