{"windPeak": 9.664646430164362, "windAvg": 4.011656660000001, "temp": 14.11111111111111, "humidity": 88.0, "direction": "N", "rainHour": 0.0, "pressure": 1002.0625}