{"windPeak": 7.2833850972029245e-25, "windAvg": 0.0, "temp": 22.77777777777778, "humidity": 87.0, "direction": "N", "rainHour": 0.0, "pressure": 1000.0}