{"windPeak": 4.081922492130786, "windAvg": 2.643121040000001, "temp": 28.000000000000004, "humidity": 39.0, "direction": "N", "rainHour": 0.0, "pressure": 1004.0}