{"windPeak": 2.6755088676173555, "windAvg": 1.5881989999999997, "temp": 18.000000000000004, "humidity": 86.0, "direction": "N", "rainHour": 0.0, "pressure": 998.0625}