{"windPeak": 9.149631984234095, "windAvg": 4.063105320000001, "temp": 9.500000000000002, "humidity": 60.0, "direction": "N", "rainHour": 0.0, "pressure": 1005.875}