{"windPeak": 2.815639771445691, "windAvg": 1.7926516599999998, "temp": 17.27777777777778, "humidity": 69.0, "direction": "N", "rainHour": 0.0, "pressure": 1004.0625}