{"windPeak": 3.235321825465481e-08, "windAvg": 0.0, "temp": 13.222222222222221, "humidity": 78.0, "direction": "N", "rainHour": 0.0, "pressure": 1007.5}