{"windPeak": 3.4667974285546226e-42, "windAvg": 0.0, "temp": 24.61111111111111, "humidity": 64.0, "direction": "N", "rainHour": 0.0, "pressure": 1012.0}