{"windPeak": 3.651967109427403, "windAvg": 0.4111422199999999, "temp": 22.611111111111114, "humidity": 80.0, "direction": "N", "rainHour": 0.0, "pressure": 1003.0625}