{"windPeak": 3.09578720677862, "windAvg": 0.61648964, "temp": 23.277777777777782, "humidity": 72.0, "direction": "N", "rainHour": 0.0, "pressure": 1012.0}