{"windPeak": 0.017477344774495706, "windAvg": 0.0, "temp": 30.888888888888886, "humidity": 73.0, "direction": "N", "rainHour": 0.0, "pressure": 999.6875}