{"windPeak": 6.259931090904747, "windAvg": 3.672095120000002, "temp": 19.777777777777775, "humidity": 75.0, "direction": "N", "rainHour": 0.0, "pressure": 999.375}