{"windPeak": 1.4936292527997215, "windAvg": 0.02281638, "temp": 23.77777777777778, "humidity": 58.0, "direction": "N", "rainHour": 0.0, "pressure": 1004.6875}