{"windPeak": 2.610501263026137, "windAvg": 0.23979568, "temp": 15.777777777777779, "humidity": 71.0, "direction": "N", "rainHour": 0.0, "pressure": 1007.375}