{"windPeak": 2.4432213017293404e-23, "windAvg": 0.0, "temp": 23.000000000000004, "humidity": 87.0, "direction": "N", "rainHour": 0.0, "pressure": 999.75}