{"windPeak": 4.489051328622914, "windAvg": 1.8051782999999995, "temp": 23.277777777777782, "humidity": 62.0, "direction": "N", "rainHour": 0.0, "pressure": 1005.5625}