{"windPeak": 3.212469500504299, "windAvg": 1.2830858400000005, "temp": 36.22222222222223, "humidity": 42.0, "direction": "N", "rainHour": 0.0, "pressure": 1002.75}