{"windPeak": 0.7650532467892258, "windAvg": 0.0, "temp": 22.611111111111114, "humidity": 55.0, "direction": "N", "rainHour": 0.0, "pressure": 1005.1875}