{"windPeak": 2.2477016140732053, "windAvg": 0.9417349, "temp": 16.61111111111111, "humidity": 75.0, "direction": "N", "rainHour": 0.0, "pressure": 1004.75}