{"windPeak": 5.938491025034714, "windAvg": 3.6103567200000026, "temp": 27.11111111111111, "humidity": 38.0, "direction": "N", "rainHour": 0.0, "pressure": 1004.75}