{"windPeak": 2.49791036858273, "windAvg": 0.5865151800000001, "temp": 28.88888888888889, "humidity": 63.0, "direction": "N", "rainHour": 0.0, "pressure": 1005.5}