{"windPeak": 1.5994951510795814, "windAvg": 0.14495112000000002, "temp": 30.0, "humidity": 44.0, "direction": "N", "rainHour": 0.0, "pressure": 1008.375}