{"windPeak": 1.3930954239363704, "windAvg": 0.51269748, "temp": 17.11111111111111, "humidity": 75.0, "direction": "N", "rainHour": 0.0, "pressure": 1004.25}