{"windPeak": 3.1032897973371796, "windAvg": 1.4696433, "temp": 26.222222222222225, "humidity": 73.0, "direction": "N", "rainHour": 0.0, "pressure": 1001.5625}