{"windPeak": 5.272185338441148, "windAvg": 2.920944060000001, "temp": 26.222222222222225, "humidity": 53.0, "direction": "N", "rainHour": 0.0, "pressure": 1002.375}