{"windPeak": 6.979079677351105, "windAvg": 4.207161760000002, "temp": 24.777777777777775, "humidity": 54.0, "direction": "N", "rainHour": 0.0, "pressure": 992.6875}