{"windPeak": 7.032153702061858, "windAvg": 3.3531131800000002, "temp": 31.888888888888893, "humidity": 34.0, "direction": "N", "rainHour": 0.0, "pressure": 1004.5625}