{"windPeak": 0.0008732967594136333, "windAvg": 0.0, "temp": 24.61111111111111, "humidity": 62.0, "direction": "N", "rainHour": 0.0, "pressure": 1008.5}