{"windPeak": 8.569737458071636, "windAvg": 3.7955720999999993, "temp": 23.22222222222222, "humidity": 60.0, "direction": "N", "rainHour": 0.0, "pressure": 1008.1875}