{"windPeak": 1.6172425619009976, "windAvg": 0.0, "temp": 22.38888888888889, "humidity": 71.0, "direction": "N", "rainHour": 0.0, "pressure": 1005.25}