{"windPeak": 3.685190790705796, "windAvg": 1.43877408, "temp": 7.3888888888888875, "humidity": 75.0, "direction": "N", "rainHour": 0.0, "pressure": 1006.0}