{"windPeak": 1.2462940947591588, "windAvg": 0.0, "temp": 26.222222222222225, "humidity": 76.0, "direction": "N", "rainHour": 0.0, "pressure": 987.0}