{"windPeak": 11.56404656359666, "windAvg": 4.865705160000001, "temp": 13.722222222222225, "humidity": 59.0, "direction": "N", "rainHour": 0.0, "pressure": 1002.875}