{"windPeak": 3.1560386954028314, "windAvg": 1.6360686599999996, "temp": 30.222222222222225, "humidity": 61.0, "direction": "N", "rainHour": 0.0, "pressure": 1000.375}