{"windPeak": 4.994632490029894, "windAvg": 2.7460184400000003, "temp": 23.61111111111111, "humidity": 72.0, "direction": "N", "rainHour": 0.0, "pressure": 1000.75}