{"windPeak": 4.030849164911723, "windAvg": 1.9577348800000005, "temp": 19.61111111111111, "humidity": 84.0, "direction": "N", "rainHour": 0.0, "pressure": 996.0}