{"windPeak": 1.7914105718479276, "windAvg": 0.32077146, "temp": 25.222222222222225, "humidity": 72.0, "direction": "N", "rainHour": 0.0, "pressure": 1003.1875}