{"windPeak": 0.003737975767697931, "windAvg": 0.0, "temp": 27.11111111111111, "humidity": 73.0, "direction": "N", "rainHour": 0.0, "pressure": 1003.375}