{"windPeak": 1.6650414670117821, "windAvg": 0.12437163999999999, "temp": 28.88888888888889, "humidity": 46.0, "direction": "N", "rainHour": 0.0, "pressure": 1004.375}