{"windPeak": 2.7550337865386576e-05, "windAvg": 0.0, "temp": 16.27777777777778, "humidity": 79.0, "direction": "N", "rainHour": 0.0, "pressure": 1001.375}