{"windPeak": 0.0015696837320843624, "windAvg": 0.0, "temp": 18.388888888888886, "humidity": 78.0, "direction": "N", "rainHour": 0.0, "pressure": 993.5}