{"windPeak": 5.132977837276703, "windAvg": 2.9106543000000005, "temp": 28.5, "humidity": 54.0, "direction": "N", "rainHour": 0.0, "pressure": 1007.75}