{"windPeak": 8.636692049518321e-07, "windAvg": 0.0, "temp": 28.000000000000004, "humidity": 74.0, "direction": "N", "rainHour": 0.0, "pressure": 1001.5625}