{"windPeak": 1.8968709732054212, "windAvg": 0.15524086000000004, "temp": 21.611111111111114, "humidity": 84.0, "direction": "N", "rainHour": 0.0, "pressure": 1007.25}