{"windPeak": 3.8369530127497775, "windAvg": 2.210951959999999, "temp": 26.611111111111114, "humidity": 46.0, "direction": "N", "rainHour": 0.0, "pressure": 1006.1875}