{"windPeak": 6.533931656979986, "windAvg": 3.4457209000000013, "temp": 27.722222222222225, "humidity": 55.0, "direction": "N", "rainHour": 0.0, "pressure": 1007.6875}