{"windPeak": 6.900291490460563e-22, "windAvg": 0.0, "temp": 23.61111111111111, "humidity": 73.0, "direction": "N", "rainHour": 0.0, "pressure": 1011.75}