{"windPeak": 4.7519168145596605e-60, "windAvg": 0.0, "temp": 22.77777777777778, "humidity": 80.0, "direction": "N", "rainHour": 0.0, "pressure": 1002.875}