{"windPeak": 13.703612910603576, "windAvg": 4.81425646, "temp": 18.88888888888889, "humidity": 45.0, "direction": "N", "rainHour": 0.0, "pressure": 1000.5625}