{"windPeak": 9.832062607324314e-13, "windAvg": 0.0, "temp": 29.499999999999996, "humidity": 61.0, "direction": "N", "rainHour": 0.0, "pressure": 1009.75}