{"windPeak": 6.152414578545673, "windAvg": 4.135133640000001, "temp": 24.499999999999996, "humidity": 47.0, "direction": "N", "rainHour": 0.0, "pressure": 1005.75}