{"windPeak": 6.588304268339301e-42, "windAvg": 0.0, "temp": 13.111111111111112, "humidity": 81.0, "direction": "N", "rainHour": 0.0, "pressure": 1004.1875}