{"windPeak": 11.734892777955679, "windAvg": 5.63743574, "temp": 20.388888888888893, "humidity": 44.0, "direction": "N", "rainHour": 0.0, "pressure": 998.6875}