{"windPeak": 3.828249184938678, "windAvg": 1.7322553600000001, "temp": 23.11111111111111, "humidity": 48.0, "direction": "N", "rainHour": 0.0, "pressure": 1007.5625}