{"windPeak": 2.1603110926243057, "windAvg": 0.41203697999999994, "temp": 18.22222222222222, "humidity": 69.0, "direction": "N", "rainHour": 0.0, "pressure": 1003.875}