{"windPeak": 4.4030119065559346, "windAvg": 2.49906468, "temp": 25.500000000000004, "humidity": 56.0, "direction": "N", "rainHour": 0.0, "pressure": 1002.5}