{"windPeak": 2.9616430815734898, "windAvg": 0.91802376, "temp": 13.499999999999998, "humidity": 63.0, "direction": "N", "rainHour": 0.0, "pressure": 1000.5625}