{"windPeak": 5.2391800784745834, "windAvg": 2.1769510999999993, "temp": 19.388888888888893, "humidity": 84.0, "direction": "N", "rainHour": 0.0, "pressure": 998.5}