{"windPeak": 4.545733321495557, "windAvg": 2.5496187000000003, "temp": 23.722222222222225, "humidity": 58.0, "direction": "N", "rainHour": 0.0, "pressure": 1004.875}