{"windPeak": 3.6774831739343505, "windAvg": 1.7139127799999994, "temp": 17.5, "humidity": 87.0, "direction": "N", "rainHour": 0.01, "pressure": 997.875}