{"windPeak": 3.5023507574255075, "windAvg": 0.39727344000000003, "temp": 20.0, "humidity": 80.0, "direction": "N", "rainHour": 0.0, "pressure": 1006.0625}