{"windPeak": 1.6570407244027743, "windAvg": 0.54088242, "temp": 23.388888888888886, "humidity": 61.0, "direction": "N", "rainHour": 0.0, "pressure": 1006.875}