{"windPeak": 4.331674057199812e-19, "windAvg": 0.0, "temp": 22.77777777777778, "humidity": 75.0, "direction": "N", "rainHour": 0.0, "pressure": 1004.25}