{"windPeak": 3.899878391769755e-07, "windAvg": 0.0, "temp": 26.27777777777778, "humidity": 64.0, "direction": "N", "rainHour": 0.0, "pressure": 1003.375}