{"windPeak": 1.5077058910428511, "windAvg": 0.07873888, "temp": 35.61111111111111, "humidity": 55.0, "direction": "N", "rainHour": 0.0, "pressure": 1000.375}