{"windPeak": 6.693848647714642e-45, "windAvg": 0.0, "temp": 22.277777777777775, "humidity": 63.0, "direction": "N", "rainHour": 0.0, "pressure": 1002.25}