{"windPeak": 2.7001236096596934, "windAvg": 0.39279964, "temp": 21.888888888888893, "humidity": 82.0, "direction": "N", "rainHour": 0.0, "pressure": 1002.0}