{"windPeak": 3.070724441394418, "windAvg": 1.08579126, "temp": 24.277777777777782, "humidity": 76.0, "direction": "N", "rainHour": 0.0, "pressure": 1008.375}