{"windPeak": 4.196780462819264, "windAvg": 1.8476793999999999, "temp": 8.111111111111112, "humidity": 81.0, "direction": "N", "rainHour": 0.0, "pressure": 1000.75}