{"windPeak": 4.226834570763271, "windAvg": 1.6069889599999996, "temp": 33.72222222222223, "humidity": 37.0, "direction": "N", "rainHour": 0.0, "pressure": 1006.5}