{"windPeak": 11.305055082027033, "windAvg": 4.0528156599999985, "temp": 14.722222222222223, "humidity": 87.0, "direction": "N", "rainHour": 0.0, "pressure": 1001.25}