{"windPeak": 2.9240179409759597e-09, "windAvg": 0.0, "temp": 25.111111111111114, "humidity": 77.0, "direction": "N", "rainHour": 0.0, "pressure": 1002.875}