{"windPeak": 5.756623564963949, "windAvg": 2.9415235600000007, "temp": 24.88888888888889, "humidity": 64.0, "direction": "N", "rainHour": 0.0, "pressure": 995.875}