{"windPeak": 3.7195130424865903, "windAvg": 2.126397139999999, "temp": 32.72222222222223, "humidity": 56.0, "direction": "N", "rainHour": 0.0, "pressure": 1000.6875}