{"windPeak": 4.498639573711747, "windAvg": 2.6842800200000005, "temp": 30.61111111111111, "humidity": 58.0, "direction": "N", "rainHour": 0.0, "pressure": 1006.1875}