{"windPeak": 1.963499564348436, "windAvg": 0.033106119999999996, "temp": 22.888888888888893, "humidity": 82.0, "direction": "N", "rainHour": 0.0, "pressure": 1002.5}