{"windPeak": 0.0033648528606435428, "windAvg": 0.0, "temp": 23.61111111111111, "humidity": 80.0, "direction": "N", "rainHour": 0.0, "pressure": 1007.6875}