{"windPeak": 1.295293219417319e-53, "windAvg": 0.0, "temp": 20.888888888888886, "humidity": 65.0, "direction": "N", "rainHour": 0.0, "pressure": 1013.25}