{"windPeak": 6.241145211583027, "windAvg": 3.3736927200000015, "temp": 22.5, "humidity": 56.0, "direction": "N", "rainHour": 0.0, "pressure": 1006.5}