{"windPeak": 1.7967682937864875, "windAvg": 0.24650638, "temp": 24.61111111111111, "humidity": 64.0, "direction": "N", "rainHour": 0.0, "pressure": 1009.0}