{"windPeak": 14.309005563700797, "windAvg": 4.5775925200000005, "temp": 15.888888888888891, "humidity": 54.0, "direction": "N", "rainHour": 0.0, "pressure": 1001.6875}