{"windPeak": 6.875637504275263, "windAvg": 3.0341312000000005, "temp": 19.499999999999996, "humidity": 74.0, "direction": "N", "rainHour": 0.0, "pressure": 1006.875}