{"windPeak": 1.83725629974447e-28, "windAvg": 0.0, "temp": 9.61111111111111, "humidity": 85.0, "direction": "N", "rainHour": 0.0, "pressure": 1002.5625}