{"windPeak": 2.3392490143944995, "windAvg": 0.0, "temp": 25.500000000000004, "humidity": 76.0, "direction": "N", "rainHour": 0.0, "pressure": 986.6875}