{"windPeak": 1.3017319047386546, "windAvg": 0.07873888, "temp": 18.61111111111111, "humidity": 85.0, "direction": "N", "rainHour": 0.0, "pressure": 989.25}