{"windPeak": 3.2500773730248453e-21, "windAvg": 0.0, "temp": 21.500000000000004, "humidity": 79.0, "direction": "N", "rainHour": 0.0, "pressure": 1004.25}