{"windPeak": 2.661488695482905, "windAvg": 1.0558168000000003, "temp": 29.777777777777775, "humidity": 61.0, "direction": "N", "rainHour": 0.0, "pressure": 1005.25}