{"windPeak": 3.280344633228876, "windAvg": 2.2601637599999997, "temp": 30.888888888888886, "humidity": 41.0, "direction": "N", "rainHour": 0.0, "pressure": 1007.0}