{"windPeak": 4.512538707821285, "windAvg": 2.7460184400000007, "temp": 17.5, "humidity": 88.0, "direction": "N", "rainHour": 0.0, "pressure": 994.75}