{"windPeak": 3.7153371724287106e-39, "windAvg": 0.0, "temp": 24.61111111111111, "humidity": 65.0, "direction": "N", "rainHour": 0.0, "pressure": 1011.5625}