{"windPeak": 1.5376703155668686e-51, "windAvg": 0.0, "temp": 26.999999999999996, "humidity": 65.0, "direction": "N", "rainHour": 0.0, "pressure": 1000.5625}