{"windPeak": 8.112008811988625e-25, "windAvg": 0.0, "temp": 18.77777777777778, "humidity": 71.0, "direction": "N", "rainHour": 0.0, "pressure": 1012.6875}