{"windPeak": 0.177064107239701, "windAvg": 0.0, "temp": 25.888888888888886, "humidity": 76.0, "direction": "N", "rainHour": 0.0, "pressure": 987.375}