{"windPeak": 6.184947310562377, "windAvg": 3.435431060000001, "temp": 29.388888888888893, "humidity": 38.0, "direction": "N", "rainHour": 0.0, "pressure": 1006.75}