{"windPeak": 2.622823548433512, "windAvg": 1.11531834, "temp": 30.888888888888886, "humidity": 46.0, "direction": "N", "rainHour": 0.0, "pressure": 1007.5625}