{"windPeak": 4.44730983789178, "windAvg": 2.141608079999999, "temp": 16.11111111111111, "humidity": 71.0, "direction": "N", "rainHour": 0.0, "pressure": 1003.6875}