{"windPeak": 7.602880254828933e-08, "windAvg": 0.0, "temp": 21.38888888888889, "humidity": 77.0, "direction": "N", "rainHour": 0.0, "pressure": 991.0625}