{"windPeak": 1.48699105137926e-37, "windAvg": 0.0, "temp": 22.77777777777778, "humidity": 85.0, "direction": "N", "rainHour": 0.0, "pressure": 1007.875}