{"windPeak": 3.017023808680345, "windAvg": 1.11800262, "temp": 23.388888888888886, "humidity": 81.0, "direction": "N", "rainHour": 0.0, "pressure": 1003.875}