{"windPeak": 4.155149557198265, "windAvg": 2.5093544199999998, "temp": 23.5, "humidity": 85.0, "direction": "N", "rainHour": 0.0, "pressure": 996.0625}