{"windPeak": 3.480852367033292, "windAvg": 1.9103125999999993, "temp": 25.388888888888893, "humidity": 42.0, "direction": "N", "rainHour": 0.0, "pressure": 1008.75}