{"windPeak": 0.3687280144685505, "windAvg": 0.02281638, "temp": 19.61111111111111, "humidity": 86.0, "direction": "N", "rainHour": 0.0, "pressure": 1002.5}