{"windPeak": 2.1057948142535046, "windAvg": 0.43709026000000006, "temp": 23.722222222222225, "humidity": 52.0, "direction": "N", "rainHour": 0.0, "pressure": 1006.6875}