{"windPeak": 4.216907835457637, "windAvg": 2.087475079999999, "temp": 31.777777777777782, "humidity": 54.0, "direction": "N", "rainHour": 0.0, "pressure": 1004.875}