{"windPeak": 3.2341222738553483, "windAvg": 0.85494318, "temp": 17.38888888888889, "humidity": 70.0, "direction": "N", "rainHour": 0.0, "pressure": 1004.1875}