{"windPeak": 3.5212177696321882, "windAvg": 2.2109519599999996, "temp": 31.500000000000004, "humidity": 59.0, "direction": "N", "rainHour": 0.0, "pressure": 1000.6875}