{"windPeak": 4.200322608555015, "windAvg": 2.183661779999999, "temp": 23.388888888888886, "humidity": 81.0, "direction": "N", "rainHour": 0.0, "pressure": 1006.5625}