{"windPeak": 0.1715084945815048, "windAvg": 0.0, "temp": 20.500000000000004, "humidity": 69.0, "direction": "N", "rainHour": 0.0, "pressure": 1004.0625}