{"windPeak": 1.8234155353421777, "windAvg": 0.04563276, "temp": 27.222222222222225, "humidity": 51.0, "direction": "N", "rainHour": 0.0, "pressure": 996.25}