{"windPeak": 2.8950396395431968, "windAvg": 1.5895411399999997, "temp": 21.27777777777778, "humidity": 74.0, "direction": "N", "rainHour": 0.0, "pressure": 1010.5625}