{"windPeak": 1.6304369844653632, "windAvg": 0.02281638, "temp": 18.277777777777782, "humidity": 60.0, "direction": "N", "rainHour": 0.0, "pressure": 1006.5625}