{"windPeak": 0.03260138374008175, "windAvg": 0.0, "temp": 34.22222222222222, "humidity": 58.0, "direction": "N", "rainHour": 0.0, "pressure": 1000.875}