{"windPeak": 4.896097799907048, "windAvg": 2.07494846, "temp": 20.611111111111107, "humidity": 82.0, "direction": "N", "rainHour": 0.0, "pressure": 996.0625}