{"windPeak": 5.991046673110461, "windAvg": 3.7132542400000017, "temp": 26.0, "humidity": 53.0, "direction": "N", "rainHour": 0.0, "pressure": 1003.0625}