{"windPeak": 3.351463909875219, "windAvg": 0.3972734400000001, "temp": 18.000000000000004, "humidity": 86.0, "direction": "N", "rainHour": 0.0, "pressure": 999.1875}