{"windPeak": 2.784405939331103, "windAvg": 1.3492980800000003, "temp": 30.777777777777782, "humidity": 64.0, "direction": "N", "rainHour": 0.0, "pressure": 1012.6875}