{"windPeak": 3.452114357727974, "windAvg": 1.506328459999999, "temp": 22.5, "humidity": 41.0, "direction": "N", "rainHour": 0.0, "pressure": 1010.75}