{"windPeak": 3.178303132026325, "windAvg": 1.4548797600000003, "temp": 30.888888888888886, "humidity": 61.0, "direction": "N", "rainHour": 0.0, "pressure": 1012.0625}