{"windPeak": 5.341256637882953, "windAvg": 3.2193465600000017, "temp": 21.222222222222225, "humidity": 61.0, "direction": "N", "rainHour": 0.0, "pressure": 998.0}