{"windPeak": 0.001210704810232319, "windAvg": 0.0, "temp": 21.888888888888893, "humidity": 55.0, "direction": "N", "rainHour": 0.0, "pressure": 1006.75}