{"windPeak": 1.6912943591728888, "windAvg": 0.033106119999999996, "temp": 25.0, "humidity": 63.0, "direction": "N", "rainHour": 0.0, "pressure": 1009.0}