{"windPeak": 1.0477929770255637e-24, "windAvg": 0.0, "temp": 29.388888888888893, "humidity": 52.0, "direction": "N", "rainHour": 0.0, "pressure": 1009.5}