{"windPeak": 1.4829529404679325, "windAvg": 0.13242447999999998, "temp": 19.72222222222222, "humidity": 73.0, "direction": "N", "rainHour": 0.0, "pressure": 1009.375}