{"windPeak": 0.1605245518481246, "windAvg": 0.0, "temp": 24.499999999999996, "humidity": 79.0, "direction": "N", "rainHour": 0.0, "pressure": 1002.5625}