{"windPeak": 5.180593035464573, "windAvg": 2.848915860000001, "temp": 25.222222222222225, "humidity": 40.0, "direction": "N", "rainHour": 0.0, "pressure": 1007.1875}