{"windPeak": 1.7892598168916343e-62, "windAvg": 0.0, "temp": 16.222222222222225, "humidity": 76.0, "direction": "N", "rainHour": 0.0, "pressure": 1004.25}