{"windPeak": 1.8735766168365864, "windAvg": 0.63393746, "temp": 21.888888888888893, "humidity": 57.0, "direction": "N", "rainHour": 0.0, "pressure": 1010.5625}