{"windPeak": 3.9381469782535857e-25, "windAvg": 0.0, "temp": 16.722222222222225, "humidity": 74.0, "direction": "N", "rainHour": 0.0, "pressure": 1000.5}