{"windPeak": 6.872184079829507, "windAvg": 1.87765388, "temp": 20.222222222222225, "humidity": 83.0, "direction": "N", "rainHour": 0.0, "pressure": 997.875}