{"windPeak": 4.4077489664746015, "windAvg": 1.62264726, "temp": 26.611111111111114, "humidity": 67.0, "direction": "N", "rainHour": 0.0, "pressure": 1007.375}