{"windPeak": 6.105399506587094, "windAvg": 3.0032619599999997, "temp": 30.72222222222222, "humidity": 42.0, "direction": "N", "rainHour": 0.0, "pressure": 1009.25}