{"windPeak": 4.0419040818899505e-22, "windAvg": 0.0, "temp": 22.38888888888889, "humidity": 77.0, "direction": "N", "rainHour": 0.0, "pressure": 1004.0625}