{"windPeak": 4.629974852329213e-20, "windAvg": 0.0, "temp": 23.000000000000004, "humidity": 67.0, "direction": "N", "rainHour": 0.0, "pressure": 1003.6875}