{"windPeak": 1.7234677494195965, "windAvg": 0.033106119999999996, "temp": 17.611111111111114, "humidity": 75.0, "direction": "N", "rainHour": 0.0, "pressure": 1005.0}