{"windPeak": 3.8838313739057657e-07, "windAvg": 0.0, "temp": 24.000000000000004, "humidity": 61.0, "direction": "N", "rainHour": 0.0, "pressure": 1007.6875}