{"windPeak": 3.508512028883805, "windAvg": 1.6029625399999994, "temp": 31.111111111111114, "humidity": 44.0, "direction": "N", "rainHour": 0.0, "pressure": 1001.5625}