{"windPeak": 3.453417877045514, "windAvg": 1.8418634599999997, "temp": 26.500000000000004, "humidity": 76.0, "direction": "N", "rainHour": 0.0, "pressure": 1002.875}