{"windPeak": 1.9368826097933614e-35, "windAvg": 0.0, "temp": 23.77777777777778, "humidity": 77.0, "direction": "N", "rainHour": 0.0, "pressure": 1003.75}