{"windPeak": 4.223843034635708, "windAvg": 2.7151492200000007, "temp": 23.5, "humidity": 77.0, "direction": "N", "rainHour": 0.0, "pressure": 1009.375}