{"windPeak": 0.25747261573158403, "windAvg": 0.0, "temp": 22.722222222222225, "humidity": 79.0, "direction": "N", "rainHour": 0.0, "pressure": 1003.5}