{"windPeak": 2.707280654166562e-15, "windAvg": 0.0, "temp": 11.61111111111111, "humidity": 83.0, "direction": "N", "rainHour": 0.0, "pressure": 1004.5625}