{"windPeak": 2.3989838101408965, "windAvg": 0.9775253, "temp": 25.777777777777782, "humidity": 78.0, "direction": "N", "rainHour": 0.0, "pressure": 1002.75}