{"windPeak": 7.505484854545697e-31, "windAvg": 0.0, "temp": 26.38888888888889, "humidity": 60.0, "direction": "N", "rainHour": 0.0, "pressure": 1008.75}