{"windPeak": 8.152270387226643, "windAvg": 3.9190489000000013, "temp": 25.0, "humidity": 44.0, "direction": "N", "rainHour": 0.0, "pressure": 1006.5}