{"windPeak": 2.6712572036813562e-30, "windAvg": 0.0, "temp": 22.11111111111111, "humidity": 71.0, "direction": "N", "rainHour": 0.0, "pressure": 1012.25}