{"windPeak": 4.223031794204653, "windAvg": 2.61135714, "temp": -40.0, "humidity": 0.0, "direction": "N", "rainHour": 0.0, "pressure": 1002.5625}