{"windPeak": 2.317232234821977, "windAvg": 0.34716687999999996, "temp": 20.611111111111107, "humidity": 72.0, "direction": "N", "rainHour": 0.0, "pressure": 1010.1875}