{"windPeak": 1.9689027135058714, "windAvg": 0.14271422, "temp": 19.72222222222222, "humidity": 59.0, "direction": "N", "rainHour": 0.0, "pressure": 1007.5625}