{"windPeak": 5.738874462925594e-16, "windAvg": 0.0, "temp": 18.000000000000004, "humidity": 74.0, "direction": "N", "rainHour": 0.0, "pressure": 1004.25}