{"windPeak": 9.47943089726194, "windAvg": 4.207161740000001, "temp": 18.111111111111107, "humidity": 70.0, "direction": "N", "rainHour": 0.0, "pressure": 1006.0}