{"windPeak": 4.7513116288649035e-16, "windAvg": 0.0, "temp": 21.77777777777778, "humidity": 81.0, "direction": "N", "rainHour": 0.0, "pressure": 1005.6875}