{"windPeak": 1.3522878854462696e-22, "windAvg": 0.0, "temp": 21.77777777777778, "humidity": 64.0, "direction": "N", "rainHour": 0.0, "pressure": 1003.5625}