{"windPeak": 1.2530604158705114e-48, "windAvg": 0.0, "temp": 20.111111111111114, "humidity": 70.0, "direction": "N", "rainHour": 0.0, "pressure": 1013.375}