{"windPeak": 4.782243720769717, "windAvg": 2.673990300000001, "temp": 20.888888888888886, "humidity": 63.0, "direction": "N", "rainHour": 0.0, "pressure": 1007.75}