{"windPeak": 4.715094404856997, "windAvg": 2.7254389600000013, "temp": 25.0, "humidity": 57.0, "direction": "N", "rainHour": 0.0, "pressure": 1002.75}