{"windPeak": 3.3787140439085354e-16, "windAvg": 0.0, "temp": 28.000000000000004, "humidity": 62.0, "direction": "N", "rainHour": 0.0, "pressure": 1004.0}