{"windPeak": 4.220478456075678e-22, "windAvg": 0.0, "temp": 15.722222222222221, "humidity": 78.0, "direction": "N", "rainHour": 0.0, "pressure": 1000.1875}