{"windPeak": 1.6138443427458984, "windAvg": 0.31719242000000003, "temp": 20.611111111111107, "humidity": 74.0, "direction": "N", "rainHour": 0.0, "pressure": 1009.25}