{"windPeak": 1.7574897334077153, "windAvg": 0.11408190000000001, "temp": 26.888888888888893, "humidity": 65.0, "direction": "N", "rainHour": 0.0, "pressure": 1005.0625}