{"windPeak": 2.1774951658473483, "windAvg": 0.51135534, "temp": 6.611111111111111, "humidity": 80.0, "direction": "N", "rainHour": 0.0, "pressure": 1005.5625}