{"windPeak": 2.9280744660934395, "windAvg": 1.5725407000000002, "temp": 31.0, "humidity": 62.0, "direction": "N", "rainHour": 0.0, "pressure": 1001.0}