{"windPeak": 4.590734161175766, "windAvg": 2.6328313, "temp": 22.5, "humidity": 59.0, "direction": "N", "rainHour": 0.0, "pressure": 1001.75}