{"windPeak": 3.139737804024363, "windAvg": 1.2571378200000003, "temp": 12.388888888888888, "humidity": 78.0, "direction": "N", "rainHour": 0.0, "pressure": 1003.0}