{"windPeak": 4.529180237682111, "windAvg": 2.2682166199999996, "temp": 26.888888888888893, "humidity": 73.0, "direction": "N", "rainHour": 0.0, "pressure": 1007.875}