{"windPeak": 4.00030574994554e-06, "windAvg": 0.0, "temp": 19.000000000000004, "humidity": 69.0, "direction": "N", "rainHour": 0.0, "pressure": 999.875}