{"windPeak": 0.5060910912093092, "windAvg": 0.02281638, "temp": 25.500000000000004, "humidity": 61.0, "direction": "N", "rainHour": 0.0, "pressure": 1008.75}