{"windPeak": 0.5506600558856217, "windAvg": 0.111845, "temp": 24.722222222222225, "humidity": 76.0, "direction": "N", "rainHour": 0.0, "pressure": 1013.25}