{"windPeak": 3.6051553278768416, "windAvg": 1.5233288999999999, "temp": 26.611111111111114, "humidity": 56.0, "direction": "N", "rainHour": 0.0, "pressure": 1007.375}