{"windPeak": 4.366834936725161, "windAvg": 2.9312337600000014, "temp": 26.0, "humidity": 52.0, "direction": "N", "rainHour": 0.0, "pressure": 1003.0625}