{"windPeak": 3.5951831005703254, "windAvg": 2.24182118, "temp": -40.0, "humidity": 0.0, "direction": "N", "rainHour": 0.0, "pressure": 1003.1875}