{"windPeak": 2.5270217366234874e-10, "windAvg": 0.0, "temp": 26.888888888888893, "humidity": 52.0, "direction": "N", "rainHour": 0.0, "pressure": 1013.0}