{"windPeak": 4.2861915256732095, "windAvg": 0.7001496999999999, "temp": 30.500000000000004, "humidity": 37.0, "direction": "N", "rainHour": 0.0, "pressure": 1009.875}