{"windPeak": 0.5142321369101174, "windAvg": 0.10737120000000001, "temp": 34.77777777777778, "humidity": 45.0, "direction": "N", "rainHour": 0.0, "pressure": 1011.25}