{"windPeak": 3.2137604068668213, "windAvg": 0.89520738, "temp": 24.22222222222222, "humidity": 77.0, "direction": "N", "rainHour": 0.0, "pressure": 1001.75}