{"windPeak": 0.014870292754768887, "windAvg": 0.0, "temp": 11.11111111111111, "humidity": 83.0, "direction": "N", "rainHour": 0.0, "pressure": 1009.0}