{"windPeak": 1.3950515983730904e-05, "windAvg": 0.0, "temp": 24.722222222222225, "humidity": 73.0, "direction": "N", "rainHour": 0.0, "pressure": 1004.6875}