{"windPeak": 3.0122381057313596, "windAvg": 1.0549220400000003, "temp": 24.61111111111111, "humidity": 76.0, "direction": "N", "rainHour": 0.0, "pressure": 1008.0625}