{"windPeak": 6.1414438672130345, "windAvg": 2.823862679999999, "temp": 18.388888888888886, "humidity": 67.0, "direction": "N", "rainHour": 0.0, "pressure": 1003.1875}