{"windPeak": 8.435768112917568e-29, "windAvg": 0.0, "temp": 20.777777777777782, "humidity": 79.0, "direction": "N", "rainHour": 0.0, "pressure": 1005.0}