{"windPeak": 2.6346094073684814, "windAvg": 1.0057102400000002, "temp": 6.888888888888888, "humidity": 77.0, "direction": "N", "rainHour": 0.0, "pressure": 1005.5625}