{"windPeak": 3.582453469462606e-27, "windAvg": 0.0, "temp": 21.77777777777778, "humidity": 68.0, "direction": "N", "rainHour": 0.0, "pressure": 1003.1875}