{"windPeak": 3.6608429787612393, "windAvg": 1.7734143199999994, "temp": 26.999999999999996, "humidity": 57.0, "direction": "N", "rainHour": 0.0, "pressure": 1014.0}