{"windPeak": 9.026701815128844, "windAvg": 3.72354396, "temp": 16.722222222222225, "humidity": 79.0, "direction": "N", "rainHour": 0.0, "pressure": 1005.6875}