{"windPeak": 6.054437416653364, "windAvg": 2.992972220000001, "temp": 27.277777777777775, "humidity": 60.0, "direction": "N", "rainHour": 0.0, "pressure": 1006.0}