{"windPeak": 4.7198903788058075, "windAvg": 2.2212416999999993, "temp": 30.777777777777782, "humidity": 32.0, "direction": "N", "rainHour": 0.0, "pressure": 1005.375}