{"windPeak": 1.3054066621927492e-15, "windAvg": 0.0, "temp": 18.111111111111107, "humidity": 66.0, "direction": "N", "rainHour": 0.0, "pressure": 1006.1875}