{"windPeak": 4.778241817126215, "windAvg": 2.8900748000000003, "temp": 28.000000000000004, "humidity": 41.0, "direction": "N", "rainHour": 0.0, "pressure": 1005.0}