{"windPeak": 3.393771966831091, "windAvg": 1.17616202, "temp": 14.222222222222223, "humidity": 82.0, "direction": "N", "rainHour": 0.0, "pressure": 1006.5}