{"windPeak": 3.247630161335771, "windAvg": 1.585962099999999, "temp": 20.388888888888893, "humidity": 84.0, "direction": "N", "rainHour": 0.0, "pressure": 994.25}