{"windPeak": 3.514835597879322e-23, "windAvg": 0.0, "temp": 22.888888888888893, "humidity": 68.0, "direction": "N", "rainHour": 0.0, "pressure": 1009.25}