{"windPeak": 5.72531307612271, "windAvg": 2.81804666, "temp": 31.0, "humidity": 45.0, "direction": "N", "rainHour": 0.0, "pressure": 1007.1875}