{"windPeak": 1.0727662754552968e-11, "windAvg": 0.0, "temp": 29.000000000000004, "humidity": 54.0, "direction": "N", "rainHour": 0.0, "pressure": 1009.5}