{"windPeak": 4.404235832257813, "windAvg": 2.3196652999999996, "temp": 18.277777777777782, "humidity": 88.0, "direction": "N", "rainHour": 0.0, "pressure": 994.5}