{"windPeak": 5.614357242778958, "windAvg": 3.1267389200000006, "temp": 23.5, "humidity": 87.0, "direction": "N", "rainHour": 0.0, "pressure": 991.875}