{"windPeak": 2.0575462637846876e-09, "windAvg": 0.0, "temp": 10.222222222222221, "humidity": 78.0, "direction": "N", "rainHour": 0.0, "pressure": 1001.375}