{"windPeak": 8.814705699632244, "windAvg": 3.4868798400000007, "temp": 23.88888888888889, "humidity": 49.0, "direction": "N", "rainHour": 0.0, "pressure": 1006.6875}