{"windPeak": 1.7851920946433455, "windAvg": 0.23621664000000003, "temp": 24.722222222222225, "humidity": 75.0, "direction": "N", "rainHour": 0.0, "pressure": 1008.5625}