{"windPeak": 3.2731735281638744e-17, "windAvg": 0.0, "temp": 20.27777777777778, "humidity": 78.0, "direction": "N", "rainHour": 0.0, "pressure": 1005.25}