{"windPeak": 2.094796856832442, "windAvg": 0.17358344000000003, "temp": 31.500000000000004, "humidity": 60.0, "direction": "N", "rainHour": 0.0, "pressure": 1001.25}