{"windPeak": 5.696180845637678, "windAvg": 2.0328947399999993, "temp": 19.61111111111111, "humidity": 82.0, "direction": "N", "rainHour": 0.0, "pressure": 997.875}