{"windPeak": 0.9066092162842998, "windAvg": 0.13689828, "temp": 24.722222222222225, "humidity": 54.0, "direction": "N", "rainHour": 0.0, "pressure": 1004.5625}