{"windPeak": 1.2250543416961523, "windAvg": 0.16776749999999999, "temp": 24.111111111111114, "humidity": 54.0, "direction": "N", "rainHour": 0.0, "pressure": 1004.25}