{"windPeak": 0.8192639869988001, "windAvg": 0.111845, "temp": 18.388888888888886, "humidity": 87.0, "direction": "N", "rainHour": 0.0, "pressure": 1003.875}