{"windPeak": 1.1159921047416777e-12, "windAvg": 0.0, "temp": 24.388888888888893, "humidity": 57.0, "direction": "N", "rainHour": 0.0, "pressure": 1003.75}