{"windPeak": 4.9444386616239155, "windAvg": 1.5327239, "temp": 32.111111111111114, "humidity": 60.0, "direction": "N", "rainHour": 0.0, "pressure": 1007.875}