{"windPeak": 1.6931849495854156e-12, "windAvg": 0.0, "temp": 22.38888888888889, "humidity": 73.0, "direction": "N", "rainHour": 0.0, "pressure": 1010.375}