{"windPeak": 5.93677286194813, "windAvg": 3.198767060000001, "temp": 17.72222222222222, "humidity": 87.0, "direction": "N", "rainHour": 0.0, "pressure": 998.1875}