{"windPeak": 4.845306270961996e-07, "windAvg": 0.0, "temp": 13.722222222222225, "humidity": 81.0, "direction": "N", "rainHour": 0.0, "pressure": 1010.75}