{"windPeak": 5.457248738998831, "windAvg": 3.5177490800000015, "temp": 19.88888888888889, "humidity": 74.0, "direction": "N", "rainHour": 0.0, "pressure": 999.1875}