{"windPeak": 2.6778383407580875, "windAvg": 0.4965918000000001, "temp": 20.500000000000004, "humidity": 59.0, "direction": "N", "rainHour": 0.0, "pressure": 1006.0}