{"windPeak": 1.2294058852761434e-33, "windAvg": 0.0, "temp": 21.222222222222225, "humidity": 83.0, "direction": "N", "rainHour": 0.0, "pressure": 1004.25}