{"windPeak": 4.778297200829878, "windAvg": 2.9106543200000017, "temp": 32.611111111111114, "humidity": 38.0, "direction": "N", "rainHour": 0.0, "pressure": 1006.6875}