{"windPeak": 1.1752226250977238e-33, "windAvg": 0.0, "temp": 13.277777777777777, "humidity": 79.0, "direction": "N", "rainHour": 0.0, "pressure": 1003.5}