{"windPeak": 8.808788814774372, "windAvg": 3.9499183000000015, "temp": 14.888888888888888, "humidity": 84.0, "direction": "N", "rainHour": 0.0, "pressure": 1005.0}