{"windPeak": 3.726528842843765, "windAvg": 2.35500832, "temp": 21.999999999999996, "humidity": 82.0, "direction": "N", "rainHour": 0.0, "pressure": 1007.5}