{"windPeak": 1.0632847010651555e-18, "windAvg": 0.0, "temp": 21.27777777777778, "humidity": 72.0, "direction": "N", "rainHour": 0.0, "pressure": 1004.0625}