{"windPeak": 0.06145971970684094, "windAvg": 0.0, "temp": 23.277777777777782, "humidity": 82.0, "direction": "N", "rainHour": 0.0, "pressure": 1002.1875}