{"windPeak": 3.9612346263746683, "windAvg": 2.2006622199999986, "temp": 31.111111111111114, "humidity": 58.0, "direction": "N", "rainHour": 0.0, "pressure": 1002.75}