{"windPeak": 7.6087668028361035, "windAvg": 4.001366860000001, "temp": 31.611111111111114, "humidity": 30.0, "direction": "N", "rainHour": 0.0, "pressure": 1005.0625}