{"windPeak": 3.2518076900409794, "windAvg": 2.18813558, "temp": 37.72222222222223, "humidity": 37.0, "direction": "N", "rainHour": 0.0, "pressure": 1003.0}