{"windPeak": 3.3900246099265843, "windAvg": 1.0285266200000003, "temp": 28.5, "humidity": 64.0, "direction": "N", "rainHour": 0.0, "pressure": 1000.6875}