{"windPeak": 3.1667388992345606, "windAvg": 1.9639981999999987, "temp": 25.777777777777782, "humidity": 56.0, "direction": "N", "rainHour": 0.0, "pressure": 992.0}