{"windPeak": 2.702894489069091, "windAvg": 1.2155314600000002, "temp": 31.111111111111114, "humidity": 43.0, "direction": "N", "rainHour": 0.0, "pressure": 1007.5}