{"windPeak": 5.18450573624998, "windAvg": 2.8900748600000004, "temp": 18.722222222222225, "humidity": 87.0, "direction": "N", "rainHour": 0.0, "pressure": 996.0625}