{"windPeak": 2.1073653046980048, "windAvg": 0.12437163999999999, "temp": 19.388888888888893, "humidity": 87.0, "direction": "N", "rainHour": 0.0, "pressure": 996.75}