{"windPeak": 2.867092798824349, "windAvg": 0.17358343999999998, "temp": 19.72222222222222, "humidity": 84.0, "direction": "N", "rainHour": 0.0, "pressure": 1005.5625}