{"windPeak": 2.142327354360111e-06, "windAvg": 0.0, "temp": 24.61111111111111, "humidity": 59.0, "direction": "N", "rainHour": 0.0, "pressure": 1007.5625}