{"windPeak": 0.10122556747886773, "windAvg": 0.0, "temp": 30.27777777777778, "humidity": 74.0, "direction": "N", "rainHour": 0.0, "pressure": 999.5625}