{"windPeak": 3.992427353495932, "windAvg": 0.8817860000000001, "temp": 26.777777777777782, "humidity": 44.0, "direction": "N", "rainHour": 0.0, "pressure": 1012.0}