{"windPeak": 4.595716467691733, "windAvg": 1.2003205600000004, "temp": 19.499999999999996, "humidity": 66.0, "direction": "N", "rainHour": 0.0, "pressure": 1010.5625}