{"windPeak": 3.310874481378516, "windAvg": 1.4020889200000002, "temp": 29.722222222222225, "humidity": 41.0, "direction": "N", "rainHour": 0.0, "pressure": 1006.375}