{"windPeak": 12.366425728571116, "windAvg": 4.328401600000001, "temp": 16.77777777777778, "humidity": 78.0, "direction": "N", "rainHour": 0.0, "pressure": 1005.875}