{"windPeak": 1.3937662856864189e-39, "windAvg": 0.0, "temp": 19.111111111111114, "humidity": 71.0, "direction": "N", "rainHour": 0.0, "pressure": 1001.75}