{"windPeak": 3.2315884218490973, "windAvg": 0.27290179999999997, "temp": 25.72222222222222, "humidity": 59.0, "direction": "N", "rainHour": 0.0, "pressure": 1008.875}