{"windPeak": 5.089680500234184e-16, "windAvg": 0.0, "temp": 17.72222222222222, "humidity": 71.0, "direction": "N", "rainHour": 0.0, "pressure": 1000.25}