{"windPeak": 1.5311310071697218e-28, "windAvg": 0.0, "temp": 28.11111111111111, "humidity": 57.0, "direction": "N", "rainHour": 0.0, "pressure": 1009.1875}