{"windPeak": 3.9077233613490074, "windAvg": 2.38587754, "temp": 28.5, "humidity": 40.0, "direction": "N", "rainHour": 0.0, "pressure": 1010.75}