{"windPeak": 0.005325449248527824, "windAvg": 0.0, "temp": 23.277777777777782, "humidity": 66.0, "direction": "N", "rainHour": 0.0, "pressure": 1002.875}