{"windPeak": 5.835081047398827, "windAvg": 3.239926020000001, "temp": 29.22222222222222, "humidity": 41.0, "direction": "N", "rainHour": 0.0, "pressure": 1009.0625}