{"windPeak": 0.682140770341092, "windAvg": 0.0, "temp": 8.277777777777777, "humidity": 76.0, "direction": "N", "rainHour": 0.0, "pressure": 1000.1875}