{"windPeak": 2.887128170635987, "windAvg": 0.62677938, "temp": 18.111111111111107, "humidity": 85.0, "direction": "N", "rainHour": 0.0, "pressure": 999.0}