{"windPeak": 0.17864290946634773, "windAvg": 0.0, "temp": 23.277777777777782, "humidity": 68.0, "direction": "N", "rainHour": 0.0, "pressure": 1002.75}