{"windPeak": 6.362877057038953, "windAvg": 3.5177490800000015, "temp": 23.88888888888889, "humidity": 62.0, "direction": "N", "rainHour": 0.0, "pressure": 993.1875}