{"windPeak": 2.272885397386802e-25, "windAvg": 0.0, "temp": 15.888888888888891, "humidity": 79.0, "direction": "N", "rainHour": 0.0, "pressure": 1011.25}