{"windPeak": 2.2769568793113044, "windAvg": 0.45319593999999996, "temp": 20.611111111111107, "humidity": 72.0, "direction": "N", "rainHour": 0.0, "pressure": 1008.375}