{"windPeak": 2.9366715160952404, "windAvg": 1.5975940000000002, "temp": 20.888888888888886, "humidity": 80.0, "direction": "N", "rainHour": 0.0, "pressure": 991.6875}