{"windPeak": 7.148416619820902, "windAvg": 3.5589080200000005, "temp": 29.722222222222225, "humidity": 49.0, "direction": "N", "rainHour": 0.0, "pressure": 1007.5}