{"windPeak": 1.1846423269307356, "windAvg": 0.02281638, "temp": 20.72222222222222, "humidity": 61.0, "direction": "N", "rainHour": 0.0, "pressure": 1006.75}