{"windPeak": 5.426901128759825, "windAvg": 3.1370286800000007, "temp": 25.72222222222222, "humidity": 40.0, "direction": "N", "rainHour": 0.0, "pressure": 1006.6875}