{"windPeak": 3.995915289083515, "windAvg": 1.4763540000000004, "temp": 17.888888888888893, "humidity": 61.0, "direction": "N", "rainHour": 0.0, "pressure": 1006.875}