{"windPeak": 4.744675807598674, "windAvg": 2.9723927400000014, "temp": 23.388888888888886, "humidity": 73.0, "direction": "N", "rainHour": 0.0, "pressure": 1001.0625}