{"windPeak": 1.1332971334601435e-15, "windAvg": 0.0, "temp": 16.88888888888889, "humidity": 80.0, "direction": "N", "rainHour": 0.0, "pressure": 993.0}