{"windPeak": 2.832169024944852, "windAvg": 0.4178529199999999, "temp": 29.111111111111114, "humidity": 46.0, "direction": "N", "rainHour": 0.0, "pressure": 1010.1875}