{"windPeak": 4.1286920014837865, "windAvg": 1.2003205400000005, "temp": 25.111111111111114, "humidity": 78.0, "direction": "N", "rainHour": 0.0, "pressure": 1002.25}