{"windPeak": 9.718563312231663e-22, "windAvg": 0.0, "temp": 27.277777777777775, "humidity": 64.0, "direction": "N", "rainHour": 0.0, "pressure": 1011.1875}