{"windPeak": 3.6441505547316058, "windAvg": 1.3622721000000002, "temp": 31.111111111111114, "humidity": 55.0, "direction": "N", "rainHour": 0.0, "pressure": 1004.875}