{"windPeak": 2.719073761524067, "windAvg": 0.02281638, "temp": 18.388888888888886, "humidity": 62.0, "direction": "N", "rainHour": 0.0, "pressure": 1007.0}