{"windPeak": 6.270473896137203, "windAvg": 2.7460184799999996, "temp": 29.499999999999996, "humidity": 43.0, "direction": "N", "rainHour": 0.0, "pressure": 1004.375}