{"windPeak": 0.0005210098339398853, "windAvg": 0.0, "temp": 31.500000000000004, "humidity": 70.0, "direction": "N", "rainHour": 0.0, "pressure": 999.5}