{"windPeak": 5.423311166559898e-41, "windAvg": 0.0, "temp": 15.111111111111112, "humidity": 82.0, "direction": "N", "rainHour": 0.0, "pressure": 1005.875}