{"windPeak": 3.698224115262279, "windAvg": 2.1653192000000003, "temp": 16.11111111111111, "humidity": 87.0, "direction": "N", "rainHour": 0.0, "pressure": 1004.6875}