{"windPeak": 2.630589839591027e-15, "windAvg": 0.0, "temp": 15.111111111111112, "humidity": 71.0, "direction": "N", "rainHour": 0.0, "pressure": 1003.5625}