{"windPeak": 6.075119573985509, "windAvg": 3.2399259800000015, "temp": 22.722222222222225, "humidity": 56.0, "direction": "N", "rainHour": 0.0, "pressure": 1005.6875}