{"windPeak": 8.60380343794584e-06, "windAvg": 0.0, "temp": 25.888888888888886, "humidity": 70.0, "direction": "N", "rainHour": 0.0, "pressure": 1005.75}