{"windPeak": 3.1985609351975506, "windAvg": 1.4262474400000003, "temp": 15.888888888888891, "humidity": 87.0, "direction": "N", "rainHour": 0.0, "pressure": 1004.6875}