{"windPeak": 1.992340832456197, "windAvg": 0.7748621600000003, "temp": 24.777777777777775, "humidity": 56.0, "direction": "N", "rainHour": 0.0, "pressure": 1006.6875}