{"windPeak": 0.003937231454437882, "windAvg": 0.0, "temp": 13.722222222222225, "humidity": 74.0, "direction": "N", "rainHour": 0.0, "pressure": 1004.875}