{"windPeak": 6.5968482074915, "windAvg": 3.06500042, "temp": 24.388888888888893, "humidity": 60.0, "direction": "N", "rainHour": 0.0, "pressure": 1002.5625}