{"windPeak": 3.0478611634516932, "windAvg": 1.8508110599999992, "temp": 25.500000000000004, "humidity": 66.0, "direction": "N", "rainHour": 0.0, "pressure": 1004.6875}