{"windPeak": 7.993994877657336e-21, "windAvg": 0.0, "temp": 22.38888888888889, "humidity": 69.0, "direction": "N", "rainHour": 0.0, "pressure": 1003.75}