{"windPeak": 7.110328951819962, "windAvg": 3.476590080000002, "temp": 23.61111111111111, "humidity": 50.0, "direction": "N", "rainHour": 0.0, "pressure": 1006.5}