{"windPeak": 1.2575304405758355e-25, "windAvg": 0.0, "temp": 22.888888888888893, "humidity": 87.0, "direction": "N", "rainHour": 0.0, "pressure": 1000.1875}