{"windPeak": 6.156839388442646, "windAvg": 3.0891590200000003, "temp": 25.500000000000004, "humidity": 49.0, "direction": "N", "rainHour": 0.0, "pressure": 1009.0625}