{"windPeak": 6.282992355346552e-11, "windAvg": 0.0, "temp": 24.499999999999996, "humidity": 69.0, "direction": "N", "rainHour": 0.0, "pressure": 1003.5}