{"windPeak": 3.9602787481925064, "windAvg": 1.3108234, "temp": 18.111111111111107, "humidity": 51.0, "direction": "N", "rainHour": 0.0, "pressure": 1000.0625}