{"windPeak": 1.8368178370739872e-28, "windAvg": 0.0, "temp": 12.222222222222223, "humidity": 85.0, "direction": "N", "rainHour": 0.0, "pressure": 1012.75}