{"windPeak": 2.2564676609811463e-29, "windAvg": 0.0, "temp": 18.388888888888886, "humidity": 71.0, "direction": "N", "rainHour": 0.0, "pressure": 1012.0}