{"windPeak": 4.557891799456828, "windAvg": 2.6945697600000007, "temp": 33.88888888888889, "humidity": 40.0, "direction": "N", "rainHour": 0.0, "pressure": 1007.5}