{"windPeak": 2.722341108330935, "windAvg": 1.8338106200000004, "temp": 20.888888888888886, "humidity": 82.0, "direction": "N", "rainHour": 0.0, "pressure": 994.5}