{"windPeak": 2.8620186966436483e-16, "windAvg": 0.0, "temp": 21.611111111111114, "humidity": 69.0, "direction": "N", "rainHour": 0.0, "pressure": 1007.5}