{"windPeak": 2.0279221655681847, "windAvg": 0.15747776000000002, "temp": 24.111111111111114, "humidity": 69.0, "direction": "N", "rainHour": 0.0, "pressure": 1005.25}