{"windPeak": 3.9075154013147078, "windAvg": 1.5609088199999999, "temp": 23.722222222222225, "humidity": 85.0, "direction": "N", "rainHour": 0.0, "pressure": 994.75}