{"windPeak": 0.7721357231944075, "windAvg": 0.0, "temp": 21.27777777777778, "humidity": 81.0, "direction": "N", "rainHour": 0.0, "pressure": 1007.5}