{"windPeak": 5.710261023115645, "windAvg": 3.227399360000001, "temp": 18.61111111111111, "humidity": 87.0, "direction": "N", "rainHour": 0.0, "pressure": 996.5625}