{"windPeak": 0.01098175663012367, "windAvg": 0.0, "temp": 21.999999999999996, "humidity": 67.0, "direction": "N", "rainHour": 0.0, "pressure": 1009.25}