{"windPeak": 2.7589402166908727, "windAvg": 5.359383256410258, "temp": 16.222222222222225, "humidity": 45.0, "direction": "N", "rainHour": 0.0, "pressure": 1003.875}