{"windPeak": 6.733902195234238, "windAvg": 3.2502158199999998, "temp": 14.500000000000002, "humidity": 61.0, "direction": "N", "rainHour": 0.0, "pressure": 1000.375}