{"windPeak": 8.722750344332658e-41, "windAvg": 0.0, "temp": 22.77777777777778, "humidity": 78.0, "direction": "N", "rainHour": 0.0, "pressure": 1008.0}