{"windPeak": 2.527192717294551, "windAvg": 0.8173632599999999, "temp": 16.38888888888889, "humidity": 76.0, "direction": "N", "rainHour": 0.0, "pressure": 1004.6875}