{"windPeak": 0.3327411020598692, "windAvg": 0.0, "temp": 22.22222222222222, "humidity": 67.0, "direction": "N", "rainHour": 0.0, "pressure": 1009.5625}