{"windPeak": 4.650289261730515, "windAvg": 2.241821199999999, "temp": 36.611111111111114, "humidity": 39.0, "direction": "N", "rainHour": 0.0, "pressure": 1002.875}