{"windPeak": 6.192146300161689, "windAvg": 3.6720950400000008, "temp": 24.722222222222225, "humidity": 72.0, "direction": "N", "rainHour": 0.0, "pressure": 989.6875}