{"windPeak": 11.37866850285582, "windAvg": 5.647725479999999, "temp": 13.222222222222221, "humidity": 60.0, "direction": "N", "rainHour": 0.0, "pressure": 1004.375}