{"windPeak": 1.8933705176300383e-37, "windAvg": 0.0, "temp": 13.388888888888891, "humidity": 81.0, "direction": "N", "rainHour": 0.0, "pressure": 1003.5625}