{"windPeak": 5.104553459557038e-18, "windAvg": 0.0, "temp": 21.999999999999996, "humidity": 64.0, "direction": "N", "rainHour": 0.0, "pressure": 1003.75}