{"windPeak": 3.7068800337251298, "windAvg": 1.7242025199999997, "temp": 16.11111111111111, "humidity": 87.0, "direction": "N", "rainHour": 0.0, "pressure": 1004.25}