{"windPeak": 1.2876386765467907, "windAvg": 1.1408190000000002, "temp": 17.611111111111114, "humidity": 87.0, "direction": "N", "rainHour": 0.0, "pressure": 1001.875}