{"windPeak": 0.00017761073740982377, "windAvg": 0.0, "temp": 22.722222222222225, "humidity": 49.0, "direction": "N", "rainHour": 0.0, "pressure": 1006.5}