{"windPeak": 2.6626497806076945, "windAvg": 0.88939144, "temp": 20.388888888888893, "humidity": 82.0, "direction": "N", "rainHour": 0.0, "pressure": 991.5625}