{"windPeak": 4.168569198632128, "windAvg": 2.3550083200000005, "temp": 25.888888888888886, "humidity": 65.0, "direction": "N", "rainHour": 0.0, "pressure": 1007.5}