{"windPeak": 6.375356551032411, "windAvg": 1.5855147399999996, "temp": 19.27777777777778, "humidity": 87.0, "direction": "N", "rainHour": 0.02, "pressure": 996.5}