{"windPeak": 6.63386395067776, "windAvg": 1.7895200199999999, "temp": 16.88888888888889, "humidity": 75.0, "direction": "N", "rainHour": 0.0, "pressure": 1006.25}