{"windPeak": 2.422278650455468e-19, "windAvg": 0.0, "temp": 21.27777777777778, "humidity": 70.0, "direction": "N", "rainHour": 0.0, "pressure": 1007.5625}