{"windPeak": 3.7166380502552914e-23, "windAvg": 0.0, "temp": 20.888888888888886, "humidity": 72.0, "direction": "N", "rainHour": 0.0, "pressure": 1007.6875}