{"windPeak": 3.543679155050852, "windAvg": 1.8405213199999997, "temp": 29.722222222222225, "humidity": 61.0, "direction": "N", "rainHour": 0.0, "pressure": 1005.1875}