{"windPeak": 6.029396390551172, "windAvg": 3.589777240000001, "temp": 25.0, "humidity": 46.0, "direction": "N", "rainHour": 0.0, "pressure": 1005.5}