{"windPeak": 4.591466323115889, "windAvg": 2.3035596199999997, "temp": 24.61111111111111, "humidity": 54.0, "direction": "N", "rainHour": 0.0, "pressure": 1001.75}