{"windPeak": 0.0019137348510028043, "windAvg": 0.0, "temp": 26.999999999999996, "humidity": 58.0, "direction": "N", "rainHour": 0.0, "pressure": 1002.0625}