{"windPeak": 3.1557381821550003, "windAvg": 1.5228815199999997, "temp": 31.0, "humidity": 40.0, "direction": "N", "rainHour": 0.0, "pressure": 1007.0}