{"windPeak": 1.2468501045160367, "windAvg": 0.02281638, "temp": 21.0, "humidity": 78.0, "direction": "N", "rainHour": 0.0, "pressure": 1008.875}