{"windPeak": 5.096196360316573e-19, "windAvg": 0.0, "temp": 21.27777777777778, "humidity": 71.0, "direction": "N", "rainHour": 0.0, "pressure": 1002.5625}