{"windPeak": 4.009810432991542, "windAvg": 2.5916723400000006, "temp": 22.38888888888889, "humidity": 52.0, "direction": "N", "rainHour": 0.0, "pressure": 1010.5625}