{"windPeak": 3.0260335318784266, "windAvg": 0.8813386, "temp": 30.222222222222225, "humidity": 59.0, "direction": "N", "rainHour": 0.0, "pressure": 1007.75}