{"windPeak": 4.538251456572179, "windAvg": 2.55856624, "temp": 17.27777777777778, "humidity": 77.0, "direction": "N", "rainHour": 0.0, "pressure": 1003.0625}