{"windPeak": 3.719844829875073, "windAvg": 0.42143195999999994, "temp": 26.888888888888893, "humidity": 83.0, "direction": "N", "rainHour": 0.0, "pressure": 1000.25}