{"windPeak": 3.9928565645638763, "windAvg": 2.41674676, "temp": 32.88888888888889, "humidity": 59.0, "direction": "N", "rainHour": 0.0, "pressure": 1000.75}