{"windPeak": 3.879816553617944, "windAvg": 2.3652980599999993, "temp": 24.777777777777775, "humidity": 59.0, "direction": "N", "rainHour": 0.0, "pressure": 1003.5}