{"windPeak": 2.054557607142473e-16, "windAvg": 0.0, "temp": 17.38888888888889, "humidity": 80.0, "direction": "N", "rainHour": 0.0, "pressure": 993.0625}