{"windPeak": 3.1987615265924942, "windAvg": 1.8154680399999996, "temp": 32.88888888888889, "humidity": 54.0, "direction": "N", "rainHour": 0.0, "pressure": 1006.0}