{"windPeak": 3.6809396022728373, "windAvg": 1.8955490599999991, "temp": 25.27777777777778, "humidity": 62.0, "direction": "N", "rainHour": 0.0, "pressure": 1008.1875}