{"windPeak": 3.5160116395384797, "windAvg": 2.43732624, "temp": -40.0, "humidity": 0.0, "direction": "N", "rainHour": 0.0, "pressure": 1007.375}