{"windPeak": 3.201331849387592e-75, "windAvg": 0.0, "temp": 23.77777777777778, "humidity": 79.0, "direction": "N", "rainHour": 0.0, "pressure": 1003.5625}