{"windPeak": 3.6739232201794363, "windAvg": 2.2932698800000004, "temp": 17.611111111111114, "humidity": 87.0, "direction": "N", "rainHour": 0.0, "pressure": 991.75}