{"windPeak": 3.8635583660239017, "windAvg": 2.3299550599999996, "temp": 23.388888888888886, "humidity": 68.0, "direction": "N", "rainHour": 0.0, "pressure": 990.75}