{"windPeak": 0.0030175931632130484, "windAvg": 0.0, "temp": 31.72222222222222, "humidity": 69.0, "direction": "N", "rainHour": 0.0, "pressure": 999.5625}