{"windPeak": 2.1677999942671553, "windAvg": 0.4142738800000001, "temp": 18.22222222222222, "humidity": 72.0, "direction": "N", "rainHour": 0.0, "pressure": 1000.6875}