{"windPeak": 4.238955140475535, "windAvg": 2.18813558, "temp": 27.5, "humidity": 42.0, "direction": "N", "rainHour": 0.0, "pressure": 1011.5}