{"windPeak": 2.6583896955473754, "windAvg": 0.19863672, "temp": 19.111111111111114, "humidity": 63.0, "direction": "N", "rainHour": 0.0, "pressure": 1006.6875}