{"windPeak": 4.845473999319692, "windAvg": 2.62254156, "temp": 32.22222222222222, "humidity": 57.0, "direction": "N", "rainHour": 0.0, "pressure": 1005.6875}