{"windPeak": 0.02164966836722469, "windAvg": 0.0, "temp": 26.38888888888889, "humidity": 75.0, "direction": "N", "rainHour": 0.0, "pressure": 1003.75}