{"windPeak": 1.0631691557009606, "windAvg": 0.04563276, "temp": 24.61111111111111, "humidity": 78.0, "direction": "N", "rainHour": 0.0, "pressure": 1002.0}