{"windPeak": 5.099848685451901, "windAvg": 2.26821662, "temp": 33.11111111111111, "humidity": 44.0, "direction": "N", "rainHour": 0.0, "pressure": 1003.0625}