{"windPeak": 5.158135701862883e-50, "windAvg": 0.0, "temp": 25.500000000000004, "humidity": 71.0, "direction": "N", "rainHour": 0.0, "pressure": 1000.75}