{"windPeak": 5.199234247924433, "windAvg": 2.2972963000000006, "temp": 26.27777777777778, "humidity": 47.0, "direction": "N", "rainHour": 0.0, "pressure": 999.375}