{"windPeak": 7.634961532011973, "windAvg": 3.857310500000001, "temp": 26.777777777777782, "humidity": 37.0, "direction": "N", "rainHour": 0.0, "pressure": 1004.6875}