{"windPeak": 3.6924966937015387, "windAvg": 1.8669167399999989, "temp": 28.77777777777778, "humidity": 35.0, "direction": "N", "rainHour": 0.0, "pressure": 1005.6875}