{"windPeak": 8.391517013683933, "windAvg": 3.3736927200000006, "temp": 14.777777777777779, "humidity": 88.0, "direction": "N", "rainHour": 0.0, "pressure": 999.0625}