{"windPeak": 4.6091763234960705, "windAvg": 2.57109286, "temp": 30.0, "humidity": 45.0, "direction": "N", "rainHour": 0.0, "pressure": 1002.5}