{"windPeak": 3.7148898419896352, "windAvg": 2.0977648199999988, "temp": 29.22222222222222, "humidity": 65.0, "direction": "N", "rainHour": 0.0, "pressure": 1000.875}