{"windPeak": 0.001896081707759693, "windAvg": 0.0, "temp": 21.500000000000004, "humidity": 69.0, "direction": "N", "rainHour": 0.0, "pressure": 1009.5}