{"windPeak": 0.06280726169321801, "windAvg": 0.0, "temp": 16.88888888888889, "humidity": 87.0, "direction": "N", "rainHour": 0.0, "pressure": 1002.875}