{"windPeak": 0.7608214237411876, "windAvg": 0.26037515999999994, "temp": 21.77777777777778, "humidity": 75.0, "direction": "N", "rainHour": 0.0, "pressure": 1011.6875}