{"windPeak": 1.2057471790766676, "windAvg": 0.04563276, "temp": 28.11111111111111, "humidity": 69.0, "direction": "N", "rainHour": 0.0, "pressure": 1001.25}