{"windPeak": 1.2160778923641914e-22, "windAvg": 0.0, "temp": 20.777777777777782, "humidity": 77.0, "direction": "N", "rainHour": 0.0, "pressure": 1008.75}