{"windPeak": 5.4596866908388515, "windAvg": 2.797467159999999, "temp": 30.222222222222225, "humidity": 61.0, "direction": "N", "rainHour": 0.0, "pressure": 1005.5}