{"windPeak": 5.804326440737677e-47, "windAvg": 0.0, "temp": 23.22222222222222, "humidity": 76.0, "direction": "N", "rainHour": 0.0, "pressure": 1000.6875}