{"windPeak": 2.107513524739439, "windAvg": 0.57756758, "temp": 19.27777777777778, "humidity": 75.0, "direction": "N", "rainHour": 0.0, "pressure": 993.25}