{"windPeak": 1.9897051214084316, "windAvg": 0.26708586000000006, "temp": 18.277777777777782, "humidity": 85.0, "direction": "N", "rainHour": 0.0, "pressure": 989.5625}