{"windPeak": 4.5615508317116324, "windAvg": 2.69456974, "temp": 34.611111111111114, "humidity": 38.0, "direction": "N", "rainHour": 0.0, "pressure": 1007.375}