{"windPeak": 5.559063501315102, "windAvg": 0.9842360200000003, "temp": 13.88888888888889, "humidity": 83.0, "direction": "N", "rainHour": 0.0, "pressure": 1006.1875}