{"windPeak": 3.5408004669126956, "windAvg": 1.0115261800000002, "temp": 18.5, "humidity": 84.0, "direction": "N", "rainHour": 0.0, "pressure": 998.375}