{"windPeak": 5.527336804607338e-76, "windAvg": 0.0, "temp": 23.77777777777778, "humidity": 80.0, "direction": "N", "rainHour": 0.0, "pressure": 1003.5625}