{"windPeak": 1.1720088775562739e-15, "windAvg": 0.0, "temp": 27.277777777777775, "humidity": 66.0, "direction": "N", "rainHour": 0.0, "pressure": 1010.6875}