{"windPeak": 1.8637439593646756, "windAvg": 0.0559225, "temp": 25.0, "humidity": 63.0, "direction": "N", "rainHour": 0.0, "pressure": 1009.0}