{"windPeak": 3.325287058041437, "windAvg": 1.6647009799999999, "temp": 26.0, "humidity": 71.0, "direction": "N", "rainHour": 0.0, "pressure": 1006.1875}