{"windPeak": 0.6236412211580268, "windAvg": 0.23979568, "temp": 26.11111111111111, "humidity": 64.0, "direction": "N", "rainHour": 0.0, "pressure": 1008.25}