{"windPeak": 5.58111119779665, "windAvg": 2.52993392, "temp": 32.388888888888886, "humidity": 52.0, "direction": "N", "rainHour": 0.0, "pressure": 1007.75}