{"windPeak": 6.297925108428126, "windAvg": 2.787177400000001, "temp": 27.722222222222225, "humidity": 36.0, "direction": "N", "rainHour": 0.0, "pressure": 1005.75}