{"windPeak": 4.591377621134271, "windAvg": 1.9528137199999989, "temp": 27.611111111111114, "humidity": 47.0, "direction": "N", "rainHour": 0.0, "pressure": 1014.5}