{"windPeak": 2.0886663760871955, "windAvg": 0.35611448, "temp": 18.000000000000004, "humidity": 68.0, "direction": "N", "rainHour": 0.0, "pressure": 1006.6875}