{"windPeak": 8.57958216092328e-21, "windAvg": 0.0, "temp": 14.11111111111111, "humidity": 84.0, "direction": "N", "rainHour": 0.0, "pressure": 1011.0625}