{"windPeak": 0.2469857326210598, "windAvg": 0.0, "temp": 21.222222222222225, "humidity": 58.0, "direction": "N", "rainHour": 0.0, "pressure": 1006.75}