{"windPeak": 5.208045358068212, "windAvg": 2.9312337600000005, "temp": 35.22222222222223, "humidity": 26.0, "direction": "N", "rainHour": 0.0, "pressure": 1005.375}