{"windPeak": 8.906476217265373, "windAvg": 4.330638620000002, "temp": 32.72222222222223, "humidity": 38.0, "direction": "N", "rainHour": 0.0, "pressure": 994.5}