{"windPeak": 6.4148051063870334e-40, "windAvg": 0.0, "temp": 24.777777777777775, "humidity": 66.0, "direction": "N", "rainHour": 0.0, "pressure": 1011.875}