{"windPeak": 7.290204033767664e-20, "windAvg": 0.0, "temp": 21.38888888888889, "humidity": 82.0, "direction": "N", "rainHour": 0.0, "pressure": 1005.375}