{"windPeak": 4.634266921255638, "windAvg": 1.1511087600000005, "temp": 21.38888888888889, "humidity": 53.0, "direction": "N", "rainHour": 0.0, "pressure": 1010.6875}