{"windPeak": 3.031958455757259, "windAvg": 1.7183865799999993, "temp": 17.11111111111111, "humidity": 63.0, "direction": "N", "rainHour": 0.0, "pressure": 1003.25}