{"windPeak": 3.0984098830525917, "windAvg": 1.2455059200000003, "temp": 20.888888888888886, "humidity": 57.0, "direction": "N", "rainHour": 0.0, "pressure": 1007.6875}