{"windPeak": 2.796994737160464, "windAvg": 1.4853015999999999, "temp": 29.111111111111114, "humidity": 49.0, "direction": "N", "rainHour": 0.0, "pressure": 1002.6875}