{"windPeak": 1.1790383783689647e-44, "windAvg": 0.0, "temp": 25.222222222222225, "humidity": 84.0, "direction": "N", "rainHour": 0.0, "pressure": 1000.375}