{"windPeak": 5.64720135303113, "windAvg": 2.931233800000001, "temp": 22.38888888888889, "humidity": 59.0, "direction": "N", "rainHour": 0.0, "pressure": 998.5}