{"windPeak": 6.019545731119381, "windAvg": 2.612251839999999, "temp": 23.000000000000004, "humidity": 34.0, "direction": "N", "rainHour": 0.0, "pressure": 1010.6875}