{"windPeak": 2.8669309851953684, "windAvg": 1.9617612999999998, "temp": 21.77777777777778, "humidity": 65.0, "direction": "N", "rainHour": 0.0, "pressure": 1010.375}