{"windPeak": 3.136865394307249, "windAvg": 1.6624640800000001, "temp": 18.722222222222225, "humidity": 85.0, "direction": "N", "rainHour": 0.0, "pressure": 998.6875}