{"windPeak": 5.431091719403517e-27, "windAvg": 0.0, "temp": 20.888888888888886, "humidity": 72.0, "direction": "N", "rainHour": 0.0, "pressure": 1007.6875}