{"windPeak": 2.4703483434439284, "windAvg": 0.32748215999999997, "temp": 32.111111111111114, "humidity": 55.0, "direction": "N", "rainHour": 0.0, "pressure": 1002.5}