{"windPeak": 1.1333941586721265e-14, "windAvg": 0.0, "temp": 29.722222222222225, "humidity": 57.0, "direction": "N", "rainHour": 0.0, "pressure": 1004.25}