{"windPeak": 4.615869898496066, "windAvg": 1.4356424400000003, "temp": 27.5, "humidity": 75.0, "direction": "N", "rainHour": 0.0, "pressure": 987.375}