{"windPeak": 1.8350864578983995e-15, "windAvg": 0.0, "temp": 23.388888888888886, "humidity": 67.0, "direction": "N", "rainHour": 0.0, "pressure": 1003.5625}