{"windPeak": 2.698262342515803, "windAvg": 1.2088207600000007, "temp": 31.38888888888889, "humidity": 42.0, "direction": "N", "rainHour": 0.0, "pressure": 1006.5625}