{"windPeak": 6.58524402948296, "windAvg": 2.9621030000000013, "temp": 20.777777777777782, "humidity": 71.0, "direction": "N", "rainHour": 0.0, "pressure": 1000.0625}