{"windPeak": 3.3170687979475524, "windAvg": 1.54256624, "temp": 23.277777777777782, "humidity": 70.0, "direction": "N", "rainHour": 0.0, "pressure": 1014.75}