{"windPeak": 4.698381564916615, "windAvg": 2.3858775599999995, "temp": 21.77777777777778, "humidity": 84.0, "direction": "N", "rainHour": 0.0, "pressure": 1007.875}