{"windPeak": 4.503752610371466, "windAvg": 2.28298014, "temp": 30.500000000000004, "humidity": 33.0, "direction": "N", "rainHour": 0.0, "pressure": 1005.5}