{"windPeak": 3.0771342988230517, "windAvg": 1.56896166, "temp": 30.72222222222222, "humidity": 45.0, "direction": "N", "rainHour": 0.0, "pressure": 1003.0625}