{"windPeak": 1.8394450718114548, "windAvg": 0.16776749999999999, "temp": 23.5, "humidity": 80.0, "direction": "N", "rainHour": 0.0, "pressure": 1001.875}