{"windPeak": 0.061259881272462104, "windAvg": 0.0, "temp": 24.88888888888889, "humidity": 73.0, "direction": "N", "rainHour": 0.0, "pressure": 1000.5}