{"windPeak": 1.6856986435404882, "windAvg": 0.033106119999999996, "temp": 24.722222222222225, "humidity": 50.0, "direction": "N", "rainHour": 0.0, "pressure": 1004.75}