{"windPeak": 3.9184787623477897, "windAvg": 2.55051338, "temp": 29.777777777777775, "humidity": 44.0, "direction": "N", "rainHour": 0.0, "pressure": 1007.875}