{"windPeak": 4.147185069352349, "windAvg": 1.65127958, "temp": 22.722222222222225, "humidity": 82.0, "direction": "N", "rainHour": 0.0, "pressure": 1007.75}