{"windPeak": 3.0028454906476094, "windAvg": 1.0652117800000003, "temp": 18.722222222222225, "humidity": 70.0, "direction": "N", "rainHour": 0.0, "pressure": 1005.25}