{"windPeak": 1.3244557859628683, "windAvg": 0.111845, "temp": 20.111111111111114, "humidity": 81.0, "direction": "N", "rainHour": 0.0, "pressure": 1005.5}