{"windPeak": 2.574268772748345, "windAvg": 0.2796125, "temp": 25.61111111111111, "humidity": 77.0, "direction": "N", "rainHour": 0.0, "pressure": 1001.5}