{"windPeak": 8.868029273612439e-28, "windAvg": 0.0, "temp": 27.11111111111111, "humidity": 59.0, "direction": "N", "rainHour": 0.0, "pressure": 1009.25}