{"windPeak": 0.7553213553627225, "windAvg": 0.0, "temp": 24.388888888888893, "humidity": 77.0, "direction": "N", "rainHour": 0.0, "pressure": 1002.1875}