{"windPeak": 3.1987368086000805, "windAvg": 1.8588638999999996, "temp": 33.00000000000001, "humidity": 53.0, "direction": "N", "rainHour": 0.0, "pressure": 1006.0}