{"windPeak": 3.1168242320481787, "windAvg": 2.2829801399999994, "temp": 21.77777777777778, "humidity": 84.0, "direction": "N", "rainHour": 0.0, "pressure": 1007.375}