{"windPeak": 1.4689428202798176e-12, "windAvg": 0.0, "temp": 19.22222222222222, "humidity": 65.0, "direction": "N", "rainHour": 0.0, "pressure": 1006.1875}