{"windPeak": 2.784051373652962, "windAvg": 0.23979568, "temp": 23.5, "humidity": 83.0, "direction": "N", "rainHour": 0.0, "pressure": 1002.0625}