{"windPeak": 3.705876984510535, "windAvg": 2.0852381799999993, "temp": 25.27777777777778, "humidity": 81.0, "direction": "N", "rainHour": 0.0, "pressure": 1002.6875}