{"windPeak": 3.1458383610721086, "windAvg": 1.16810918, "temp": 30.0, "humidity": 55.0, "direction": "N", "rainHour": 0.0, "pressure": 1003.5}