{"windPeak": 0.0021486855591079344, "windAvg": 0.0, "temp": 21.888888888888893, "humidity": 56.0, "direction": "N", "rainHour": 0.0, "pressure": 1004.875}