{"windPeak": 1.5936560327044216, "windAvg": 0.0, "temp": 24.777777777777775, "humidity": 78.0, "direction": "N", "rainHour": 0.0, "pressure": 1002.375}