{"windPeak": 5.176411582464144, "windAvg": 2.879785080000001, "temp": 21.999999999999996, "humidity": 56.0, "direction": "N", "rainHour": 0.0, "pressure": 996.875}