{"windPeak": 2.4226738851732637, "windAvg": 0.5945680200000001, "temp": 28.11111111111111, "humidity": 45.0, "direction": "N", "rainHour": 0.0, "pressure": 1006.375}