{"windPeak": 7.7642932392709865, "windAvg": 4.258610440000002, "temp": 9.888888888888888, "humidity": 74.0, "direction": "N", "rainHour": 0.0, "pressure": 1004.5}