{"windPeak": 8.26985298700566, "windAvg": 3.394272160000001, "temp": 28.388888888888886, "humidity": 36.0, "direction": "N", "rainHour": 0.0, "pressure": 1004.5}