{"windPeak": 2.190990168020925e-42, "windAvg": 0.0, "temp": 20.500000000000004, "humidity": 83.0, "direction": "N", "rainHour": 0.0, "pressure": 1000.6875}