{"windPeak": 1.18201408363569, "windAvg": 0.04563276, "temp": 16.77777777777778, "humidity": 86.0, "direction": "N", "rainHour": 0.0, "pressure": 1010.1875}