{"windPeak": 0.32960728443715603, "windAvg": 0.0, "temp": 23.388888888888886, "humidity": 80.0, "direction": "N", "rainHour": 0.0, "pressure": 1001.6875}