{"windPeak": 5.223776690664595e-13, "windAvg": 0.0, "temp": 22.722222222222225, "humidity": 74.0, "direction": "N", "rainHour": 0.0, "pressure": 1004.75}