{"windPeak": 1.2720618667001734e-34, "windAvg": 0.0, "temp": 25.388888888888893, "humidity": 65.0, "direction": "N", "rainHour": 0.0, "pressure": 1011.75}