{"windPeak": 2.408660022386919e-06, "windAvg": 0.0, "temp": 24.000000000000004, "humidity": 75.0, "direction": "N", "rainHour": 0.0, "pressure": 1004.5}