{"windPeak": 12.735079229673277, "windAvg": 4.76280784, "temp": 12.222222222222223, "humidity": 63.0, "direction": "N", "rainHour": 0.0, "pressure": 1004.0}