{"windPeak": 0.02300990151468008, "windAvg": 0.0, "temp": 14.777777777777779, "humidity": 83.0, "direction": "N", "rainHour": 0.0, "pressure": 1005.25}