{"windPeak": 6.014408213231176e-59, "windAvg": 0.0, "temp": 27.77777777777778, "humidity": 64.0, "direction": "N", "rainHour": 0.0, "pressure": 1013.5625}