{"windPeak": 5.736093665205046, "windAvg": 2.6203046600000004, "temp": 30.0, "humidity": 42.0, "direction": "N", "rainHour": 0.0, "pressure": 996.875}