{"windPeak": 3.191260552673393, "windAvg": 1.8772064799999995, "temp": 25.72222222222222, "humidity": 74.0, "direction": "N", "rainHour": 0.0, "pressure": 1001.0}