{"windPeak": 0.008386638891875516, "windAvg": 0.0, "temp": 24.111111111111114, "humidity": 71.0, "direction": "N", "rainHour": 0.0, "pressure": 1009.6875}