{"windPeak": 0.0021011745138630375, "windAvg": 0.0, "temp": 19.22222222222222, "humidity": 58.0, "direction": "N", "rainHour": 0.0, "pressure": 1007.0625}