{"windPeak": 7.745469347920046, "windAvg": 3.4354310999999997, "temp": 8.499999999999998, "humidity": 78.0, "direction": "N", "rainHour": 0.0, "pressure": 1004.5}