{"windPeak": 6.463621079860049e-12, "windAvg": 0.0, "temp": 23.77777777777778, "humidity": 59.0, "direction": "N", "rainHour": 0.0, "pressure": 1003.75}