{"windPeak": 1.7031873753313043, "windAvg": 0.41203697999999994, "temp": 22.722222222222225, "humidity": 63.0, "direction": "N", "rainHour": 0.0, "pressure": 1007.0}