{"windPeak": 3.249537073842233, "windAvg": 1.4356424200000004, "temp": 25.61111111111111, "humidity": 59.0, "direction": "N", "rainHour": 0.0, "pressure": 1002.875}