{"windPeak": 8.036248440459368e-40, "windAvg": 0.0, "temp": 24.111111111111114, "humidity": 81.0, "direction": "N", "rainHour": 0.0, "pressure": 1007.875}