{"windPeak": 2.9484188029683644, "windAvg": 1.2168736000000004, "temp": 18.5, "humidity": 86.0, "direction": "N", "rainHour": 0.0, "pressure": 995.6875}