{"windPeak": 2.8501364537666998, "windAvg": 1.704517799999999, "temp": 25.61111111111111, "humidity": 55.0, "direction": "N", "rainHour": 0.0, "pressure": 1005.6875}