{"windPeak": 6.411939294249777, "windAvg": 3.5177490800000015, "temp": 31.500000000000004, "humidity": 33.0, "direction": "N", "rainHour": 0.0, "pressure": 1005.875}