{"windPeak": 3.678600873959074, "windAvg": 2.2498740199999996, "temp": 30.111111111111114, "humidity": 45.0, "direction": "N", "rainHour": 0.0, "pressure": 1001.875}