{"windPeak": 2.643508941088452, "windAvg": 0.7305715400000001, "temp": 20.222222222222225, "humidity": 70.0, "direction": "N", "rainHour": 0.0, "pressure": 1009.375}