{"windPeak": 2.208604132107827e-15, "windAvg": 0.0, "temp": 22.888888888888893, "humidity": 75.0, "direction": "N", "rainHour": 0.0, "pressure": 1004.25}