{"windPeak": 1.6323264654332174e-31, "windAvg": 0.0, "temp": 12.11111111111111, "humidity": 84.0, "direction": "N", "rainHour": 0.0, "pressure": 1013.25}