{"windPeak": 4.2223521357302684e-19, "windAvg": 0.0, "temp": 21.38888888888889, "humidity": 82.0, "direction": "N", "rainHour": 0.0, "pressure": 1005.5}