{"windPeak": 2.9018826329241527, "windAvg": 0.9216028, "temp": 24.388888888888893, "humidity": 59.0, "direction": "N", "rainHour": 0.0, "pressure": 1003.5}