{"windPeak": 3.065415994783866, "windAvg": 0.02281638, "temp": 23.388888888888886, "humidity": 81.0, "direction": "N", "rainHour": 0.0, "pressure": 1001.0}