{"windPeak": 6.589022799268556, "windAvg": 2.7370709600000005, "temp": 21.500000000000004, "humidity": 58.0, "direction": "N", "rainHour": 0.0, "pressure": 1002.5625}