{"windPeak": 4.256814529226858e-40, "windAvg": 0.0, "temp": 18.88888888888889, "humidity": 81.0, "direction": "N", "rainHour": 0.0, "pressure": 1000.375}