{"windPeak": 8.123795418917975, "windAvg": 3.19653018, "temp": 28.722222222222225, "humidity": 37.0, "direction": "N", "rainHour": 0.0, "pressure": 1009.5625}