{"windPeak": 0.0012600252527960628, "windAvg": 0.0, "temp": 24.722222222222225, "humidity": 74.0, "direction": "N", "rainHour": 0.0, "pressure": 1001.75}