{"windPeak": 5.638301833511418e-32, "windAvg": 0.0, "temp": 18.22222222222222, "humidity": 71.0, "direction": "N", "rainHour": 0.0, "pressure": 1001.0}