{"windPeak": 7.220953833167995e-21, "windAvg": 0.0, "temp": 21.11111111111111, "humidity": 71.0, "direction": "N", "rainHour": 0.0, "pressure": 1007.6875}