{"windPeak": 6.0316268022308375, "windAvg": 2.28208542, "temp": 17.11111111111111, "humidity": 73.0, "direction": "N", "rainHour": 0.0, "pressure": 1006.375}