{"windPeak": 0.001348852075602267, "windAvg": 0.0, "temp": 24.277777777777782, "humidity": 83.0, "direction": "N", "rainHour": 0.0, "pressure": 1003.1875}