{"windPeak": 0.2057646297497096, "windAvg": 0.08679172000000002, "temp": 28.722222222222225, "humidity": 63.0, "direction": "N", "rainHour": 0.0, "pressure": 1007.75}