{"windPeak": 2.574152483022967, "windAvg": 0.17582034000000005, "temp": 21.222222222222225, "humidity": 69.0, "direction": "N", "rainHour": 0.0, "pressure": 1008.875}