{"windPeak": 4.722653697793016, "windAvg": 2.57109288, "temp": 32.388888888888886, "humidity": 51.0, "direction": "N", "rainHour": 0.0, "pressure": 1007.75}