{"windPeak": 4.010708624248007, "windAvg": 2.5299339000000005, "temp": 30.888888888888886, "humidity": 58.0, "direction": "N", "rainHour": 0.0, "pressure": 1006.0625}