{"windPeak": 3.562142247713798e-12, "windAvg": 0.0, "temp": 20.27777777777778, "humidity": 67.0, "direction": "N", "rainHour": 0.0, "pressure": 1003.875}