{"windPeak": 5.900994170063093, "windAvg": 3.0855799000000004, "temp": 30.777777777777782, "humidity": 31.0, "direction": "N", "rainHour": 0.0, "pressure": 1005.5625}