{"windPeak": 4.259401091133528, "windAvg": 2.527697, "temp": 17.22222222222222, "humidity": 87.0, "direction": "N", "rainHour": 0.0, "pressure": 993.5}