{"windPeak": 3.996521959735881e-21, "windAvg": 0.0, "temp": 24.111111111111114, "humidity": 72.0, "direction": "N", "rainHour": 0.0, "pressure": 1011.5625}