{"windPeak": 5.246848134482086, "windAvg": 2.5769088200000003, "temp": 23.000000000000004, "humidity": 76.0, "direction": "N", "rainHour": 0.0, "pressure": 1000.1875}