{"windPeak": 9.88373681203682e-16, "windAvg": 0.0, "temp": 22.888888888888893, "humidity": 86.0, "direction": "N", "rainHour": 0.0, "pressure": 1000.25}