{"windPeak": 12.34252432140772, "windAvg": 6.121053440000002, "temp": 19.000000000000004, "humidity": 45.0, "direction": "N", "rainHour": 0.0, "pressure": 999.5}