{"windPeak": 2.987497358958198e-49, "windAvg": 0.0, "temp": 24.61111111111111, "humidity": 73.0, "direction": "N", "rainHour": 0.0, "pressure": 1000.75}