{"windPeak": 2.209476326865279, "windAvg": 0.31853456, "temp": 23.77777777777778, "humidity": 75.0, "direction": "N", "rainHour": 0.0, "pressure": 1003.75}