{"windPeak": 5.82822560371748e-51, "windAvg": 0.0, "temp": 27.722222222222225, "humidity": 52.0, "direction": "N", "rainHour": 0.0, "pressure": 1002.75}