{"windPeak": 2.8500087683512665, "windAvg": 0.8768648000000002, "temp": 31.222222222222225, "humidity": 55.0, "direction": "N", "rainHour": 0.0, "pressure": 1004.875}