{"windPeak": 3.638304643358388, "windAvg": 1.4593535600000005, "temp": 25.111111111111114, "humidity": 65.0, "direction": "N", "rainHour": 0.0, "pressure": 1014.875}