{"windPeak": 5.536613969805024e-27, "windAvg": 0.0, "temp": 22.722222222222225, "humidity": 71.0, "direction": "N", "rainHour": 0.0, "pressure": 1006.5625}