{"windPeak": 2.219503323037442, "windAvg": 0.9690250800000002, "temp": 19.61111111111111, "humidity": 57.0, "direction": "N", "rainHour": 0.0, "pressure": 1008.6875}