{"windPeak": 4.809812402957656, "windAvg": 2.8592056399999994, "temp": 26.0, "humidity": 57.0, "direction": "N", "rainHour": 0.0, "pressure": 996.1875}