{"windPeak": 0.007114533418812627, "windAvg": 0.0, "temp": 24.000000000000004, "humidity": 76.0, "direction": "N", "rainHour": 0.0, "pressure": 1003.5625}