{"windPeak": 9.036212013277591, "windAvg": 3.7647028399999996, "temp": 14.222222222222223, "humidity": 87.0, "direction": "N", "rainHour": 0.0, "pressure": 1001.25}