{"windPeak": 3.6307807094047426, "windAvg": 1.5327238800000003, "temp": 16.0, "humidity": 87.0, "direction": "N", "rainHour": 0.0, "pressure": 1005.5625}