{"windPeak": 4.033072219499261, "windAvg": 2.5608031400000004, "temp": -40.0, "humidity": 0.0, "direction": "N", "rainHour": 0.0, "pressure": 1003.25}