{"windPeak": 9.048734091084116, "windAvg": 5.071499880000001, "temp": 29.22222222222222, "humidity": 43.0, "direction": "N", "rainHour": 0.0, "pressure": 993.6875}