{"windPeak": 1.1011189219776081e-28, "windAvg": 0.0, "temp": 20.888888888888886, "humidity": 84.0, "direction": "N", "rainHour": 0.0, "pressure": 1005.375}