{"windPeak": 5.996485421114871, "windAvg": 2.7039647599999994, "temp": 23.000000000000004, "humidity": 74.0, "direction": "N", "rainHour": 0.0, "pressure": 996.25}