{"windPeak": 0.7262410297444349, "windAvg": 0.0, "temp": 26.777777777777782, "humidity": 73.0, "direction": "N", "rainHour": 0.0, "pressure": 1002.875}