{"windPeak": 7.933630492993465e-47, "windAvg": 0.0, "temp": 22.611111111111114, "humidity": 73.0, "direction": "N", "rainHour": 0.0, "pressure": 1012.5625}