{"windPeak": 0.20588423388120697, "windAvg": 0.0, "temp": 29.777777777777775, "humidity": 60.0, "direction": "N", "rainHour": 0.0, "pressure": 1007.875}