{"windPeak": 0.7710756864018118, "windAvg": 0.04563276, "temp": 21.38888888888889, "humidity": 70.0, "direction": "N", "rainHour": 0.0, "pressure": 1009.0}