{"windPeak": 0.013297511257126833, "windAvg": 0.0, "temp": 26.11111111111111, "humidity": 54.0, "direction": "N", "rainHour": 0.0, "pressure": 1007.1875}