{"windPeak": 9.793496582697244, "windAvg": 5.3081641200000025, "temp": 20.500000000000004, "humidity": 41.0, "direction": "N", "rainHour": 0.0, "pressure": 1000.6875}