{"windPeak": 4.5950129106157935e-46, "windAvg": 0.0, "temp": 22.888888888888893, "humidity": 70.0, "direction": "N", "rainHour": 0.0, "pressure": 1012.5}