{"windPeak": 0.7143048447996719, "windAvg": 0.26261206, "temp": 19.27777777777778, "humidity": 84.0, "direction": "N", "rainHour": 0.0, "pressure": 1005.75}