{"windPeak": 2.3738684052056998e-33, "windAvg": 0.0, "temp": 21.72222222222222, "humidity": 70.0, "direction": "N", "rainHour": 0.0, "pressure": 1012.25}