{"windPeak": 3.077455263659882, "windAvg": 1.6499374399999993, "temp": 39.0, "humidity": 44.0, "direction": "N", "rainHour": 0.0, "pressure": 1001.25}