{"windPeak": 2.2023315969652004e-53, "windAvg": 0.0, "temp": 15.111111111111112, "humidity": 81.0, "direction": "N", "rainHour": 0.0, "pressure": 1004.75}