{"windPeak": 2.632609032311797, "windAvg": 0.26261206, "temp": 24.388888888888893, "humidity": 74.0, "direction": "N", "rainHour": 0.0, "pressure": 1004.1875}