{"windPeak": 1.0292835450013364e-07, "windAvg": 0.0, "temp": 21.500000000000004, "humidity": 71.0, "direction": "N", "rainHour": 0.0, "pressure": 1009.5}