{"windPeak": 5.613863918106544e-13, "windAvg": 0.0, "temp": 22.22222222222222, "humidity": 80.0, "direction": "N", "rainHour": 0.0, "pressure": 1005.75}