{"windPeak": 5.534406508831255, "windAvg": 2.4355367599999993, "temp": 26.72222222222222, "humidity": 35.0, "direction": "N", "rainHour": 0.0, "pressure": 1010.0625}