{"windPeak": 0.18766878189175062, "windAvg": 0.0, "temp": 23.277777777777782, "humidity": 76.0, "direction": "N", "rainHour": 0.0, "pressure": 999.875}