{"windPeak": 3.3882604779539527, "windAvg": 0.8849176399999998, "temp": 12.611111111111112, "humidity": 59.0, "direction": "N", "rainHour": 0.0, "pressure": 1000.1875}