{"windPeak": 2.1707547053898226, "windAvg": 0.7498088800000001, "temp": 19.88888888888889, "humidity": 64.0, "direction": "N", "rainHour": 0.0, "pressure": 1004.5}