{"windPeak": 0.39246833455092506, "windAvg": 0.0, "temp": 21.27777777777778, "humidity": 81.0, "direction": "N", "rainHour": 0.0, "pressure": 1002.375}