{"windPeak": 0.9014318888081806, "windAvg": 0.02281638, "temp": 21.888888888888893, "humidity": 53.0, "direction": "N", "rainHour": 0.0, "pressure": 1006.6875}