{"windPeak": 3.8643410421261044, "windAvg": 2.252110919999999, "temp": 32.0, "humidity": 55.0, "direction": "N", "rainHour": 0.0, "pressure": 1004.875}