{"windPeak": 4.530876070689781, "windAvg": 2.2704535200000002, "temp": 20.500000000000004, "humidity": 71.0, "direction": "N", "rainHour": 0.0, "pressure": 1008.875}