{"windPeak": 6.502715778888764e-23, "windAvg": 0.0, "temp": 12.777777777777779, "humidity": 79.0, "direction": "N", "rainHour": 0.0, "pressure": 1003.875}