{"windPeak": 4.23536233822816, "windAvg": 1.2437164000000003, "temp": 25.27777777777778, "humidity": 71.0, "direction": "N", "rainHour": 0.0, "pressure": 1003.6875}