{"windPeak": 2.6345853744612078, "windAvg": 1.3229026600000007, "temp": 22.22222222222222, "humidity": 85.0, "direction": "N", "rainHour": 0.0, "pressure": 998.875}