{"windPeak": 2.9455388402566016, "windAvg": 0.7945468800000001, "temp": 16.77777777777778, "humidity": 73.0, "direction": "N", "rainHour": 0.0, "pressure": 1004.5625}