{"windPeak": 5.780884596977986, "windAvg": 2.972392740000001, "temp": 17.888888888888893, "humidity": 87.0, "direction": "N", "rainHour": 0.0, "pressure": 995.0625}