{"windPeak": 1.1790563165626443e-21, "windAvg": 0.0, "temp": 29.000000000000004, "humidity": 52.0, "direction": "N", "rainHour": 0.0, "pressure": 1009.5}