{"windPeak": 0.016621932564541676, "windAvg": 0.0, "temp": 22.888888888888893, "humidity": 73.0, "direction": "N", "rainHour": 0.0, "pressure": 990.75}