{"windPeak": 12.003604088791386, "windAvg": 5.7197536000000015, "temp": 19.22222222222222, "humidity": 46.0, "direction": "N", "rainHour": 0.0, "pressure": 999.375}