{"windPeak": 0.9581568348701344, "windAvg": 0.0, "temp": 24.277777777777782, "humidity": 82.0, "direction": "N", "rainHour": 0.0, "pressure": 1001.0}