{"windPeak": 4.027768320749993, "windAvg": 2.3550083199999996, "temp": 28.77777777777778, "humidity": 36.0, "direction": "N", "rainHour": 0.0, "pressure": 1009.0625}