{"windPeak": 0.5859248763938503, "windAvg": 0.0, "temp": 18.000000000000004, "humidity": 86.0, "direction": "N", "rainHour": 0.0, "pressure": 988.75}