{"windPeak": 1.9102816092051544, "windAvg": 0.3914575, "temp": 29.111111111111114, "humidity": 54.0, "direction": "N", "rainHour": 0.0, "pressure": 1008.0}