{"windPeak": 1.4895588209743986e-23, "windAvg": 0.0, "temp": 16.61111111111111, "humidity": 78.0, "direction": "N", "rainHour": 0.0, "pressure": 1005.0}