{"windPeak": 5.181532416288376e-05, "windAvg": 0.0, "temp": 23.11111111111111, "humidity": 70.0, "direction": "N", "rainHour": 0.0, "pressure": 1009.0625}