{"windPeak": 2.8535934568948407, "windAvg": 1.52690794, "temp": 29.499999999999996, "humidity": 51.0, "direction": "N", "rainHour": 0.0, "pressure": 1003.5}