{"windPeak": 0.8711976291142904, "windAvg": 0.24650638, "temp": 14.000000000000002, "humidity": 85.0, "direction": "N", "rainHour": 0.0, "pressure": 1005.375}