{"windPeak": 1.3406386528436698e-19, "windAvg": 0.0, "temp": 24.111111111111114, "humidity": 73.0, "direction": "N", "rainHour": 0.0, "pressure": 1011.1875}