{"windPeak": 5.686761592904853, "windAvg": 3.311954260000002, "temp": 24.499999999999996, "humidity": 65.0, "direction": "N", "rainHour": 0.0, "pressure": 995.875}