{"windPeak": 9.255888072840138, "windAvg": 4.3512181199999995, "temp": 17.611111111111114, "humidity": 80.0, "direction": "N", "rainHour": 0.0, "pressure": 999.0625}