{"windPeak": 6.021281611106134e-30, "windAvg": 0.0, "temp": 18.000000000000004, "humidity": 74.0, "direction": "N", "rainHour": 0.0, "pressure": 1011.5}