{"windPeak": 2.2822055799353158e-65, "windAvg": 0.0, "temp": 23.22222222222222, "humidity": 81.0, "direction": "N", "rainHour": 0.0, "pressure": 1003.5625}