{"windPeak": 4.357671012119182, "windAvg": 1.63114748, "temp": 15.888888888888891, "humidity": 87.0, "direction": "N", "rainHour": 0.0, "pressure": 1006.5625}