{"windPeak": 1.776381935810643, "windAvg": 0.47019638, "temp": 17.611111111111114, "humidity": 63.0, "direction": "N", "rainHour": 0.0, "pressure": 1006.75}