{"windPeak": 1.3638800260681625, "windAvg": 0.18253104000000003, "temp": 24.722222222222225, "humidity": 62.0, "direction": "N", "rainHour": 0.0, "pressure": 1009.5625}