{"windPeak": 7.502100169036167e-53, "windAvg": 0.0, "temp": 20.222222222222225, "humidity": 68.0, "direction": "N", "rainHour": 0.0, "pressure": 1013.375}