{"windPeak": 4.385121182648511e-05, "windAvg": 0.0, "temp": 29.722222222222225, "humidity": 61.0, "direction": "N", "rainHour": 0.0, "pressure": 1009.5}