{"windPeak": 4.335824138381836, "windAvg": 2.7563082000000003, "temp": 28.77777777777778, "humidity": 46.0, "direction": "N", "rainHour": 0.0, "pressure": 1010.25}