{"windPeak": 5.858385679730001e-50, "windAvg": 0.0, "temp": 30.777777777777782, "humidity": 60.0, "direction": "N", "rainHour": 0.0, "pressure": 1006.0625}