{"windPeak": 5.484636347869465, "windAvg": 2.4064570600000006, "temp": 24.000000000000004, "humidity": 65.0, "direction": "N", "rainHour": 0.0, "pressure": 1002.0625}