{"windPeak": 10.668674223264016, "windAvg": 3.445720840000001, "temp": 26.611111111111114, "humidity": 40.0, "direction": "N", "rainHour": 0.0, "pressure": 1004.5}