{"windPeak": 0.0007162606457742325, "windAvg": 0.0, "temp": 24.61111111111111, "humidity": 62.0, "direction": "N", "rainHour": 0.0, "pressure": 1010.375}