{"windPeak": 3.944421611433969e-12, "windAvg": 0.0, "temp": 15.611111111111112, "humidity": 81.0, "direction": "N", "rainHour": 0.0, "pressure": 1001.875}