{"windPeak": 0.000495509497406577, "windAvg": 0.0, "temp": 22.38888888888889, "humidity": 74.0, "direction": "N", "rainHour": 0.0, "pressure": 990.75}