{"windPeak": 1.766327471074985, "windAvg": 0.0, "temp": 19.27777777777778, "humidity": 76.0, "direction": "N", "rainHour": 0.0, "pressure": 993.5}