{"windPeak": 2.4335439519786277, "windAvg": 0.36416732, "temp": 23.77777777777778, "humidity": 47.0, "direction": "N", "rainHour": 0.0, "pressure": 1004.5}