{"windPeak": 0.0006114196303127006, "windAvg": 0.0, "temp": 28.722222222222225, "humidity": 61.0, "direction": "N", "rainHour": 0.0, "pressure": 1003.0625}