{"windPeak": 3.7473000988754714, "windAvg": 2.61225182, "temp": 21.38888888888889, "humidity": 80.0, "direction": "N", "rainHour": 0.0, "pressure": 996.25}