{"windPeak": 5.612070711277476e-62, "windAvg": 0.0, "temp": 24.499999999999996, "humidity": 75.0, "direction": "N", "rainHour": 0.0, "pressure": 1013.375}