{"windPeak": 5.908741195551689, "windAvg": 2.87978514, "temp": 33.00000000000001, "humidity": 29.0, "direction": "N", "rainHour": 0.0, "pressure": 1005.1875}