{"windPeak": 9.894250373857564e-55, "windAvg": 0.0, "temp": 21.500000000000004, "humidity": 80.0, "direction": "N", "rainHour": 0.0, "pressure": 1003.0}