{"windPeak": 5.084960525831013e-17, "windAvg": 0.0, "temp": 13.388888888888891, "humidity": 81.0, "direction": "N", "rainHour": 0.0, "pressure": 1012.875}