{"windPeak": 8.780736061651197e-13, "windAvg": 0.0, "temp": 25.72222222222222, "humidity": 70.0, "direction": "N", "rainHour": 0.0, "pressure": 1007.0}