{"windPeak": 4.243690684547685, "windAvg": 2.6534107799999997, "temp": -2.6111111111111107, "humidity": 0.0, "direction": "N", "rainHour": 0.0, "pressure": 1002.5625}