{"windPeak": 3.607680848888796, "windAvg": 2.2315314399999995, "temp": 16.27777777777778, "humidity": 61.0, "direction": "N", "rainHour": 0.0, "pressure": 1005.5}