{"windPeak": 0.9629461038437442, "windAvg": 0.35969352, "temp": 28.277777777777782, "humidity": 63.0, "direction": "N", "rainHour": 0.0, "pressure": 1008.1875}