{"windPeak": 3.9224422282051408, "windAvg": 2.221241699999999, "temp": 37.27777777777778, "humidity": 46.0, "direction": "N", "rainHour": 0.0, "pressure": 1005.375}