{"windPeak": 0.0203350139317311, "windAvg": 0.0, "temp": 8.222222222222221, "humidity": 77.0, "direction": "N", "rainHour": 0.0, "pressure": 1000.25}