{"windPeak": 3.9032405331775912, "windAvg": 2.1286340399999992, "temp": 33.22222222222222, "humidity": 55.0, "direction": "N", "rainHour": 0.0, "pressure": 1007.375}