{"windPeak": 4.536267853064197e-21, "windAvg": 0.0, "temp": 21.38888888888889, "humidity": 66.0, "direction": "N", "rainHour": 0.0, "pressure": 1003.5625}