{"windPeak": 8.982012057759189, "windAvg": 3.558907980000002, "temp": 23.88888888888889, "humidity": 50.0, "direction": "N", "rainHour": 0.0, "pressure": 1006.5}