{"windPeak": 3.627439475149827, "windAvg": 2.34471858, "temp": 21.0, "humidity": 70.0, "direction": "N", "rainHour": 0.0, "pressure": 1009.0}