{"windPeak": 0.03361341343316322, "windAvg": 0.0, "temp": 23.61111111111111, "humidity": 70.0, "direction": "N", "rainHour": 0.0, "pressure": 1009.0625}