{"windPeak": 2.8176137889826625, "windAvg": 0.59591016, "temp": 17.611111111111114, "humidity": 86.0, "direction": "N", "rainHour": 0.0, "pressure": 998.875}