{"windPeak": 1.3698001294825657e-47, "windAvg": 0.0, "temp": 23.11111111111111, "humidity": 71.0, "direction": "N", "rainHour": 0.0, "pressure": 1012.5625}