{"windPeak": 4.739037984836222e-27, "windAvg": 0.0, "temp": 17.27777777777778, "humidity": 82.0, "direction": "N", "rainHour": 0.0, "pressure": 993.5}