{"windPeak": 1.18182541356195e-16, "windAvg": 0.0, "temp": 24.61111111111111, "humidity": 81.0, "direction": "N", "rainHour": 0.0, "pressure": 1001.0625}