{"windPeak": 5.338354140122607e-08, "windAvg": 0.0, "temp": 14.777777777777779, "humidity": 85.0, "direction": "N", "rainHour": 0.0, "pressure": 1005.375}