{"windPeak": 0.5127835412696088, "windAvg": 0.0, "temp": 23.61111111111111, "humidity": 75.0, "direction": "N", "rainHour": 0.0, "pressure": 1003.875}