{"windPeak": 6.9119953296247445, "windAvg": 3.2810849800000006, "temp": 33.72222222222223, "humidity": 37.0, "direction": "N", "rainHour": 0.0, "pressure": 995.0625}