{"windPeak": 0.9236586278667583, "windAvg": 0.02281638, "temp": 21.611111111111114, "humidity": 80.0, "direction": "N", "rainHour": 0.0, "pressure": 1002.25}