{"windPeak": 4.415926517645286e-23, "windAvg": 0.0, "temp": 15.111111111111112, "humidity": 82.0, "direction": "N", "rainHour": 0.0, "pressure": 1011.25}