{"windPeak": 5.458384805739576, "windAvg": 2.8900748399999996, "temp": 29.61111111111111, "humidity": 44.0, "direction": "N", "rainHour": 0.0, "pressure": 1007.875}