{"windPeak": 9.817490106834375, "windAvg": 3.085579940000001, "temp": 18.722222222222225, "humidity": 88.0, "direction": "N", "rainHour": 0.01, "pressure": 996.5}