{"windPeak": 2.6169529063843404, "windAvg": 0.42366886000000004, "temp": 22.77777777777778, "humidity": 82.0, "direction": "N", "rainHour": 0.0, "pressure": 1002.75}