{"windPeak": 5.527561663893586, "windAvg": 2.12997622, "temp": 14.000000000000002, "humidity": 73.0, "direction": "N", "rainHour": 0.0, "pressure": 1003.0625}