{"windPeak": 3.7692384824673844, "windAvg": 2.4373262400000004, "temp": 24.722222222222225, "humidity": 44.0, "direction": "N", "rainHour": 0.0, "pressure": 1004.0625}