{"windPeak": 1.6319312724668937, "windAvg": 0.25679611999999996, "temp": 14.27777777777778, "humidity": 84.0, "direction": "N", "rainHour": 0.0, "pressure": 1005.5}