{"windPeak": 6.7752709983378185, "windAvg": 2.9312337600000005, "temp": 26.222222222222225, "humidity": 40.0, "direction": "N", "rainHour": 0.0, "pressure": 1004.0625}