{"windPeak": 5.017367573098104, "windAvg": 2.0440792199999995, "temp": 33.72222222222223, "humidity": 37.0, "direction": "N", "rainHour": 0.0, "pressure": 1006.5625}