{"windPeak": 0.09760581115491476, "windAvg": 0.0, "temp": 17.72222222222222, "humidity": 84.0, "direction": "N", "rainHour": 0.0, "pressure": 1009.5625}