{"windPeak": 4.545702654634008, "windAvg": 2.3116124799999995, "temp": 27.222222222222225, "humidity": 70.0, "direction": "N", "rainHour": 0.0, "pressure": 1001.0}