{"windPeak": 10.52868293832721, "windAvg": 3.754413160000001, "temp": 9.777777777777779, "humidity": 61.0, "direction": "N", "rainHour": 0.0, "pressure": 1005.375}