{"windPeak": 6.90682448481126e-07, "windAvg": 0.0, "temp": 18.88888888888889, "humidity": 69.0, "direction": "N", "rainHour": 0.0, "pressure": 999.75}