{"windPeak": 8.313793351073759, "windAvg": 4.042525880000002, "temp": 17.77777777777778, "humidity": 82.0, "direction": "N", "rainHour": 0.0, "pressure": 998.6875}