{"windPeak": 6.430756241880098, "windAvg": 3.713254100000001, "temp": 30.111111111111114, "humidity": 38.0, "direction": "N", "rainHour": 0.0, "pressure": 1006.25}