{"windPeak": 2.6684426743511174, "windAvg": 1.3059022200000003, "temp": 18.000000000000004, "humidity": 86.0, "direction": "N", "rainHour": 0.0, "pressure": 995.5625}