{"windPeak": 4.949736906030188, "windAvg": 2.4784852199999987, "temp": 24.277777777777782, "humidity": 36.0, "direction": "N", "rainHour": 0.0, "pressure": 1010.375}