{"windPeak": 2.3017731848001945, "windAvg": 0.8938652400000002, "temp": 30.888888888888886, "humidity": 45.0, "direction": "N", "rainHour": 0.0, "pressure": 1008.5625}