{"windPeak": 5.368788718081994, "windAvg": 2.8797851000000003, "temp": 31.38888888888889, "humidity": 30.0, "direction": "N", "rainHour": 0.0, "pressure": 1005.25}