{"windPeak": 5.646878674043588, "windAvg": 2.6180678399999993, "temp": 18.22222222222222, "humidity": 68.0, "direction": "N", "rainHour": 0.0, "pressure": 1003.25}