{"windPeak": 2.0485500154847402, "windAvg": 0.8093104200000002, "temp": 22.722222222222225, "humidity": 84.0, "direction": "N", "rainHour": 0.02, "pressure": 998.5625}