{"windPeak": 2.72017184042883, "windAvg": 0.7283346399999999, "temp": 16.38888888888889, "humidity": 67.0, "direction": "N", "rainHour": 0.0, "pressure": 1007.25}