{"windPeak": 3.585829120979016e-42, "windAvg": 0.0, "temp": 12.888888888888891, "humidity": 83.0, "direction": "N", "rainHour": 0.0, "pressure": 1013.25}