{"windPeak": 2.0826397514318353, "windAvg": 0.43709026, "temp": 24.111111111111114, "humidity": 75.0, "direction": "N", "rainHour": 0.0, "pressure": 1006.875}