{"windPeak": 1.8507327953307688, "windAvg": 0.20311052, "temp": 16.61111111111111, "humidity": 65.0, "direction": "N", "rainHour": 0.0, "pressure": 1007.0625}