{"windPeak": 5.86925450311173, "windAvg": 2.9415235200000005, "temp": 23.722222222222225, "humidity": 84.0, "direction": "N", "rainHour": 0.0, "pressure": 990.25}