{"windPeak": 2.881566381044213, "windAvg": 1.7904147599999987, "temp": 21.222222222222225, "humidity": 53.0, "direction": "N", "rainHour": 0.0, "pressure": 1003.1875}