{"windPeak": 1.044386087179338e-36, "windAvg": 0.0, "temp": 13.499999999999998, "humidity": 80.0, "direction": "N", "rainHour": 0.0, "pressure": 1003.6875}