{"windPeak": 1.9202840377205605e-13, "windAvg": 0.0, "temp": 22.888888888888893, "humidity": 86.0, "direction": "N", "rainHour": 0.0, "pressure": 1000.5}