{"windPeak": 5.915946520906905, "windAvg": 3.2193465800000007, "temp": 27.888888888888893, "humidity": 58.0, "direction": "N", "rainHour": 0.0, "pressure": 1005.875}