{"windPeak": 4.6731793338687265e-17, "windAvg": 0.0, "temp": 27.11111111111111, "humidity": 59.0, "direction": "N", "rainHour": 0.0, "pressure": 1009.875}