{"windPeak": 2.190142147212798, "windAvg": 0.31495552000000004, "temp": 32.111111111111114, "humidity": 43.0, "direction": "N", "rainHour": 0.0, "pressure": 1008.5625}