{"windPeak": 3.0558670494604794, "windAvg": 1.27413824, "temp": 26.222222222222225, "humidity": 74.0, "direction": "N", "rainHour": 0.0, "pressure": 1001.5625}