{"windPeak": 5.180720698916775, "windAvg": 3.054710680000001, "temp": 27.722222222222225, "humidity": 43.0, "direction": "N", "rainHour": 0.0, "pressure": 1007.375}