{"windPeak": 3.6096808317097926, "windAvg": 2.08076438, "temp": 22.77777777777778, "humidity": 56.0, "direction": "N", "rainHour": 0.0, "pressure": 1010.5625}