{"windPeak": 3.4854573547948755, "windAvg": 1.7792302600000003, "temp": 17.77777777777778, "humidity": 87.0, "direction": "N", "rainHour": 0.0, "pressure": 991.75}