{"windPeak": 7.714578264346924e-08, "windAvg": 0.0, "temp": 19.88888888888889, "humidity": 73.0, "direction": "N", "rainHour": 0.0, "pressure": 1010.0625}