{"windPeak": 3.089289740706519e-63, "windAvg": 0.0, "temp": 16.77777777777778, "humidity": 75.0, "direction": "N", "rainHour": 0.0, "pressure": 1004.25}