{"windPeak": 2.7079101777146088e-37, "windAvg": 0.0, "temp": 17.611111111111114, "humidity": 73.0, "direction": "N", "rainHour": 0.0, "pressure": 1001.5625}