{"windPeak": 0.28731254745806123, "windAvg": 0.0, "temp": 20.388888888888893, "humidity": 78.0, "direction": "N", "rainHour": 0.0, "pressure": 1006.75}