{"windPeak": 6.828773504767466e-44, "windAvg": 0.0, "temp": 24.88888888888889, "humidity": 85.0, "direction": "N", "rainHour": 0.0, "pressure": 1000.5}