{"windPeak": 5.262919831953209, "windAvg": 3.130317960000001, "temp": 25.111111111111114, "humidity": 62.0, "direction": "N", "rainHour": 0.0, "pressure": 996.1875}