{"windPeak": 2.4424834121783572e-17, "windAvg": 0.0, "temp": 25.777777777777782, "humidity": 69.0, "direction": "N", "rainHour": 0.0, "pressure": 1006.5625}