{"windPeak": 10.74603981316008, "windAvg": 4.948023080000001, "temp": 17.5, "humidity": 49.0, "direction": "N", "rainHour": 0.0, "pressure": 999.5}