{"windPeak": 1.756090767625986e-29, "windAvg": 0.0, "temp": 21.38888888888889, "humidity": 69.0, "direction": "N", "rainHour": 0.0, "pressure": 1003.0}