{"windPeak": 2.197202637353403, "windAvg": 0.22279524000000003, "temp": 25.111111111111114, "humidity": 66.0, "direction": "N", "rainHour": 0.0, "pressure": 1006.1875}