{"windPeak": 4.361629247158933e-19, "windAvg": 0.0, "temp": 11.722222222222223, "humidity": 83.0, "direction": "N", "rainHour": 0.0, "pressure": 1004.375}