{"windPeak": 4.90930065776709, "windAvg": 2.3093755999999996, "temp": 8.61111111111111, "humidity": 67.0, "direction": "N", "rainHour": 0.0, "pressure": 1006.25}