{"windPeak": 3.630533313002896, "windAvg": 1.9639981999999996, "temp": 29.88888888888889, "humidity": 34.0, "direction": "N", "rainHour": 0.0, "pressure": 1006.0}