{"windPeak": 1.9091698454188806, "windAvg": 0.0, "temp": 22.38888888888889, "humidity": 53.0, "direction": "N", "rainHour": 0.0, "pressure": 1010.75}