{"windPeak": 2.5595018143665778, "windAvg": 0.5525143, "temp": 18.111111111111107, "humidity": 85.0, "direction": "N", "rainHour": 0.0, "pressure": 989.0625}