{"windPeak": 2.291147561201439, "windAvg": 0.8048366200000001, "temp": 10.777777777777777, "humidity": 85.0, "direction": "N", "rainHour": 0.0, "pressure": 1002.5625}