{"windPeak": 0.011115306624235743, "windAvg": 0.0, "temp": 15.111111111111112, "humidity": 83.0, "direction": "N", "rainHour": 0.0, "pressure": 1005.5}