{"windPeak": 2.9478493648197686e-15, "windAvg": 0.0, "temp": 17.38888888888889, "humidity": 72.0, "direction": "N", "rainHour": 0.0, "pressure": 1000.25}