{"windPeak": 4.433664463698582, "windAvg": 2.7151492200000007, "temp": 28.61111111111111, "humidity": 41.0, "direction": "N", "rainHour": 0.0, "pressure": 1009.875}