{"windPeak": 3.150466667427704, "windAvg": 0.7408612800000001, "temp": 13.277777777777777, "humidity": 85.0, "direction": "N", "rainHour": 0.0, "pressure": 1010.0625}