{"windPeak": 3.573154115398283, "windAvg": 2.0463161199999997, "temp": 29.61111111111111, "humidity": 62.0, "direction": "N", "rainHour": 0.0, "pressure": 1005.375}