{"windPeak": 3.378530505500176, "windAvg": 1.31440244, "temp": 16.61111111111111, "humidity": 59.0, "direction": "N", "rainHour": 0.0, "pressure": 1006.0}