{"windPeak": 5.647112104000418, "windAvg": 2.8489159000000006, "temp": 16.77777777777778, "humidity": 76.0, "direction": "N", "rainHour": 0.0, "pressure": 1006.5625}