{"windPeak": 1.779455128993997e-38, "windAvg": 0.0, "temp": 22.11111111111111, "humidity": 79.0, "direction": "N", "rainHour": 0.0, "pressure": 1008.1875}