{"windPeak": 3.883101603687923, "windAvg": 1.4624852199999998, "temp": 23.11111111111111, "humidity": 79.0, "direction": "N", "rainHour": 0.0, "pressure": 1007.0625}