{"windPeak": 8.919894353681074e-31, "windAvg": 0.0, "temp": 23.22222222222222, "humidity": 70.0, "direction": "N", "rainHour": 0.0, "pressure": 1006.75}