{"windPeak": 2.720208705543765, "windAvg": 0.29348128, "temp": 24.499999999999996, "humidity": 77.0, "direction": "N", "rainHour": 0.0, "pressure": 1002.5625}