{"windPeak": 4.205306592419232, "windAvg": 2.6328313000000003, "temp": 33.00000000000001, "humidity": 51.0, "direction": "N", "rainHour": 0.0, "pressure": 1007.875}