{"windPeak": 4.987619024849302, "windAvg": 2.65251604, "temp": 23.61111111111111, "humidity": 82.0, "direction": "N", "rainHour": 0.0, "pressure": 1002.0625}