{"windPeak": 2.710733178724188, "windAvg": 0.6746490399999999, "temp": 23.722222222222225, "humidity": 77.0, "direction": "N", "rainHour": 0.0, "pressure": 1006.875}