{"windPeak": 7.392628457951331e-05, "windAvg": 0.0, "temp": 23.11111111111111, "humidity": 71.0, "direction": "N", "rainHour": 0.0, "pressure": 1008.0}