{"windPeak": 0.31620285170940227, "windAvg": 0.0, "temp": 24.88888888888889, "humidity": 73.0, "direction": "N", "rainHour": 0.0, "pressure": 1003.6875}