{"windPeak": 3.455194839498901, "windAvg": 1.6821487999999996, "temp": 27.888888888888893, "humidity": 45.0, "direction": "N", "rainHour": 0.0, "pressure": 997.0625}