{"windPeak": 3.674926655598629, "windAvg": 2.1469766199999993, "temp": 33.611111111111114, "humidity": 57.0, "direction": "N", "rainHour": 0.0, "pressure": 1000.5}