{"windPeak": 0.8969912489792191, "windAvg": 0.06621223999999999, "temp": 25.222222222222225, "humidity": 81.0, "direction": "N", "rainHour": 0.0, "pressure": 1002.75}