{"windPeak": 2.2299527205238295e-35, "windAvg": 0.0, "temp": 16.88888888888889, "humidity": 80.0, "direction": "N", "rainHour": 0.0, "pressure": 995.0625}