{"windPeak": 1.3419382567308085e-10, "windAvg": 0.0, "temp": 24.111111111111114, "humidity": 79.0, "direction": "N", "rainHour": 0.0, "pressure": 1003.0625}