{"windPeak": 2.321535373216302, "windAvg": 0.8173632600000001, "temp": 24.722222222222225, "humidity": 54.0, "direction": "N", "rainHour": 0.0, "pressure": 1009.375}