{"windPeak": 2.1745787724786497e-31, "windAvg": 0.0, "temp": 13.611111111111112, "humidity": 78.0, "direction": "N", "rainHour": 0.0, "pressure": 1003.5}