{"windPeak": 3.9968967003620284, "windAvg": 2.5482765000000005, "temp": 29.777777777777775, "humidity": 44.0, "direction": "N", "rainHour": 0.0, "pressure": 1002.25}