{"windPeak": 2.748468026005971e-14, "windAvg": 0.0, "temp": 25.777777777777782, "humidity": 70.0, "direction": "N", "rainHour": 0.0, "pressure": 1006.75}