{"windPeak": 12.493164786973, "windAvg": 4.937733500000002, "temp": 14.11111111111111, "humidity": 59.0, "direction": "N", "rainHour": 0.0, "pressure": 1002.6875}