{"windPeak": 3.19825631176167, "windAvg": 2.0932910199999992, "temp": 27.77777777777778, "humidity": 59.0, "direction": "N", "rainHour": 0.0, "pressure": 1007.875}