{"windPeak": 1.090872527682944, "windAvg": 0.02281638, "temp": 10.388888888888891, "humidity": 68.0, "direction": "N", "rainHour": 0.0, "pressure": 1000.1875}