{"windPeak": 3.3333422961876717, "windAvg": 1.7765459799999994, "temp": 18.61111111111111, "humidity": 58.0, "direction": "N", "rainHour": 0.0, "pressure": 1003.0625}