{"windPeak": 1.835839874925065e-19, "windAvg": 0.0, "temp": 21.27777777777778, "humidity": 72.0, "direction": "N", "rainHour": 0.0, "pressure": 1003.875}