{"windPeak": 3.724787215175279, "windAvg": 2.25211092, "temp": 27.5, "humidity": 52.0, "direction": "N", "rainHour": 0.0, "pressure": 1002.875}