{"windPeak": 6.096099526232805, "windAvg": 3.6103567400000003, "temp": 27.722222222222225, "humidity": 57.0, "direction": "N", "rainHour": 0.0, "pressure": 1005.875}