{"windPeak": 5.445635882615882, "windAvg": 3.476590080000002, "temp": 28.88888888888889, "humidity": 44.0, "direction": "N", "rainHour": 0.0, "pressure": 1007.0625}