{"windPeak": 5.407748005994864, "windAvg": 2.4834064599999994, "temp": 28.000000000000004, "humidity": 43.0, "direction": "N", "rainHour": 0.0, "pressure": 1010.5}