{"windPeak": 5.947255091170978, "windAvg": 3.2605055000000016, "temp": 30.500000000000004, "humidity": 38.0, "direction": "N", "rainHour": 0.0, "pressure": 1009.1875}