{"windPeak": 1.1236604976761728, "windAvg": 0.11408190000000001, "temp": 17.611111111111114, "humidity": 86.0, "direction": "N", "rainHour": 0.0, "pressure": 1001.875}