{"windPeak": 8.78771076419908e-17, "windAvg": 0.0, "temp": 16.722222222222225, "humidity": 74.0, "direction": "N", "rainHour": 0.0, "pressure": 1000.25}