{"windPeak": 0.4071012034157252, "windAvg": 0.0, "temp": 29.88888888888889, "humidity": 64.0, "direction": "N", "rainHour": 0.0, "pressure": 1001.375}