{"windPeak": 4.506718093647926, "windAvg": 2.190372479999999, "temp": 36.111111111111114, "humidity": 38.0, "direction": "N", "rainHour": 0.0, "pressure": 1001.5}