{"windPeak": 3.2656007538811144e-31, "windAvg": 0.0, "temp": 18.277777777777782, "humidity": 71.0, "direction": "N", "rainHour": 0.0, "pressure": 1000.875}