{"windPeak": 8.674263777810538, "windAvg": 3.116449200000001, "temp": 26.500000000000004, "humidity": 43.0, "direction": "N", "rainHour": 0.0, "pressure": 1006.5625}