{"windPeak": 4.72962610375241, "windAvg": 1.4025363000000002, "temp": 28.722222222222225, "humidity": 48.0, "direction": "N", "rainHour": 0.0, "pressure": 1010.0}