{"windPeak": 9.004022071181275, "windAvg": 3.43319424, "temp": 14.500000000000002, "humidity": 88.0, "direction": "N", "rainHour": 0.0, "pressure": 999.75}