{"windPeak": 5.714554651277518, "windAvg": 2.972392760000001, "temp": 24.61111111111111, "humidity": 61.0, "direction": "N", "rainHour": 0.0, "pressure": 1002.5625}