{"windPeak": 3.7082313383123937, "windAvg": 2.39616728, "temp": 33.277777777777786, "humidity": 46.0, "direction": "N", "rainHour": 0.0, "pressure": 1011.75}