{"windPeak": 2.0768462963724042e-41, "windAvg": 0.0, "temp": 12.611111111111112, "humidity": 83.0, "direction": "N", "rainHour": 0.0, "pressure": 1013.25}