{"windPeak": 0.3361007079691471, "windAvg": 0.04563276, "temp": 24.499999999999996, "humidity": 70.0, "direction": "N", "rainHour": 0.0, "pressure": 1005.0625}