{"windPeak": 3.029617220541415e-51, "windAvg": 0.0, "temp": 24.277777777777782, "humidity": 82.0, "direction": "N", "rainHour": 0.0, "pressure": 1003.75}