{"windPeak": 2.0595707817407435e-25, "windAvg": 0.0, "temp": 20.111111111111114, "humidity": 86.0, "direction": "N", "rainHour": 0.0, "pressure": 1007.25}