{"windPeak": 7.966252300548497, "windAvg": 3.970497640000001, "temp": 20.222222222222225, "humidity": 66.0, "direction": "N", "rainHour": 0.0, "pressure": 1005.75}