{"windPeak": 8.270447855366112e-38, "windAvg": 0.0, "temp": 18.388888888888886, "humidity": 82.0, "direction": "N", "rainHour": 0.0, "pressure": 1000.25}