{"windPeak": 2.1723695534532643, "windAvg": 0.51135534, "temp": 25.222222222222225, "humidity": 73.0, "direction": "N", "rainHour": 0.0, "pressure": 1003.0}