{"windPeak": 3.4835003199598042, "windAvg": 2.4990646800000005, "temp": 17.0, "humidity": 88.0, "direction": "N", "rainHour": 0.0, "pressure": 993.25}