{"windPeak": 1.3009523467806732, "windAvg": 0.40756318, "temp": 28.000000000000004, "humidity": 55.0, "direction": "N", "rainHour": 0.0, "pressure": 1010.5}