{"windPeak": 0.04418950665712464, "windAvg": 0.0, "temp": 22.77777777777778, "humidity": 83.0, "direction": "N", "rainHour": 0.01, "pressure": 1001.25}