{"windPeak": 7.571406430898581e-41, "windAvg": 0.0, "temp": 26.72222222222222, "humidity": 71.0, "direction": "N", "rainHour": 0.0, "pressure": 1006.1875}