{"windPeak": 4.3990665939586036, "windAvg": 2.2726903999999992, "temp": 35.0, "humidity": 27.0, "direction": "N", "rainHour": 0.0, "pressure": 1005.375}