{"windPeak": 3.1053472584463435, "windAvg": 1.2271633400000002, "temp": 23.88888888888889, "humidity": 57.0, "direction": "N", "rainHour": 0.0, "pressure": 1009.0}