{"windPeak": 3.9666660103250884, "windAvg": 0.19639982, "temp": 26.500000000000004, "humidity": 76.0, "direction": "N", "rainHour": 0.0, "pressure": 987.0625}