{"windPeak": 9.891511391695155e-31, "windAvg": 0.0, "temp": 20.388888888888893, "humidity": 86.0, "direction": "N", "rainHour": 0.0, "pressure": 1007.25}