{"windPeak": 0.16340715307209144, "windAvg": 0.0, "temp": 18.77777777777778, "humidity": 84.0, "direction": "N", "rainHour": 0.0, "pressure": 988.875}