{"windPeak": 3.6928681837624433, "windAvg": 2.0955279200000003, "temp": -40.0, "humidity": 0.0, "direction": "N", "rainHour": 0.0, "pressure": 1003.1875}