{"windPeak": 4.413578373967348e-47, "windAvg": 0.0, "temp": 20.27777777777778, "humidity": 70.0, "direction": "N", "rainHour": 0.0, "pressure": 1013.25}