{"windPeak": 8.893666012149179, "windAvg": 3.0605267000000005, "temp": 30.222222222222225, "humidity": 41.0, "direction": "N", "rainHour": 0.0, "pressure": 1007.0}