{"windPeak": 8.620949235845158, "windAvg": 3.1987670999999995, "temp": 15.277777777777779, "humidity": 88.0, "direction": "N", "rainHour": 0.0, "pressure": 999.0}