{"windPeak": 0.0039101909818421154, "windAvg": 0.0, "temp": 22.277777777777775, "humidity": 76.0, "direction": "N", "rainHour": 0.0, "pressure": 1005.0}