{"windPeak": 2.681596305886426e-19, "windAvg": 0.0, "temp": 22.77777777777778, "humidity": 68.0, "direction": "N", "rainHour": 0.0, "pressure": 1003.6875}