{"windPeak": 3.867893196345216, "windAvg": 2.29326988, "temp": 25.61111111111111, "humidity": 64.0, "direction": "N", "rainHour": 0.0, "pressure": 1007.5}