{"windPeak": 2.4536933877039508e-23, "windAvg": 0.0, "temp": 18.61111111111111, "humidity": 81.0, "direction": "N", "rainHour": 0.0, "pressure": 998.75}