{"windPeak": 1.547143057561276e-29, "windAvg": 0.0, "temp": 22.611111111111114, "humidity": 70.0, "direction": "N", "rainHour": 0.0, "pressure": 1012.25}