{"windPeak": 1.6249181022889088e-15, "windAvg": 0.0, "temp": 8.88888888888889, "humidity": 79.0, "direction": "N", "rainHour": 0.0, "pressure": 1001.5}