{"windPeak": 5.466485400218105e-53, "windAvg": 0.0, "temp": 31.777777777777782, "humidity": 59.0, "direction": "N", "rainHour": 0.0, "pressure": 1005.875}