{"windPeak": 5.796012671646058, "windAvg": 2.3666402400000006, "temp": 20.72222222222222, "humidity": 62.0, "direction": "N", "rainHour": 0.0, "pressure": 1003.0}