{"windPeak": 4.909797230593038, "windAvg": 2.890074820000001, "temp": 28.22222222222222, "humidity": 43.0, "direction": "N", "rainHour": 0.0, "pressure": 1004.875}