{"windPeak": 3.4997164158691954e-28, "windAvg": 0.0, "temp": 19.27777777777778, "humidity": 68.0, "direction": "N", "rainHour": 0.0, "pressure": 1000.6875}