{"windPeak": 3.859573251865171e-45, "windAvg": 0.0, "temp": 28.277777777777782, "humidity": 70.0, "direction": "N", "rainHour": 0.0, "pressure": 1007.875}