{"windPeak": 2.3830564639328743e-22, "windAvg": 0.0, "temp": 22.11111111111111, "humidity": 70.0, "direction": "N", "rainHour": 0.0, "pressure": 1003.75}