{"windPeak": 3.190143867014529, "windAvg": 1.5917780400000001, "temp": 20.500000000000004, "humidity": 77.0, "direction": "N", "rainHour": 0.0, "pressure": 1010.5625}