{"windPeak": 1.4642659131876284e-07, "windAvg": 0.0, "temp": 26.38888888888889, "humidity": 63.0, "direction": "N", "rainHour": 0.0, "pressure": 1008.5}