{"windPeak": 4.497190346020942e-18, "windAvg": 0.0, "temp": 25.27777777777778, "humidity": 70.0, "direction": "N", "rainHour": 0.0, "pressure": 1010.6875}