{"windPeak": 3.160469545954784, "windAvg": 1.4517481000000005, "temp": 33.00000000000001, "humidity": 47.0, "direction": "N", "rainHour": 0.0, "pressure": 1002.75}