{"windPeak": 1.8943453717280907, "windAvg": 0.12213473999999998, "temp": 17.77777777777778, "humidity": 86.0, "direction": "N", "rainHour": 0.0, "pressure": 999.0625}