{"windPeak": 4.341905165988929e-31, "windAvg": 0.0, "temp": 20.611111111111107, "humidity": 79.0, "direction": "N", "rainHour": 0.0, "pressure": 1005.0625}