{"windPeak": 0.06216864607493242, "windAvg": 0.0, "temp": 31.611111111111114, "humidity": 43.0, "direction": "N", "rainHour": 0.0, "pressure": 1013.1875}