{"windPeak": 2.4938879361173365e-09, "windAvg": 0.0, "temp": 12.277777777777779, "humidity": 84.0, "direction": "N", "rainHour": 0.0, "pressure": 1011.0625}