{"windPeak": 2.328495435976336, "windAvg": 0.27290179999999997, "temp": 26.888888888888893, "humidity": 62.0, "direction": "N", "rainHour": 0.0, "pressure": 1008.0625}