{"windPeak": 4.21316798916087, "windAvg": 2.6945697400000004, "temp": 32.22222222222222, "humidity": 57.0, "direction": "N", "rainHour": 0.0, "pressure": 1005.75}