{"windPeak": 1.139045476968838e-11, "windAvg": 0.0, "temp": 24.722222222222225, "humidity": 69.0, "direction": "N", "rainHour": 0.0, "pressure": 1003.5}