{"windPeak": 4.506189471742168, "windAvg": 1.9859198200000001, "temp": 23.22222222222222, "humidity": 70.0, "direction": "N", "rainHour": 0.0, "pressure": 1001.75}