{"windPeak": 6.559397374038012, "windAvg": 2.9518133, "temp": 29.111111111111114, "humidity": 54.0, "direction": "N", "rainHour": 0.0, "pressure": 1007.6875}