{"windPeak": 2.089230079196851, "windAvg": 0.41203698000000005, "temp": 22.38888888888889, "humidity": 61.0, "direction": "N", "rainHour": 0.0, "pressure": 1006.875}