{"windPeak": 6.224310460552527, "windAvg": 2.6945697400000013, "temp": 22.77777777777778, "humidity": 56.0, "direction": "N", "rainHour": 0.0, "pressure": 1001.875}