{"windPeak": 4.703425931845642, "windAvg": 2.7974671600000005, "temp": 30.222222222222225, "humidity": 37.0, "direction": "N", "rainHour": 0.0, "pressure": 1009.375}