{"windPeak": 4.543557430650445, "windAvg": 1.6593324399999998, "temp": 19.777777777777775, "humidity": 84.0, "direction": "N", "rainHour": 0.01, "pressure": 998.0625}