{"windPeak": 1.8185704178930382, "windAvg": 0.0559225, "temp": 17.22222222222222, "humidity": 87.0, "direction": "N", "rainHour": 0.0, "pressure": 1000.1875}