{"windPeak": 4.440461660355132e-25, "windAvg": 0.0, "temp": 16.500000000000004, "humidity": 79.0, "direction": "N", "rainHour": 0.0, "pressure": 1005.1875}