{"windPeak": 3.1913894755586655e-10, "windAvg": 0.0, "temp": 21.611111111111114, "humidity": 73.0, "direction": "N", "rainHour": 0.0, "pressure": 1006.6875}