{"windPeak": 5.841597836934708, "windAvg": 2.64312106, "temp": 21.999999999999996, "humidity": 81.0, "direction": "N", "rainHour": 0.0, "pressure": 995.0625}