{"windPeak": 1.356552969669683e-39, "windAvg": 0.0, "temp": 24.61111111111111, "humidity": 62.0, "direction": "N", "rainHour": 0.0, "pressure": 1003.375}