{"windPeak": 3.9378306491675694, "windAvg": 2.1984253199999997, "temp": 33.611111111111114, "humidity": 39.0, "direction": "N", "rainHour": 0.0, "pressure": 1006.875}