{"windPeak": 4.6465659444017, "windAvg": 2.59167238, "temp": 21.0, "humidity": 79.0, "direction": "N", "rainHour": 0.0, "pressure": 992.5}