{"windPeak": 1.6358902416845953, "windAvg": 0.10155526, "temp": 15.5, "humidity": 60.0, "direction": "N", "rainHour": 0.0, "pressure": 1000.375}