{"windPeak": 3.6869883433763353, "windAvg": 1.38061468, "temp": 27.11111111111111, "humidity": 50.0, "direction": "N", "rainHour": 0.0, "pressure": 1010.5}