{"windPeak": 4.210712877985467, "windAvg": 2.6945697400000004, "temp": 19.22222222222222, "humidity": 61.0, "direction": "N", "rainHour": 0.0, "pressure": 1004.0}