{"windPeak": 5.282133895842165, "windAvg": 2.7737560600000006, "temp": 24.499999999999996, "humidity": 68.0, "direction": "N", "rainHour": 0.0, "pressure": 995.875}