{"windPeak": 4.061141924634341, "windAvg": 2.437326239999999, "temp": 30.222222222222225, "humidity": 60.0, "direction": "N", "rainHour": 0.0, "pressure": 1011.75}