{"windPeak": 2.0631272948935862e-11, "windAvg": 0.0, "temp": 20.388888888888893, "humidity": 66.0, "direction": "N", "rainHour": 0.0, "pressure": 1003.75}