{"windPeak": 1.6764289860931525, "windAvg": 0.30242888000000007, "temp": 17.27777777777778, "humidity": 68.0, "direction": "N", "rainHour": 0.0, "pressure": 1006.6875}