{"windPeak": 2.8374919473824978, "windAvg": 1.6418845999999991, "temp": 21.611111111111114, "humidity": 84.0, "direction": "N", "rainHour": 0.0, "pressure": 1006.875}