{"windPeak": 2.844881964732394e-05, "windAvg": 0.0, "temp": 24.88888888888889, "humidity": 67.0, "direction": "N", "rainHour": 0.0, "pressure": 1008.875}