{"windPeak": 4.914355200010686e-45, "windAvg": 0.0, "temp": 12.611111111111112, "humidity": 85.0, "direction": "N", "rainHour": 0.0, "pressure": 1004.1875}