{"windPeak": 3.2227989238970856, "windAvg": 1.0455270600000004, "temp": 20.27777777777778, "humidity": 62.0, "direction": "N", "rainHour": 0.0, "pressure": 1005.75}