{"windPeak": 3.0073761959440213, "windAvg": 1.922839239999999, "temp": 28.22222222222222, "humidity": 66.0, "direction": "N", "rainHour": 0.0, "pressure": 1000.375}