{"windPeak": 3.2105169772126723, "windAvg": 1.8691536399999995, "temp": 33.77777777777778, "humidity": 40.0, "direction": "N", "rainHour": 0.0, "pressure": 1006.375}