{"windPeak": 0.002545658395079509, "windAvg": 0.0, "temp": 23.277777777777782, "humidity": 73.0, "direction": "N", "rainHour": 0.0, "pressure": 1012.0}