{"windPeak": 5.252270293690387e-24, "windAvg": 0.0, "temp": 27.722222222222225, "humidity": 62.0, "direction": "N", "rainHour": 0.0, "pressure": 1011.1875}