{"windPeak": 1.5488200756310038, "windAvg": 0.02281638, "temp": 21.888888888888893, "humidity": 70.0, "direction": "N", "rainHour": 0.0, "pressure": 1009.0625}