{"windPeak": 1.7508337078776155, "windAvg": 0.0, "temp": 22.11111111111111, "humidity": 77.0, "direction": "N", "rainHour": 0.0, "pressure": 1001.1875}