{"windPeak": 1.8522105161324996e-12, "windAvg": 0.0, "temp": 30.222222222222225, "humidity": 50.0, "direction": "N", "rainHour": 0.0, "pressure": 1009.375}