{"windPeak": 0.09087876243605215, "windAvg": 0.0, "temp": 18.722222222222225, "humidity": 80.0, "direction": "N", "rainHour": 0.0, "pressure": 1010.0}