{"windPeak": 6.0125186212347164e-27, "windAvg": 0.0, "temp": 20.388888888888893, "humidity": 73.0, "direction": "N", "rainHour": 0.0, "pressure": 1004.1875}