{"windPeak": 2.8812273086237794, "windAvg": 2.103580759999999, "temp": 31.611111111111114, "humidity": 58.0, "direction": "N", "rainHour": 0.0, "pressure": 1000.25}