{"windPeak": 4.1916073390680655, "windAvg": 2.61225182, "temp": 28.11111111111111, "humidity": 73.0, "direction": "N", "rainHour": 0.0, "pressure": 1001.0625}