{"windPeak": 2.066927074969488e-25, "windAvg": 0.0, "temp": 12.000000000000002, "humidity": 87.0, "direction": "N", "rainHour": 0.0, "pressure": 1013.0}