{"windPeak": 3.718560906300987, "windAvg": 1.4432478800000001, "temp": 25.61111111111111, "humidity": 75.0, "direction": "N", "rainHour": 0.0, "pressure": 1002.0}