{"windPeak": 4.226759097646107, "windAvg": 1.8727326799999988, "temp": 21.888888888888893, "humidity": 52.0, "direction": "N", "rainHour": 0.0, "pressure": 1002.5625}