{"windPeak": 12.675875025326691, "windAvg": 2.89589082, "temp": 17.5, "humidity": 77.0, "direction": "N", "rainHour": 0.0, "pressure": 1006.25}