{"windPeak": 2.536052431894972, "windAvg": 1.1676618000000003, "temp": 24.111111111111114, "humidity": 72.0, "direction": "N", "rainHour": 0.0, "pressure": 1004.5}