{"windPeak": 3.7097716328593, "windAvg": 1.1041338400000003, "temp": 19.777777777777775, "humidity": 67.0, "direction": "N", "rainHour": 0.0, "pressure": 1005.375}