{"windPeak": 3.7293867946080907, "windAvg": 2.1563716000000004, "temp": 33.611111111111114, "humidity": 55.0, "direction": "N", "rainHour": 0.0, "pressure": 1000.875}