{"windPeak": 5.238682904521615, "windAvg": 3.1164491400000003, "temp": 26.888888888888893, "humidity": 52.0, "direction": "N", "rainHour": 0.0, "pressure": 1002.6875}