{"windPeak": 3.1987155578769793, "windAvg": 1.8933121599999996, "temp": 23.88888888888889, "humidity": 77.0, "direction": "N", "rainHour": 0.0, "pressure": 1006.375}