{"windPeak": 2.266462915358693e-09, "windAvg": 0.0, "temp": 21.500000000000004, "humidity": 77.0, "direction": "N", "rainHour": 0.0, "pressure": 991.0625}