{"windPeak": 0.3683844993920412, "windAvg": 0.0, "temp": 21.500000000000004, "humidity": 68.0, "direction": "N", "rainHour": 0.0, "pressure": 1008.875}