{"windPeak": 1.100165887669559e-47, "windAvg": 0.0, "temp": 25.388888888888893, "humidity": 85.0, "direction": "N", "rainHour": 0.0, "pressure": 1000.0625}