{"windPeak": 3.171402188798541e-29, "windAvg": 0.0, "temp": 12.222222222222223, "humidity": 85.0, "direction": "N", "rainHour": 0.0, "pressure": 1012.875}