{"windPeak": 4.010380316982635, "windAvg": 0.19192604, "temp": 25.27777777777778, "humidity": 82.0, "direction": "N", "rainHour": 0.0, "pressure": 987.5625}