{"windPeak": 3.220854202731158, "windAvg": 2.2109519599999996, "temp": 33.77777777777778, "humidity": 62.0, "direction": "N", "rainHour": 0.0, "pressure": 999.5}