{"windPeak": 1.6043903852351467, "windAvg": 0.37893086, "temp": 14.777777777777779, "humidity": 62.0, "direction": "N", "rainHour": 0.0, "pressure": 1000.875}