{"windPeak": 4.476535052371968, "windAvg": 2.66370054, "temp": 25.27777777777778, "humidity": 49.0, "direction": "N", "rainHour": 0.0, "pressure": 999.75}