{"windPeak": 1.7152560570418423, "windAvg": 0.111845, "temp": 20.777777777777782, "humidity": 70.0, "direction": "N", "rainHour": 0.0, "pressure": 1010.1875}