{"windPeak": 7.3444822571985595, "windAvg": 3.2685583999999994, "temp": 8.222222222222221, "humidity": 78.0, "direction": "N", "rainHour": 0.0, "pressure": 1004.5}