{"windPeak": 5.178170112213485e-32, "windAvg": 0.0, "temp": 10.222222222222221, "humidity": 85.0, "direction": "N", "rainHour": 0.0, "pressure": 1004.25}