{"windPeak": 5.516560576204162, "windAvg": 2.72096522, "temp": 24.88888888888889, "humidity": 56.0, "direction": "N", "rainHour": 0.0, "pressure": 1005.0}