{"windPeak": 5.549400649892342e-29, "windAvg": 0.0, "temp": 10.722222222222221, "humidity": 85.0, "direction": "N", "rainHour": 0.0, "pressure": 1004.0}