{"windPeak": 2.133255444651858e-13, "windAvg": 0.0, "temp": 20.72222222222222, "humidity": 76.0, "direction": "N", "rainHour": 0.0, "pressure": 1005.6875}