{"windPeak": 6.554875101470712, "windAvg": 2.4561162000000003, "temp": 24.777777777777775, "humidity": 56.0, "direction": "N", "rainHour": 0.0, "pressure": 1005.0}