{"windPeak": 1.8918635708286158, "windAvg": 0.08902861999999999, "temp": 31.611111111111114, "humidity": 47.0, "direction": "N", "rainHour": 0.0, "pressure": 1001.75}