{"windPeak": 3.3517946054051504, "windAvg": 2.0154468999999997, "temp": 24.777777777777775, "humidity": 74.0, "direction": "N", "rainHour": 0.0, "pressure": 989.375}