{"windPeak": 3.2440805098236947, "windAvg": 0.86210126, "temp": 27.222222222222225, "humidity": 74.0, "direction": "N", "rainHour": 0.0, "pressure": 1002.75}