{"windPeak": 2.015213917243355, "windAvg": 0.07650198, "temp": 12.222222222222223, "humidity": 83.0, "direction": "N", "rainHour": 0.0, "pressure": 1007.5625}