{"windPeak": 5.04921974810389, "windAvg": 2.3447185800000003, "temp": 29.61111111111111, "humidity": 54.0, "direction": "N", "rainHour": 0.0, "pressure": 1006.0}