{"windPeak": 4.8199863212693845, "windAvg": 2.9598661600000002, "temp": 23.88888888888889, "humidity": 58.0, "direction": "N", "rainHour": 0.0, "pressure": 1008.5625}