{"windPeak": 1.60982340437111, "windAvg": 0.09931836000000001, "temp": 14.27777777777778, "humidity": 84.0, "direction": "N", "rainHour": 0.0, "pressure": 1005.5}