{"windPeak": 3.8163532336973285, "windAvg": 2.24182118, "temp": -40.0, "humidity": 0.0, "direction": "N", "rainHour": 0.0, "pressure": 1006.75}