{"windPeak": 6.449524714451537e-51, "windAvg": 0.0, "temp": 19.88888888888889, "humidity": 70.0, "direction": "N", "rainHour": 0.0, "pressure": 1013.75}