{"windPeak": 6.170087431353504e-23, "windAvg": 0.0, "temp": 21.11111111111111, "humidity": 83.0, "direction": "N", "rainHour": 0.0, "pressure": 1005.0}