{"windPeak": 2.5515766328608898, "windAvg": 0.91354996, "temp": 32.611111111111114, "humidity": 40.0, "direction": "N", "rainHour": 0.0, "pressure": 1008.25}