{"windPeak": 3.1461161860692464, "windAvg": 0.5547512, "temp": 20.777777777777782, "humidity": 71.0, "direction": "N", "rainHour": 0.0, "pressure": 1008.375}