{"windPeak": 6.549445548487667, "windAvg": 3.5463813400000017, "temp": 25.27777777777778, "humidity": 37.0, "direction": "N", "rainHour": 0.0, "pressure": 1007.25}