{"windPeak": 3.935235951432639, "windAvg": 2.6122518199999996, "temp": 28.277777777777782, "humidity": 47.0, "direction": "N", "rainHour": 0.0, "pressure": 1008.25}