{"windPeak": 5.029570795534579, "windAvg": 2.7003857199999994, "temp": 22.5, "humidity": 73.0, "direction": "N", "rainHour": 0.0, "pressure": 996.1875}