{"windPeak": 5.787463637399697, "windAvg": 2.8592056400000008, "temp": 29.22222222222222, "humidity": 55.0, "direction": "N", "rainHour": 0.0, "pressure": 1006.0625}