{"windPeak": 2.8166951555947506, "windAvg": 0.5413298, "temp": 14.500000000000002, "humidity": 77.0, "direction": "N", "rainHour": 0.0, "pressure": 1004.0625}