{"windPeak": 0.015690892166210453, "windAvg": 0.0, "temp": 18.22222222222222, "humidity": 82.0, "direction": "N", "rainHour": 0.0, "pressure": 1009.75}