{"windPeak": 0.2754223711970309, "windAvg": 0.0, "temp": 21.999999999999996, "humidity": 83.0, "direction": "N", "rainHour": 0.0, "pressure": 1003.1875}