{"windPeak": 1.117530643381459e-28, "windAvg": 0.0, "temp": 22.888888888888893, "humidity": 87.0, "direction": "N", "rainHour": 0.0, "pressure": 1000.375}