{"windPeak": 0.005170131641620941, "windAvg": 0.0, "temp": 29.388888888888893, "humidity": 67.0, "direction": "N", "rainHour": 0.0, "pressure": 1001.5625}