{"windPeak": 3.0792146908059683, "windAvg": 1.838284419999999, "temp": 33.388888888888886, "humidity": 54.0, "direction": "N", "rainHour": 0.0, "pressure": 1007.375}