{"windPeak": 3.0733043774910493, "windAvg": 1.1233711800000001, "temp": 23.388888888888886, "humidity": 78.0, "direction": "N", "rainHour": 0.0, "pressure": 989.375}