{"windPeak": 0.0002886157405511101, "windAvg": 0.0, "temp": 27.611111111111114, "humidity": 67.0, "direction": "N", "rainHour": 0.0, "pressure": 1005.6875}