{"windPeak": 1.3875178789857928e-40, "windAvg": 0.0, "temp": 24.499999999999996, "humidity": 80.0, "direction": "N", "rainHour": 0.0, "pressure": 1007.75}