{"windPeak": 3.164801361228359, "windAvg": 1.6794645199999994, "temp": 30.500000000000004, "humidity": 46.0, "direction": "N", "rainHour": 0.0, "pressure": 1013.5}