{"windPeak": 4.293580549221392, "windAvg": 2.0601849199999993, "temp": 23.5, "humidity": 86.0, "direction": "N", "rainHour": 0.0, "pressure": 994.0625}