{"windPeak": 3.722410700912165, "windAvg": 0.3243505, "temp": 28.11111111111111, "humidity": 71.0, "direction": "N", "rainHour": 0.0, "pressure": 1003.1875}