{"windPeak": 11.977374121674334, "windAvg": 4.6393308000000015, "temp": 13.222222222222221, "humidity": 62.0, "direction": "N", "rainHour": 0.0, "pressure": 1003.5}