{"windPeak": 2.2363023717178785, "windAvg": 0.15300396, "temp": 24.000000000000004, "humidity": 84.0, "direction": "N", "rainHour": 0.0, "pressure": 1001.0625}