{"windPeak": 1.8957619256255473e-16, "windAvg": 0.0, "temp": 20.388888888888893, "humidity": 77.0, "direction": "N", "rainHour": 0.0, "pressure": 1005.5625}