{"windPeak": 4.033335960178197, "windAvg": 2.28074324, "temp": 22.722222222222225, "humidity": 64.0, "direction": "N", "rainHour": 0.0, "pressure": 1002.0}