{"windPeak": 1.0527086973856037, "windAvg": 0.02281638, "temp": 25.72222222222222, "humidity": 52.0, "direction": "N", "rainHour": 0.0, "pressure": 1004.5625}