{"windPeak": 0.08536836770725657, "windAvg": 0.0, "temp": 24.277777777777782, "humidity": 62.0, "direction": "N", "rainHour": 0.0, "pressure": 1008.5625}