{"windPeak": 2.6083993407213173, "windAvg": 1.3779304000000006, "temp": 25.0, "humidity": 68.0, "direction": "N", "rainHour": 0.0, "pressure": 1004.6875}