{"windPeak": 5.119658232999319, "windAvg": 3.281085000000002, "temp": 26.0, "humidity": 51.0, "direction": "N", "rainHour": 0.0, "pressure": 1003.0625}