{"windPeak": 3.6813903407070248, "windAvg": 2.2418211799999996, "temp": 15.888888888888891, "humidity": 71.0, "direction": "N", "rainHour": 0.0, "pressure": 1004.6875}