{"windPeak": 3.19876700000001, "windAvg": 1.727334180000001, "temp": 23.277777777777782, "humidity": 51.0, "direction": "N", "rainHour": 0.0, "pressure": 1006.0625}