{"windPeak": 6.417051168409797e-24, "windAvg": 0.0, "temp": 20.72222222222222, "humidity": 72.0, "direction": "N", "rainHour": 0.0, "pressure": 1007.75}