{"windPeak": 4.68897372859167, "windAvg": 2.7974671400000006, "temp": 25.388888888888893, "humidity": 62.0, "direction": "N", "rainHour": 0.0, "pressure": 996.1875}