{"windPeak": 1.8909362148940762e-08, "windAvg": 0.0, "temp": 12.277777777777779, "humidity": 80.0, "direction": "N", "rainHour": 0.0, "pressure": 1004.0625}