{"windPeak": 2.2475312426125475e-09, "windAvg": 0.0, "temp": 27.277777777777775, "humidity": 65.0, "direction": "N", "rainHour": 0.0, "pressure": 1004.5625}