{"windPeak": 2.50851704890814, "windAvg": 0.46572258, "temp": 19.72222222222222, "humidity": 81.0, "direction": "N", "rainHour": 0.0, "pressure": 1006.0625}