{"windPeak": 1.8284813836407104e-12, "windAvg": 0.0, "temp": 9.27777777777778, "humidity": 82.0, "direction": "N", "rainHour": 0.0, "pressure": 1001.5625}