{"windPeak": 3.044431224430492, "windAvg": 1.3882201399999996, "temp": 19.61111111111111, "humidity": 84.0, "direction": "N", "rainHour": 0.0, "pressure": 998.1875}