{"windPeak": 2.884388228467667, "windAvg": 0.74667722, "temp": 13.388888888888891, "humidity": 64.0, "direction": "N", "rainHour": 0.0, "pressure": 1000.6875}