{"windPeak": 6.9678291232190706, "windAvg": 3.4868798400000016, "temp": 30.111111111111114, "humidity": 52.0, "direction": "N", "rainHour": 0.0, "pressure": 1006.375}