{"windPeak": 5.261124196987602e-35, "windAvg": 0.0, "temp": 18.22222222222222, "humidity": 70.0, "direction": "N", "rainHour": 0.0, "pressure": 1001.25}