{"windPeak": 5.611499565463133e-22, "windAvg": 0.0, "temp": 21.27777777777778, "humidity": 79.0, "direction": "N", "rainHour": 0.0, "pressure": 1004.375}