{"windPeak": 3.5788316352495775, "windAvg": 2.05705324, "temp": 23.722222222222225, "humidity": 86.0, "direction": "N", "rainHour": 0.0, "pressure": 988.375}