{"windPeak": 1.0371741415142321e-05, "windAvg": 0.0, "temp": 14.888888888888888, "humidity": 84.0, "direction": "N", "rainHour": 0.0, "pressure": 1005.375}