{"windPeak": 0.9259997560389968, "windAvg": 0.0, "temp": 24.277777777777782, "humidity": 61.0, "direction": "N", "rainHour": 0.0, "pressure": 1009.5625}