{"windPeak": 7.90377077003957, "windAvg": 3.32224396, "temp": 21.611111111111114, "humidity": 59.0, "direction": "N", "rainHour": 0.0, "pressure": 1002.75}