{"windPeak": 4.239130564549661, "windAvg": 2.7665979199999997, "temp": 29.000000000000004, "humidity": 46.0, "direction": "N", "rainHour": 0.0, "pressure": 1008.5}