{"windPeak": 1.3868478817720998e-35, "windAvg": 0.0, "temp": 19.499999999999996, "humidity": 72.0, "direction": "N", "rainHour": 0.0, "pressure": 1003.0625}