{"windPeak": 3.737481503130551e-12, "windAvg": 0.0, "temp": 21.38888888888889, "humidity": 68.0, "direction": "N", "rainHour": 0.0, "pressure": 1002.5625}