{"windPeak": 1.5545781536055763, "windAvg": 0.21921620000000006, "temp": 20.111111111111114, "humidity": 81.0, "direction": "N", "rainHour": 0.0, "pressure": 1006.875}