{"windPeak": 7.491192305865544e-12, "windAvg": 0.0, "temp": 22.77777777777778, "humidity": 78.0, "direction": "N", "rainHour": 0.0, "pressure": 1006.375}