{"windPeak": 0.02618158828031324, "windAvg": 0.0, "temp": 22.38888888888889, "humidity": 85.0, "direction": "N", "rainHour": 0.0, "pressure": 1000.0}