{"windPeak": 5.543976999477459, "windAvg": 2.1210285799999995, "temp": 17.27777777777778, "humidity": 74.0, "direction": "N", "rainHour": 0.0, "pressure": 1010.5625}