{"windPeak": 1.6746164040588085, "windAvg": 0.0, "temp": 20.222222222222225, "humidity": 72.0, "direction": "N", "rainHour": 0.0, "pressure": 1009.25}