{"windPeak": 9.504606662703114, "windAvg": 4.412956520000002, "temp": 27.611111111111114, "humidity": 38.0, "direction": "N", "rainHour": 0.0, "pressure": 1004.875}