{"windPeak": 9.688670071225476e-23, "windAvg": 0.0, "temp": 21.500000000000004, "humidity": 79.0, "direction": "N", "rainHour": 0.0, "pressure": 1004.25}