{"windPeak": 1.9146433731242147, "windAvg": 0.2818494, "temp": 15.222222222222221, "humidity": 82.0, "direction": "N", "rainHour": 0.0, "pressure": 1004.75}