{"windPeak": 4.744258185226213, "windAvg": 2.529933939999999, "temp": 24.777777777777775, "humidity": 41.0, "direction": "N", "rainHour": 0.0, "pressure": 1010.25}