{"windPeak": 5.720452947452039e-50, "windAvg": 0.0, "temp": 18.722222222222225, "humidity": 72.0, "direction": "N", "rainHour": 0.0, "pressure": 1010.5625}