{"windPeak": 1.1987693147938774e-20, "windAvg": 0.0, "temp": 21.27777777777778, "humidity": 82.0, "direction": "N", "rainHour": 0.0, "pressure": 1005.25}