{"windPeak": 1.5787547327732296, "windAvg": 0.16776750000000004, "temp": 12.611111111111112, "humidity": 85.0, "direction": "N", "rainHour": 0.0, "pressure": 1009.75}