{"windPeak": 6.5553755762721595, "windAvg": 3.3428234800000007, "temp": 29.388888888888893, "humidity": 50.0, "direction": "N", "rainHour": 0.0, "pressure": 1007.6875}