{"windPeak": 3.0724531717591037, "windAvg": 1.4991703799999998, "temp": 18.277777777777782, "humidity": 84.0, "direction": "N", "rainHour": 0.0, "pressure": 1005.25}