{"windPeak": 4.1696109202120075, "windAvg": 1.9778669799999988, "temp": 27.38888888888889, "humidity": 51.0, "direction": "N", "rainHour": 0.0, "pressure": 1007.5}