{"windPeak": 3.1660878348037832e-52, "windAvg": 0.0, "temp": 31.72222222222222, "humidity": 57.0, "direction": "N", "rainHour": 0.0, "pressure": 1005.75}