{"windPeak": 13.151478539427254, "windAvg": 5.483089819999999, "temp": 17.38888888888889, "humidity": 48.0, "direction": "N", "rainHour": 0.0, "pressure": 1001.0}