{"windPeak": 7.6452446757177615e-19, "windAvg": 0.0, "temp": 25.61111111111111, "humidity": 70.0, "direction": "N", "rainHour": 0.0, "pressure": 1006.25}