{"windPeak": 3.134708198535337, "windAvg": 1.5072232199999995, "temp": 21.27777777777778, "humidity": 82.0, "direction": "N", "rainHour": 0.0, "pressure": 994.5}