{"windPeak": 3.089795562940222, "windAvg": 1.8302315799999993, "temp": 26.27777777777778, "humidity": 53.0, "direction": "N", "rainHour": 0.0, "pressure": 1005.6875}