{"windPeak": 0.029944451867038858, "windAvg": 0.0, "temp": 29.722222222222225, "humidity": 66.0, "direction": "N", "rainHour": 0.0, "pressure": 1001.5}