{"windPeak": 4.105886859793777, "windAvg": 2.6328313000000003, "temp": 29.722222222222225, "humidity": 38.0, "direction": "N", "rainHour": 0.0, "pressure": 1010.0625}