{"windPeak": 0.832927599672448, "windAvg": 0.0, "temp": 22.77777777777778, "humidity": 56.0, "direction": "N", "rainHour": 0.0, "pressure": 998.0}