{"windPeak": 2.8306033871621903, "windAvg": 0.53998766, "temp": 16.38888888888889, "humidity": 66.0, "direction": "N", "rainHour": 0.0, "pressure": 1007.1875}