{"windPeak": 2.6549018122600475e-52, "windAvg": 0.0, "temp": 27.888888888888893, "humidity": 63.0, "direction": "N", "rainHour": 0.0, "pressure": 1000.75}