{"windPeak": 5.159917167447152, "windAvg": 2.6842799999999993, "temp": 27.611111111111114, "humidity": 45.0, "direction": "N", "rainHour": 0.0, "pressure": 1010.1875}