{"windPeak": 6.903427558424209e-09, "windAvg": 0.0, "temp": 23.000000000000004, "humidity": 86.0, "direction": "N", "rainHour": 0.0, "pressure": 1001.0}