{"windPeak": 2.721976607348653, "windAvg": 1.8816802799999994, "temp": 18.77777777777778, "humidity": 68.0, "direction": "N", "rainHour": 0.0, "pressure": 1007.5}