{"windPeak": 4.900916472228756e-27, "windAvg": 0.0, "temp": 27.77777777777778, "humidity": 61.0, "direction": "N", "rainHour": 0.0, "pressure": 1011.375}