{"windPeak": 4.185476955440395, "windAvg": 2.315191499999999, "temp": 22.277777777777775, "humidity": 84.0, "direction": "N", "rainHour": 0.0, "pressure": 1006.75}