{"windPeak": 3.171978558723121, "windAvg": 1.8074152, "temp": 21.500000000000004, "humidity": 54.0, "direction": "N", "rainHour": 0.0, "pressure": 1004.1875}