{"windPeak": 0.13209211563841378, "windAvg": 0.0, "temp": 22.888888888888893, "humidity": 54.0, "direction": "N", "rainHour": 0.0, "pressure": 1005.0625}