{"windPeak": 2.0311329435190606, "windAvg": 1.0057102400000002, "temp": 24.22222222222222, "humidity": 44.0, "direction": "N", "rainHour": 0.0, "pressure": 1005.75}