{"windPeak": 0.43555179645826586, "windAvg": 0.15076706, "temp": 32.72222222222223, "humidity": 54.0, "direction": "N", "rainHour": 0.0, "pressure": 1007.875}