{"windPeak": 3.5401620567573224, "windAvg": 2.0579479999999992, "temp": 16.222222222222225, "humidity": 86.0, "direction": "N", "rainHour": 0.0, "pressure": 1007.375}