{"windPeak": 6.137893573931709e-10, "windAvg": 0.0, "temp": 18.000000000000004, "humidity": 71.0, "direction": "N", "rainHour": 0.0, "pressure": 1000.0}