{"windPeak": 6.19010131441664, "windAvg": 2.0217102199999997, "temp": 21.38888888888889, "humidity": 58.0, "direction": "N", "rainHour": 0.0, "pressure": 1002.6875}