{"windPeak": 0.8982759188509377, "windAvg": 0.0559225, "temp": 19.61111111111111, "humidity": 76.0, "direction": "N", "rainHour": 0.0, "pressure": 1009.1875}