{"windPeak": 2.4937535029782545, "windAvg": 0.24426947999999996, "temp": 22.5, "humidity": 49.0, "direction": "N", "rainHour": 0.0, "pressure": 1008.5}