{"windPeak": 3.3406991125283065, "windAvg": 0.6759911799999999, "temp": 21.222222222222225, "humidity": 84.0, "direction": "N", "rainHour": 0.0, "pressure": 1002.0625}