{"windPeak": 7.287764581494855, "windAvg": 3.754413080000001, "temp": 29.61111111111111, "humidity": 41.0, "direction": "N", "rainHour": 0.0, "pressure": 1009.6875}