{"windPeak": 5.996954435741407, "windAvg": 4.145423300000002, "temp": 26.999999999999996, "humidity": 50.0, "direction": "N", "rainHour": 0.0, "pressure": 1002.5}