{"windPeak": 7.728127194220603, "windAvg": 3.8676002600000015, "temp": 9.500000000000002, "humidity": 75.0, "direction": "N", "rainHour": 0.0, "pressure": 1004.5625}