{"windPeak": 1.201298626304664, "windAvg": 0.04563276, "temp": 25.61111111111111, "humidity": 51.0, "direction": "N", "rainHour": 0.0, "pressure": 1004.5625}