{"windPeak": 3.161470526577375, "windAvg": 0.91220782, "temp": 26.888888888888893, "humidity": 49.0, "direction": "N", "rainHour": 0.0, "pressure": 1014.375}