{"windPeak": 1.3307518608298359, "windAvg": 0.02281638, "temp": 16.77777777777778, "humidity": 68.0, "direction": "N", "rainHour": 0.0, "pressure": 1007.5625}