{"windPeak": 1.2081541527682435e-26, "windAvg": 0.0, "temp": 19.61111111111111, "humidity": 66.0, "direction": "N", "rainHour": 0.0, "pressure": 1008.5}