{"windPeak": 1.2665521942994782e-13, "windAvg": 0.0, "temp": 25.111111111111114, "humidity": 79.0, "direction": "N", "rainHour": 0.0, "pressure": 1000.875}