{"windPeak": 1.924947146683604, "windAvg": 0.32524526000000004, "temp": 25.0, "humidity": 54.0, "direction": "N", "rainHour": 0.0, "pressure": 1009.375}