{"windPeak": 8.94049464045114e-33, "windAvg": 0.0, "temp": 10.388888888888891, "humidity": 85.0, "direction": "N", "rainHour": 0.0, "pressure": 1004.25}