{"windPeak": 1.2509789949721014e-08, "windAvg": 0.0, "temp": 17.27777777777778, "humidity": 75.0, "direction": "N", "rainHour": 0.0, "pressure": 1011.875}