{"windPeak": 2.181344731610292e-21, "windAvg": 0.0, "temp": 12.722222222222221, "humidity": 78.0, "direction": "N", "rainHour": 0.0, "pressure": 1003.75}