{"windPeak": 4.241506978655087, "windAvg": 1.1636353799999999, "temp": 22.77777777777778, "humidity": 55.0, "direction": "N", "rainHour": 0.0, "pressure": 1002.6875}