{"windPeak": 1.874729045934146e-39, "windAvg": 0.0, "temp": 21.11111111111111, "humidity": 69.0, "direction": "N", "rainHour": 0.0, "pressure": 1012.75}