{"windPeak": 1.7019720027896992, "windAvg": 0.30466578000000005, "temp": 19.72222222222222, "humidity": 61.0, "direction": "N", "rainHour": 0.0, "pressure": 1006.75}