{"windPeak": 0.8202598643719329, "windAvg": 0.0, "temp": 29.61111111111111, "humidity": 48.0, "direction": "N", "rainHour": 0.0, "pressure": 1007.75}