{"windPeak": 4.158564190088225, "windAvg": 2.6328313, "temp": 25.222222222222225, "humidity": 55.0, "direction": "N", "rainHour": 0.0, "pressure": 1003.1875}