{"windPeak": 1.0107768848307084, "windAvg": 0.0, "temp": 21.72222222222222, "humidity": 78.0, "direction": "N", "rainHour": 0.0, "pressure": 1011.5625}