{"windPeak": 3.2344009735423365, "windAvg": 2.1035807599999994, "temp": 36.0, "humidity": 50.0, "direction": "N", "rainHour": 0.0, "pressure": 1001.0625}