{"windPeak": 3.4834004150692146, "windAvg": 0.4863020599999999, "temp": 6.7777777777777795, "humidity": 77.0, "direction": "N", "rainHour": 0.0, "pressure": 1005.6875}