{"windPeak": 4.655455576948236, "windAvg": 2.6534108000000005, "temp": 33.00000000000001, "humidity": 56.0, "direction": "N", "rainHour": 0.0, "pressure": 1000.6875}