{"windPeak": 3.4994384462231625, "windAvg": 1.8637850800000009, "temp": 15.777777777777779, "humidity": 87.0, "direction": "N", "rainHour": 0.0, "pressure": 1004.5625}