{"windPeak": 4.231775165186992, "windAvg": 2.8592055800000007, "temp": 27.611111111111114, "humidity": 63.0, "direction": "N", "rainHour": 0.0, "pressure": 1007.6875}