{"windPeak": 4.8654153942775515, "windAvg": 3.1370286400000014, "temp": 19.61111111111111, "humidity": 87.0, "direction": "N", "rainHour": 0.0, "pressure": 995.1875}