{"windPeak": 5.133499940351565e-34, "windAvg": 0.0, "temp": 18.388888888888886, "humidity": 82.0, "direction": "N", "rainHour": 0.0, "pressure": 999.75}