{"windPeak": 4.5145579925018335, "windAvg": 2.4887749400000003, "temp": 20.777777777777782, "humidity": 59.0, "direction": "N", "rainHour": 0.0, "pressure": 1004.0}