{"windPeak": 5.8008168461625065, "windAvg": 2.7075438199999997, "temp": 32.72222222222223, "humidity": 42.0, "direction": "N", "rainHour": 0.0, "pressure": 1006.875}