{"windPeak": 2.2447931731815367, "windAvg": 1.1345556800000005, "temp": 27.38888888888889, "humidity": 63.0, "direction": "N", "rainHour": 0.0, "pressure": 1004.6875}