{"windPeak": 7.96148956973081e-09, "windAvg": 0.0, "temp": 21.500000000000004, "humidity": 75.0, "direction": "N", "rainHour": 0.0, "pressure": 1006.6875}