{"windPeak": 0.1226955939528887, "windAvg": 0.0, "temp": 21.38888888888889, "humidity": 52.0, "direction": "N", "rainHour": 0.0, "pressure": 1008.5}