{"windPeak": 1.5446450124987229e-06, "windAvg": 0.0, "temp": 23.11111111111111, "humidity": 71.0, "direction": "N", "rainHour": 0.0, "pressure": 1009.0}