{"windPeak": 7.936791105347982, "windAvg": 1.95549802, "temp": 30.388888888888893, "humidity": 37.0, "direction": "N", "rainHour": 0.0, "pressure": 1009.5}