{"windPeak": 3.707980903027608, "windAvg": 2.4784852, "temp": 30.500000000000004, "humidity": 57.0, "direction": "N", "rainHour": 0.0, "pressure": 1011.5625}