{"windPeak": 7.186465850144584e-05, "windAvg": 0.0, "temp": 25.500000000000004, "humidity": 56.0, "direction": "N", "rainHour": 0.0, "pressure": 1007.5}