{"windPeak": 4.040471982229247, "windAvg": 2.3961673, "temp": 32.27777777777778, "humidity": 29.0, "direction": "N", "rainHour": 0.0, "pressure": 1007.0625}