{"windPeak": 4.42851197773923, "windAvg": 3.075290140000001, "temp": 23.22222222222222, "humidity": 76.0, "direction": "N", "rainHour": 0.0, "pressure": 1004.5}