{"windPeak": 4.667587135059835e-09, "windAvg": 0.0, "temp": 26.999999999999996, "humidity": 76.0, "direction": "N", "rainHour": 0.0, "pressure": 1002.0625}