{"windPeak": 1.4030750179757032e-29, "windAvg": 0.0, "temp": 24.499999999999996, "humidity": 79.0, "direction": "N", "rainHour": 0.0, "pressure": 1003.0}