{"windPeak": 3.9328594065709384, "windAvg": 2.0521320599999995, "temp": 17.38888888888889, "humidity": 88.0, "direction": "N", "rainHour": 0.0, "pressure": 993.5625}