{"windPeak": 4.088795316690417, "windAvg": 2.2351104799999995, "temp": 19.000000000000004, "humidity": 87.0, "direction": "N", "rainHour": 0.01, "pressure": 996.5}