{"windPeak": 3.779933253531868, "windAvg": 0.50822368, "temp": 32.88888888888889, "humidity": 49.0, "direction": "N", "rainHour": 0.0, "pressure": 1011.375}