{"windPeak": 8.474439461918996, "windAvg": 2.8672584799999994, "temp": 13.499999999999998, "humidity": 88.0, "direction": "N", "rainHour": 0.0, "pressure": 1003.5}