{"windPeak": 3.6459371643563565, "windAvg": 2.0955279199999994, "temp": 25.777777777777782, "humidity": 64.0, "direction": "N", "rainHour": 0.0, "pressure": 1007.5}