{"windPeak": 3.2008971567217746, "windAvg": 1.7845988199999996, "temp": 32.77777777777778, "humidity": 41.0, "direction": "N", "rainHour": 0.0, "pressure": 1006.25}