{"windPeak": 1.0814783377480625e-05, "windAvg": 0.0, "temp": 19.27777777777778, "humidity": 57.0, "direction": "N", "rainHour": 0.0, "pressure": 1007.0}