{"windPeak": 5.271834114018559, "windAvg": 2.8592056800000005, "temp": 28.11111111111111, "humidity": 39.0, "direction": "N", "rainHour": 0.0, "pressure": 1004.0625}