{"windPeak": 2.6726176515218634, "windAvg": 1.3390083400000006, "temp": 39.72222222222222, "humidity": 46.0, "direction": "N", "rainHour": 0.0, "pressure": 1000.0}