{"windPeak": 8.456715532688893, "windAvg": 3.1987671199999994, "temp": 26.222222222222225, "humidity": 37.0, "direction": "N", "rainHour": 0.0, "pressure": 997.75}