{"windPeak": 5.219878071632888, "windAvg": 3.524783361702129, "temp": 9.500000000000002, "humidity": 62.0, "direction": "N", "rainHour": 0.0, "pressure": 1006.0}