{"windPeak": 4.425264624051347, "windAvg": 2.44761598, "temp": 36.611111111111114, "humidity": 36.0, "direction": "N", "rainHour": 0.0, "pressure": 1008.75}