{"windPeak": 4.251899691394139e-07, "windAvg": 0.0, "temp": 25.111111111111114, "humidity": 62.0, "direction": "N", "rainHour": 0.0, "pressure": 1009.375}