{"windPeak": 0.00011143123621624674, "windAvg": 0.0, "temp": 25.388888888888893, "humidity": 77.0, "direction": "N", "rainHour": 0.0, "pressure": 1002.6875}