{"windPeak": 0.06798234999717029, "windAvg": 0.0, "temp": 25.27777777777778, "humidity": 69.0, "direction": "N", "rainHour": 0.0, "pressure": 1005.1875}