{"windPeak": 0.7078900451040384, "windAvg": 0.0, "temp": 25.500000000000004, "humidity": 47.0, "direction": "N", "rainHour": 0.0, "pressure": 1002.75}