{"windPeak": 5.572100597543229, "windAvg": 2.5701981400000005, "temp": 29.000000000000004, "humidity": 37.0, "direction": "N", "rainHour": 0.0, "pressure": 1006.75}