{"windPeak": 0.010081205382157683, "windAvg": 0.0, "temp": 21.72222222222222, "humidity": 72.0, "direction": "N", "rainHour": 0.0, "pressure": 1005.75}