{"windPeak": 4.169578728706994, "windAvg": 2.5710928599999994, "temp": -40.0, "humidity": 0.0, "direction": "N", "rainHour": 0.0, "pressure": 1007.375}