{"windPeak": 3.169413775901935, "windAvg": 2.0566058599999995, "temp": 16.722222222222225, "humidity": 59.0, "direction": "N", "rainHour": 0.0, "pressure": 1005.75}