{"windPeak": 11.22797598440861, "windAvg": 5.966707479999999, "temp": 19.000000000000004, "humidity": 47.0, "direction": "N", "rainHour": 0.0, "pressure": 999.375}