{"windPeak": 0.759700249982974, "windAvg": 0.0, "temp": 20.888888888888886, "humidity": 81.0, "direction": "N", "rainHour": 0.0, "pressure": 1005.75}