{"windPeak": 4.058040245076444, "windAvg": 1.9778669799999997, "temp": 32.88888888888889, "humidity": 47.0, "direction": "N", "rainHour": 0.0, "pressure": 1011.75}