{"windPeak": 5.508065480415091, "windAvg": 0.6464640999999999, "temp": 21.77777777777778, "humidity": 83.0, "direction": "N", "rainHour": 0.0, "pressure": 1007.0625}