{"windPeak": 3.6489532223461536, "windAvg": 0.69433378, "temp": 21.38888888888889, "humidity": 80.0, "direction": "N", "rainHour": 0.0, "pressure": 1007.25}