{"windPeak": 2.635628547510776, "windAvg": 0.34582473999999996, "temp": 26.222222222222225, "humidity": 72.0, "direction": "N", "rainHour": 0.0, "pressure": 1000.75}