{"windPeak": 4.128433829186936, "windAvg": 0.8643381600000004, "temp": 24.388888888888893, "humidity": 81.0, "direction": "N", "rainHour": 0.0, "pressure": 1001.75}