{"windPeak": 4.428387276642847, "windAvg": 2.4968278, "temp": 23.88888888888889, "humidity": 86.0, "direction": "N", "rainHour": 0.0, "pressure": 993.0}