{"windPeak": 3.7583307810594255, "windAvg": 1.6660431199999999, "temp": 19.000000000000004, "humidity": 87.0, "direction": "N", "rainHour": 0.0, "pressure": 995.75}