{"windPeak": 1.135070199416293, "windAvg": 0.06844914, "temp": 24.111111111111114, "humidity": 48.0, "direction": "N", "rainHour": 0.0, "pressure": 1004.375}