{"windPeak": 1.4649979271539899e-46, "windAvg": 0.0, "temp": 13.722222222222225, "humidity": 84.0, "direction": "N", "rainHour": 0.0, "pressure": 1004.25}