{"windPeak": 5.789855640428222, "windAvg": 3.785282400000002, "temp": 26.777777777777782, "humidity": 40.0, "direction": "N", "rainHour": 0.0, "pressure": 1007.6875}