{"windPeak": 3.6905212292324054e-46, "windAvg": 0.0, "temp": 26.500000000000004, "humidity": 81.0, "direction": "N", "rainHour": 0.0, "pressure": 1000.1875}