{"windPeak": 3.6791986439888777, "windAvg": 1.1900308000000002, "temp": -40.0, "humidity": 0.0, "direction": "N", "rainHour": 0.0, "pressure": 1007.25}