{"windPeak": 2.048522559646904e-05, "windAvg": 0.0, "temp": 17.22222222222222, "humidity": 73.0, "direction": "N", "rainHour": 0.0, "pressure": 1003.75}