{"windPeak": 2.128618373250446, "windAvg": 0.17805724, "temp": 12.277777777777779, "humidity": 83.0, "direction": "N", "rainHour": 0.0, "pressure": 1007.5}