{"windPeak": 3.554367418329266, "windAvg": 1.80115188, "temp": 33.5, "humidity": 35.0, "direction": "N", "rainHour": 0.0, "pressure": 1007.0625}