{"windPeak": 8.501499239579093e-05, "windAvg": 0.0, "temp": 19.388888888888893, "humidity": 85.0, "direction": "N", "rainHour": 0.01, "pressure": 1004.5625}