{"windPeak": 3.0081583692613614, "windAvg": 0.31853456, "temp": 31.611111111111114, "humidity": 63.0, "direction": "N", "rainHour": 0.0, "pressure": 1001.1875}