{"windPeak": 6.257973223203049, "windAvg": 2.69233292, "temp": 29.000000000000004, "humidity": 34.0, "direction": "N", "rainHour": 0.0, "pressure": 1005.5625}