{"windPeak": 4.283317084172446e-21, "windAvg": 0.0, "temp": 21.38888888888889, "humidity": 75.0, "direction": "N", "rainHour": 0.0, "pressure": 1009.0}