{"windPeak": 1.856326941756118, "windAvg": 0.0, "temp": 22.11111111111111, "humidity": 83.0, "direction": "N", "rainHour": 0.0, "pressure": 989.375}