{"windPeak": 2.935343872876994, "windAvg": 1.2195578799999998, "temp": 22.611111111111114, "humidity": 82.0, "direction": "N", "rainHour": 0.0, "pressure": 989.5}