{"windPeak": 1.374900933394416e-32, "windAvg": 0.0, "temp": 21.77777777777778, "humidity": 70.0, "direction": "N", "rainHour": 0.0, "pressure": 1012.375}