{"windPeak": 3.195141058287486, "windAvg": 1.1770567800000002, "temp": 29.499999999999996, "humidity": 48.0, "direction": "N", "rainHour": 0.0, "pressure": 1002.875}