{"windPeak": 0.9566577666809482, "windAvg": 0.0, "temp": 28.77777777777778, "humidity": 69.0, "direction": "N", "rainHour": 0.0, "pressure": 1001.5625}