{"windPeak": 2.600302715908956e-42, "windAvg": 0.0, "temp": 23.22222222222222, "humidity": 77.0, "direction": "N", "rainHour": 0.0, "pressure": 1007.875}