{"windPeak": 0.062448667309185316, "windAvg": 0.0, "temp": 22.77777777777778, "humidity": 79.0, "direction": "N", "rainHour": 0.0, "pressure": 1001.75}