{"windPeak": 1.926843115427068e-13, "windAvg": 0.0, "temp": 22.22222222222222, "humidity": 63.0, "direction": "N", "rainHour": 0.0, "pressure": 1003.875}