{"windPeak": 0.19047421975817164, "windAvg": 0.0, "temp": 23.22222222222222, "humidity": 80.0, "direction": "N", "rainHour": 0.0, "pressure": 1008.0625}