{"windPeak": 4.32298848496439e-06, "windAvg": 0.0, "temp": 24.111111111111114, "humidity": 76.0, "direction": "N", "rainHour": 0.0, "pressure": 1005.75}