{"windPeak": 3.8056992602149444, "windAvg": 1.6915437800000004, "temp": 31.27777777777778, "humidity": 50.0, "direction": "N", "rainHour": 0.0, "pressure": 1012.0}