{"windPeak": 7.154667503094748, "windAvg": 2.9826825, "temp": 24.777777777777775, "humidity": 38.0, "direction": "N", "rainHour": 0.0, "pressure": 1010.375}