{"windPeak": 6.438811603291495e-11, "windAvg": 0.0, "temp": 15.722222222222221, "humidity": 79.0, "direction": "N", "rainHour": 0.0, "pressure": 1011.875}