{"windPeak": 1.2521684794148266e-13, "windAvg": 0.0, "temp": 23.22222222222222, "humidity": 80.0, "direction": "N", "rainHour": 0.0, "pressure": 1003.5}