{"windPeak": 6.756458045532921e-11, "windAvg": 0.0, "temp": 21.611111111111114, "humidity": 77.0, "direction": "N", "rainHour": 0.0, "pressure": 991.25}