{"windPeak": 3.7468305771536192, "windAvg": 1.6763328600000003, "temp": 29.499999999999996, "humidity": 41.0, "direction": "N", "rainHour": 0.0, "pressure": 1010.6875}