{"windPeak": 0.2620647594410701, "windAvg": 0.0, "temp": 25.111111111111114, "humidity": 80.0, "direction": "N", "rainHour": 0.0, "pressure": 1003.0625}