{"windPeak": 3.0059410878357564, "windAvg": 0.25455922000000003, "temp": 21.611111111111114, "humidity": 68.0, "direction": "N", "rainHour": 0.0, "pressure": 1008.75}