{"windPeak": 8.93323906578249e-12, "windAvg": 0.0, "temp": 19.61111111111111, "humidity": 64.0, "direction": "N", "rainHour": 0.0, "pressure": 1006.25}