{"windPeak": 5.95262613387617, "windAvg": 2.7746507999999994, "temp": 27.11111111111111, "humidity": 38.0, "direction": "N", "rainHour": 0.0, "pressure": 1006.75}