{"windPeak": 4.49662107691147, "windAvg": 2.3858775400000005, "temp": 34.0, "humidity": 52.0, "direction": "N", "rainHour": 0.0, "pressure": 1007.25}