{"windPeak": 4.67730660330168, "windAvg": 2.7871774000000005, "temp": 34.77777777777778, "humidity": 36.0, "direction": "N", "rainHour": 0.0, "pressure": 1006.375}