{"windPeak": 5.191888217840391, "windAvg": 2.33442886, "temp": 23.61111111111111, "humidity": 71.0, "direction": "N", "rainHour": 0.0, "pressure": 1001.375}