{"windPeak": 4.250174379974234, "windAvg": 2.0525794399999997, "temp": 15.888888888888891, "humidity": 87.0, "direction": "N", "rainHour": 0.0, "pressure": 1006.75}