{"windPeak": 3.694046784748614, "windAvg": 2.26240066, "temp": -40.0, "humidity": 0.0, "direction": "N", "rainHour": 0.0, "pressure": 1003.1875}