{"windPeak": 1.9839746753771363, "windAvg": 0.31495552000000004, "temp": 19.000000000000004, "humidity": 84.0, "direction": "N", "rainHour": 0.0, "pressure": 989.0625}