{"windPeak": 6.768592780548508, "windAvg": 4.382087380000002, "temp": 26.0, "humidity": 53.0, "direction": "N", "rainHour": 0.0, "pressure": 992.75}