{"windPeak": 2.430416413991222e-49, "windAvg": 0.0, "temp": 19.27777777777778, "humidity": 75.0, "direction": "N", "rainHour": 0.0, "pressure": 1007.1875}