{"windPeak": 0.00039451074986278936, "windAvg": 0.0, "temp": 21.999999999999996, "humidity": 73.0, "direction": "N", "rainHour": 0.0, "pressure": 1011.875}