{"windPeak": 6.9425661265442555e-06, "windAvg": 0.0, "temp": 23.88888888888889, "humidity": 82.0, "direction": "N", "rainHour": 0.0, "pressure": 1003.5}