{"windPeak": 3.4838374636514353, "windAvg": 1.9675772400000002, "temp": 33.388888888888886, "humidity": 55.0, "direction": "N", "rainHour": 0.0, "pressure": 1007.5}