{"windPeak": 7.9082621140178935, "windAvg": 3.229636300000001, "temp": 23.88888888888889, "humidity": 53.0, "direction": "N", "rainHour": 0.0, "pressure": 1005.6875}