{"windPeak": 1.593377190874994, "windAvg": 0.52656626, "temp": 23.000000000000004, "humidity": 79.0, "direction": "N", "rainHour": 0.0, "pressure": 1001.5}