{"windPeak": 5.50193882534453e-46, "windAvg": 0.0, "temp": 14.61111111111111, "humidity": 85.0, "direction": "N", "rainHour": 0.0, "pressure": 1013.5625}