{"windPeak": 0.0003794518037716832, "windAvg": 0.0, "temp": 19.499999999999996, "humidity": 63.0, "direction": "N", "rainHour": 0.0, "pressure": 1006.5625}