{"windPeak": 6.711825474425868e-17, "windAvg": 0.0, "temp": 21.222222222222225, "humidity": 68.0, "direction": "N", "rainHour": 0.0, "pressure": 1004.1875}