{"windPeak": 2.0405092043959397e-17, "windAvg": 0.0, "temp": 24.277777777777782, "humidity": 81.0, "direction": "N", "rainHour": 0.0, "pressure": 1001.25}