{"windPeak": 1.8631209870685264, "windAvg": 0.24426948000000004, "temp": 16.77777777777778, "humidity": 64.0, "direction": "N", "rainHour": 0.0, "pressure": 1006.6875}