{"windPeak": 0.3145111652968504, "windAvg": 0.0, "temp": 26.27777777777778, "humidity": 76.0, "direction": "N", "rainHour": 0.0, "pressure": 988.0625}