{"windPeak": 4.99575818747817, "windAvg": 3.06500042, "temp": 26.611111111111114, "humidity": 65.0, "direction": "N", "rainHour": 0.0, "pressure": 1008.0625}