{"windPeak": 1.0405115913956219e-36, "windAvg": 0.0, "temp": 21.611111111111114, "humidity": 83.0, "direction": "N", "rainHour": 0.0, "pressure": 1004.375}