{"windPeak": 6.553437923503223, "windAvg": 3.21934654, "temp": 21.27777777777778, "humidity": 59.0, "direction": "N", "rainHour": 0.0, "pressure": 1005.375}