{"windPeak": 0.6135350329759461, "windAvg": 0.0, "temp": 14.38888888888889, "humidity": 79.0, "direction": "N", "rainHour": 0.0, "pressure": 1011.25}