{"windPeak": 2.9624892192916206e-54, "windAvg": 0.0, "temp": 17.888888888888893, "humidity": 78.0, "direction": "N", "rainHour": 0.0, "pressure": 1004.875}