{"windPeak": 8.072438063212166e-39, "windAvg": 0.0, "temp": 17.611111111111114, "humidity": 75.0, "direction": "N", "rainHour": 0.0, "pressure": 1001.6875}