{"windPeak": 3.588261302750351, "windAvg": 0.8187054, "temp": 24.111111111111114, "humidity": 80.0, "direction": "N", "rainHour": 0.0, "pressure": 1002.0}