{"windPeak": 7.655689234343632e-64, "windAvg": 0.0, "temp": 22.77777777777778, "humidity": 82.0, "direction": "N", "rainHour": 0.0, "pressure": 1002.75}