{"windPeak": 8.266905613402662, "windAvg": 2.8283364199999994, "temp": 13.722222222222225, "humidity": 88.0, "direction": "N", "rainHour": 0.0, "pressure": 1002.25}