{"windPeak": 1.2849227431971317, "windAvg": 0.02281638, "temp": 17.77777777777778, "humidity": 86.0, "direction": "N", "rainHour": 0.0, "pressure": 999.0625}