{"windPeak": 3.2058574280976404, "windAvg": 2.0051571599999995, "temp": 40.38888888888889, "humidity": 47.0, "direction": "N", "rainHour": 0.0, "pressure": 999.75}