{"windPeak": 4.370256027508909, "windAvg": 2.41674678, "temp": 18.111111111111107, "humidity": 87.0, "direction": "N", "rainHour": 0.0, "pressure": 994.875}