{"windPeak": 2.051036904626529, "windAvg": 0.42143198, "temp": 32.0, "humidity": 68.0, "direction": "N", "rainHour": 0.0, "pressure": 999.5625}