{"windPeak": 2.6135140142591657, "windAvg": 0.2773756, "temp": 20.72222222222222, "humidity": 58.0, "direction": "N", "rainHour": 0.0, "pressure": 1006.6875}