{"windPeak": 9.445223321613655e-18, "windAvg": 0.0, "temp": 23.22222222222222, "humidity": 68.0, "direction": "N", "rainHour": 0.0, "pressure": 1003.6875}