{"windPeak": 4.5910858212209134e-33, "windAvg": 0.0, "temp": 24.499999999999996, "humidity": 68.0, "direction": "N", "rainHour": 0.0, "pressure": 1006.5}