{"windPeak": 5.83054691847144, "windAvg": 3.774992560000001, "temp": 33.22222222222222, "humidity": 32.0, "direction": "N", "rainHour": 0.0, "pressure": 1006.0625}