{"windPeak": 4.653182654829796e-28, "windAvg": 0.0, "temp": 20.72222222222222, "humidity": 79.0, "direction": "N", "rainHour": 0.0, "pressure": 1005.0}