{"windPeak": 2.1586315179534727, "windAvg": 0.5547512, "temp": 22.611111111111114, "humidity": 84.0, "direction": "N", "rainHour": 0.0, "pressure": 1003.75}