{"windPeak": 3.8692701359620867, "windAvg": 2.293269879999999, "temp": 20.0, "humidity": 61.0, "direction": "N", "rainHour": 0.0, "pressure": 1004.0625}