{"windPeak": 4.711520831644968, "windAvg": 2.856968680000001, "temp": 20.777777777777782, "humidity": 61.0, "direction": "N", "rainHour": 0.0, "pressure": 997.0625}