{"windPeak": 6.724498836325733, "windAvg": 2.5827247599999996, "temp": 26.38888888888889, "humidity": 49.0, "direction": "N", "rainHour": 0.0, "pressure": 1005.1875}