{"windPeak": 4.722254387536028, "windAvg": 2.60196212, "temp": 31.611111111111114, "humidity": 56.0, "direction": "N", "rainHour": 0.0, "pressure": 1006.5625}