{"windPeak": 5.773942630348327, "windAvg": 2.89365396, "temp": 15.111111111111112, "humidity": 60.0, "direction": "N", "rainHour": 0.0, "pressure": 1000.75}