{"windPeak": 1.966289646408526, "windAvg": 0.7202818000000001, "temp": 19.499999999999996, "humidity": 81.0, "direction": "N", "rainHour": 0.0, "pressure": 1005.0625}