{"windPeak": 2.747364936278297e-55, "windAvg": 0.0, "temp": 22.722222222222225, "humidity": 69.0, "direction": "N", "rainHour": 0.0, "pressure": 1010.25}