{"windPeak": 4.439821693505725, "windAvg": 2.2740325599999998, "temp": 25.222222222222225, "humidity": 73.0, "direction": "N", "rainHour": 0.0, "pressure": 1009.5}