{"windPeak": 0.0007948681434872338, "windAvg": 0.0, "temp": 25.27777777777778, "humidity": 56.0, "direction": "N", "rainHour": 0.0, "pressure": 1002.875}