{"windPeak": 8.321938940356191e-19, "windAvg": 0.0, "temp": 21.72222222222222, "humidity": 76.0, "direction": "N", "rainHour": 0.0, "pressure": 1009.0625}