{"windPeak": 0.39449727826368647, "windAvg": 0.14047732, "temp": 22.11111111111111, "humidity": 85.0, "direction": "N", "rainHour": 0.0, "pressure": 1006.875}