{"windPeak": 2.0570171098460786e-23, "windAvg": 0.0, "temp": 22.611111111111114, "humidity": 75.0, "direction": "N", "rainHour": 0.0, "pressure": 1012.0}