{"windPeak": 1.371709724903417, "windAvg": 0.02281638, "temp": 17.72222222222222, "humidity": 65.0, "direction": "N", "rainHour": 0.0, "pressure": 1007.0625}