{"windPeak": 13.11169347394795, "windAvg": 5.575697400000001, "temp": 18.5, "humidity": 46.0, "direction": "N", "rainHour": 0.0, "pressure": 999.6875}