{"windPeak": 1.4425809815871087e-06, "windAvg": 0.0, "temp": 32.27777777777778, "humidity": 58.0, "direction": "N", "rainHour": 0.0, "pressure": 1008.875}