{"windPeak": 7.206809262970866, "windAvg": 3.795572020000002, "temp": 34.77777777777778, "humidity": 31.0, "direction": "N", "rainHour": 0.0, "pressure": 1006.0}