{"windPeak": 0.9735066645821744, "windAvg": 0.0, "temp": 24.111111111111114, "humidity": 60.0, "direction": "N", "rainHour": 0.0, "pressure": 1009.5}