{"windPeak": 7.281758323289419, "windAvg": 3.7029644399999997, "temp": 32.72222222222223, "humidity": 43.0, "direction": "N", "rainHour": 0.0, "pressure": 1006.375}