{"windPeak": 2.4742368330648575e-16, "windAvg": 0.0, "temp": 21.611111111111114, "humidity": 74.0, "direction": "N", "rainHour": 0.0, "pressure": 1010.5}