{"windPeak": 4.025057556418357, "windAvg": 2.7460184400000003, "temp": 27.888888888888893, "humidity": 64.0, "direction": "N", "rainHour": 0.0, "pressure": 1007.25}