{"windPeak": 4.767292813806643, "windAvg": 2.7563082000000008, "temp": 28.5, "humidity": 70.0, "direction": "N", "rainHour": 0.0, "pressure": 1001.875}