{"windPeak": 2.8481612809150683, "windAvg": 1.8074151999999994, "temp": 21.77777777777778, "humidity": 58.0, "direction": "N", "rainHour": 0.0, "pressure": 1002.6875}