{"windPeak": 6.048542027264098, "windAvg": 3.3119542400000013, "temp": 32.88888888888889, "humidity": 46.0, "direction": "N", "rainHour": 0.0, "pressure": 1006.375}