{"windPeak": 2.944327519660603e-52, "windAvg": 0.0, "temp": 20.611111111111107, "humidity": 70.0, "direction": "N", "rainHour": 0.0, "pressure": 1010.375}