{"windPeak": 3.7775290185307617, "windAvg": 1.47680138, "temp": 29.277777777777782, "humidity": 69.0, "direction": "N", "rainHour": 0.0, "pressure": 1002.6875}