{"windPeak": 7.923023018375223, "windAvg": 4.968602460000001, "temp": 28.88888888888889, "humidity": 43.0, "direction": "N", "rainHour": 0.0, "pressure": 993.5}