{"windPeak": 2.017335976519788e-17, "windAvg": 0.0, "temp": 21.999999999999996, "humidity": 80.0, "direction": "N", "rainHour": 0.0, "pressure": 1003.75}