{"windPeak": 4.312778115138962, "windAvg": 2.61225182, "temp": 28.277777777777782, "humidity": 53.0, "direction": "N", "rainHour": 0.0, "pressure": 991.1875}