{"windPeak": 7.93497913441768e-18, "windAvg": 0.0, "temp": 20.388888888888893, "humidity": 85.0, "direction": "N", "rainHour": 0.0, "pressure": 1007.5}