{"windPeak": 5.471812007840527, "windAvg": 2.0959753399999994, "temp": 17.5, "humidity": 61.0, "direction": "N", "rainHour": 0.0, "pressure": 1002.875}