{"windPeak": 4.403552406482464, "windAvg": 1.2584799600000003, "temp": 26.72222222222222, "humidity": 59.0, "direction": "N", "rainHour": 0.0, "pressure": 1007.75}