{"windPeak": 4.231562272775714, "windAvg": 2.46819546, "temp": 24.277777777777782, "humidity": 67.0, "direction": "N", "rainHour": 0.0, "pressure": 990.375}