{"windPeak": 3.410305929932425, "windAvg": 2.108054559999998, "temp": -40.0, "humidity": 0.0, "direction": "N", "rainHour": 0.0, "pressure": 1006.0}