{"windPeak": 4.190113671733319, "windAvg": 2.6842799999999998, "temp": 21.500000000000004, "humidity": 56.0, "direction": "N", "rainHour": 0.0, "pressure": 1010.6875}