{"windPeak": 2.3280360133157845, "windAvg": 1.3492980800000003, "temp": 28.5, "humidity": 61.0, "direction": "N", "rainHour": 0.0, "pressure": 1007.75}