{"windPeak": 4.985934535026199, "windAvg": 2.72543906, "temp": 30.72222222222222, "humidity": 31.0, "direction": "N", "rainHour": 0.0, "pressure": 1007.1875}