{"windPeak": 0.0001595664914002226, "windAvg": 0.0, "temp": 16.11111111111111, "humidity": 79.0, "direction": "N", "rainHour": 0.0, "pressure": 1001.5}