{"windPeak": 1.5183785018857162e-58, "windAvg": 0.0, "temp": 21.999999999999996, "humidity": 72.0, "direction": "N", "rainHour": 0.0, "pressure": 1014.75}