{"windPeak": 0.022516569822611177, "windAvg": 0.0, "temp": 24.722222222222225, "humidity": 76.0, "direction": "N", "rainHour": 0.0, "pressure": 1002.375}