{"windPeak": 2.8688337871928167, "windAvg": 1.6875173599999993, "temp": -40.0, "humidity": 0.0, "direction": "N", "rainHour": 0.0, "pressure": 1003.0}