{"windPeak": 0.013515796257953735, "windAvg": 0.0, "temp": 18.77777777777778, "humidity": 83.0, "direction": "N", "rainHour": 0.0, "pressure": 1004.25}