{"windPeak": 9.53545920073349, "windAvg": 3.51774904, "temp": 22.38888888888889, "humidity": 61.0, "direction": "N", "rainHour": 0.0, "pressure": 1008.1875}