{"windPeak": 0.739963803306719, "windAvg": 0.0, "temp": 37.388888888888886, "humidity": 46.0, "direction": "N", "rainHour": 0.0, "pressure": 1001.5625}