{"windPeak": 2.951623231176259e-18, "windAvg": 0.0, "temp": 21.11111111111111, "humidity": 70.0, "direction": "N", "rainHour": 0.0, "pressure": 1002.5625}