{"windPeak": 6.339791621911158, "windAvg": 3.137028580000001, "temp": 31.72222222222222, "humidity": 32.0, "direction": "N", "rainHour": 0.0, "pressure": 1006.875}