{"windPeak": 3.45344222814253, "windAvg": 0.8880493, "temp": 23.388888888888886, "humidity": 78.0, "direction": "N", "rainHour": 0.0, "pressure": 1007.0625}