{"windPeak": 7.296297837783982e-26, "windAvg": 0.0, "temp": 20.777777777777782, "humidity": 71.0, "direction": "N", "rainHour": 0.0, "pressure": 1002.5625}