{"windPeak": 4.411110426693526, "windAvg": 1.9541558399999999, "temp": 17.27777777777778, "humidity": 88.0, "direction": "N", "rainHour": 0.0, "pressure": 993.5}