{"windPeak": 4.351875489485346e-11, "windAvg": 0.0, "temp": 20.72222222222222, "humidity": 74.0, "direction": "N", "rainHour": 0.0, "pressure": 1005.5625}