{"windPeak": 9.285779043060199, "windAvg": 4.30782234, "temp": 14.500000000000002, "humidity": 88.0, "direction": "N", "rainHour": 0.0, "pressure": 999.875}