{"windPeak": 9.973735825392822e-32, "windAvg": 0.0, "temp": 18.388888888888886, "humidity": 83.0, "direction": "N", "rainHour": 0.0, "pressure": 999.25}