{"windPeak": 2.0357281531085747e-22, "windAvg": 0.0, "temp": 26.611111111111114, "humidity": 59.0, "direction": "N", "rainHour": 0.0, "pressure": 1009.5}