{"windPeak": 8.923764206367155e-11, "windAvg": 0.0, "temp": 17.611111111111114, "humidity": 75.0, "direction": "N", "rainHour": 0.0, "pressure": 1004.1875}