{"windPeak": 0.8029641729543042, "windAvg": 0.02281638, "temp": 24.388888888888893, "humidity": 60.0, "direction": "N", "rainHour": 0.0, "pressure": 1009.5625}