{"windPeak": 6.480089153661329, "windAvg": 2.95539238, "temp": 14.722222222222223, "humidity": 88.0, "direction": "N", "rainHour": 0.0, "pressure": 999.375}