{"windPeak": 2.618237362212498, "windAvg": 0.58562042, "temp": 30.72222222222222, "humidity": 46.0, "direction": "N", "rainHour": 0.0, "pressure": 1008.6875}