{"windPeak": 4.574883309774303, "windAvg": 2.62254156, "temp": 31.38888888888889, "humidity": 57.0, "direction": "N", "rainHour": 0.0, "pressure": 1002.6875}