{"windPeak": 3.020561005632992, "windAvg": 0.06621223999999999, "temp": 26.27777777777778, "humidity": 51.0, "direction": "N", "rainHour": 0.0, "pressure": 1010.75}