{"windPeak": 4.6498129155571e-08, "windAvg": 0.0, "temp": 24.777777777777775, "humidity": 73.0, "direction": "N", "rainHour": 0.0, "pressure": 1005.875}