{"windPeak": 2.3061245880020642e-35, "windAvg": 0.0, "temp": 23.61111111111111, "humidity": 70.0, "direction": "N", "rainHour": 0.0, "pressure": 1011.875}