{"windPeak": 0.5810763818720448, "windAvg": 0.13018758000000002, "temp": 23.000000000000004, "humidity": 78.0, "direction": "N", "rainHour": 0.0, "pressure": 1007.875}