{"windPeak": 4.531909338511201, "windAvg": 1.7004913799999994, "temp": 19.72222222222222, "humidity": 84.0, "direction": "N", "rainHour": 0.0, "pressure": 998.375}