{"windPeak": 2.6215851856166887, "windAvg": 0.9439718000000002, "temp": 20.222222222222225, "humidity": 73.0, "direction": "N", "rainHour": 0.0, "pressure": 993.0625}