{"windPeak": 0.7649538690225695, "windAvg": 0.0, "temp": 14.222222222222223, "humidity": 71.0, "direction": "N", "rainHour": 0.0, "pressure": 1004.1875}