{"windPeak": 1.9409582527839273, "windAvg": 0.17582034, "temp": 24.22222222222222, "humidity": 79.0, "direction": "N", "rainHour": 0.0, "pressure": 1003.0}