{"windPeak": 5.964020809592661, "windAvg": 2.80552, "temp": 37.88888888888889, "humidity": 35.0, "direction": "N", "rainHour": 0.0, "pressure": 1007.5625}