{"windPeak": 9.266817444000312e-35, "windAvg": 0.0, "temp": 23.277777777777782, "humidity": 87.0, "direction": "N", "rainHour": 0.0, "pressure": 1000.75}