{"windPeak": 0.003488112940737962, "windAvg": 0.0, "temp": 26.888888888888893, "humidity": 46.0, "direction": "N", "rainHour": 0.0, "pressure": 1008.6875}