{"windPeak": 5.000705326668197, "windAvg": 2.6739903000000003, "temp": 29.777777777777775, "humidity": 46.0, "direction": "N", "rainHour": 0.0, "pressure": 1007.75}