{"windPeak": 1.5594450197431744, "windAvg": 0.3914575, "temp": 19.88888888888889, "humidity": 74.0, "direction": "N", "rainHour": 0.0, "pressure": 1009.375}