{"windPeak": 5.026807780366303, "windAvg": 2.0293156799999994, "temp": 24.111111111111114, "humidity": 51.0, "direction": "N", "rainHour": 0.0, "pressure": 1000.375}