{"windPeak": 3.4306591651939766, "windAvg": 1.2902439200000004, "temp": 19.27777777777778, "humidity": 64.0, "direction": "N", "rainHour": 0.0, "pressure": 996.1875}