{"windPeak": 4.023620486425076, "windAvg": 1.07013296, "temp": 21.38888888888889, "humidity": 81.0, "direction": "N", "rainHour": 0.0, "pressure": 996.375}