{"windPeak": 5.048161309216298e-23, "windAvg": 0.0, "temp": 24.277777777777782, "humidity": 60.0, "direction": "N", "rainHour": 0.0, "pressure": 1003.875}