{"windPeak": 5.339716881025826, "windAvg": 2.7768876600000003, "temp": 25.111111111111114, "humidity": 60.0, "direction": "N", "rainHour": 0.0, "pressure": 1002.5625}