{"windPeak": 2.0440014245895255, "windAvg": 0.28990224, "temp": 17.5, "humidity": 87.0, "direction": "N", "rainHour": 0.0, "pressure": 999.1875}