{"windPeak": 6.261745778068159, "windAvg": 2.7393078199999996, "temp": 27.722222222222225, "humidity": 44.0, "direction": "N", "rainHour": 0.0, "pressure": 1009.0625}