{"windPeak": 4.969136239953177e-20, "windAvg": 0.0, "temp": 13.611111111111112, "humidity": 84.0, "direction": "N", "rainHour": 0.0, "pressure": 1011.1875}