{"windPeak": 2.8080327794833746, "windAvg": 1.6485952999999995, "temp": 21.77777777777778, "humidity": 77.0, "direction": "N", "rainHour": 0.0, "pressure": 1006.375}