{"windPeak": 1.110600698283472e-58, "windAvg": 0.0, "temp": 16.77777777777778, "humidity": 78.0, "direction": "N", "rainHour": 0.0, "pressure": 1004.25}