{"windPeak": 4.670092006773634, "windAvg": 1.3895622999999997, "temp": 17.5, "humidity": 87.0, "direction": "N", "rainHour": 0.0, "pressure": 993.75}