{"windPeak": 1.3953101933266008, "windAvg": 0.06621223999999999, "temp": 22.722222222222225, "humidity": 52.0, "direction": "N", "rainHour": 0.0, "pressure": 1004.6875}