{"windPeak": 6.007362417320094, "windAvg": 2.6842799999999998, "temp": 9.000000000000002, "humidity": 65.0, "direction": "N", "rainHour": 0.0, "pressure": 1006.1875}