{"windPeak": 6.704511273583463, "windAvg": 3.013551720000001, "temp": 31.888888888888893, "humidity": 33.0, "direction": "N", "rainHour": 0.0, "pressure": 1006.875}