{"windPeak": 5.122846724066657, "windAvg": 2.0874750799999995, "temp": 25.888888888888886, "humidity": 52.0, "direction": "N", "rainHour": 0.0, "pressure": 1008.75}