{"windPeak": 1.750638687148347, "windAvg": 0.0, "temp": 12.11111111111111, "humidity": 83.0, "direction": "N", "rainHour": 0.0, "pressure": 1007.5625}