{"windPeak": 3.4799006020717136, "windAvg": 1.82352088, "temp": 38.00000000000001, "humidity": 35.0, "direction": "N", "rainHour": 0.0, "pressure": 1001.375}