{"windPeak": 4.453368132420155, "windAvg": 2.4887749400000003, "temp": 30.111111111111114, "humidity": 59.0, "direction": "N", "rainHour": 0.0, "pressure": 1006.875}