{"windPeak": 2.2160434770579434, "windAvg": 0.6106737, "temp": 18.277777777777782, "humidity": 72.0, "direction": "N", "rainHour": 0.0, "pressure": 1005.1875}