{"windPeak": 9.438292362678452e-54, "windAvg": 0.0, "temp": 32.27777777777778, "humidity": 55.0, "direction": "N", "rainHour": 0.0, "pressure": 1005.875}