{"windPeak": 4.463361634584688, "windAvg": 2.2579268599999995, "temp": 31.111111111111114, "humidity": 48.0, "direction": "N", "rainHour": 0.0, "pressure": 1001.5}