{"windPeak": 4.251334291061165, "windAvg": 2.6534107799999997, "temp": 29.388888888888893, "humidity": 38.0, "direction": "N", "rainHour": 0.0, "pressure": 1009.0}