{"windPeak": 6.639202810203539, "windAvg": 4.196872020000002, "temp": 31.27777777777778, "humidity": 31.0, "direction": "N", "rainHour": 0.0, "pressure": 1005.0}