{"windPeak": 3.7330323135726537, "windAvg": 2.35500832, "temp": 25.61111111111111, "humidity": 80.0, "direction": "N", "rainHour": 0.0, "pressure": 988.75}