{"windPeak": 9.55937453783827e-28, "windAvg": 0.0, "temp": 22.38888888888889, "humidity": 72.0, "direction": "N", "rainHour": 0.0, "pressure": 1006.75}