{"windPeak": 3.642139355011586, "windAvg": 1.86154818, "temp": 20.222222222222225, "humidity": 58.0, "direction": "N", "rainHour": 0.0, "pressure": 1004.0}