{"windPeak": 4.812877356512229e-24, "windAvg": 0.0, "temp": 17.11111111111111, "humidity": 67.0, "direction": "N", "rainHour": 0.0, "pressure": 1006.25}