{"windPeak": 5.598296559974263, "windAvg": 2.64312108, "temp": 34.888888888888886, "humidity": 26.0, "direction": "N", "rainHour": 0.0, "pressure": 1005.5}