{"windPeak": 7.064912584507777e-44, "windAvg": 0.0, "temp": 29.000000000000004, "humidity": 66.0, "direction": "N", "rainHour": 0.0, "pressure": 1006.25}