{"windPeak": 0.00028827889778481773, "windAvg": 0.0, "temp": 26.500000000000004, "humidity": 55.0, "direction": "N", "rainHour": 0.0, "pressure": 1003.375}