{"windPeak": 9.278726857849112, "windAvg": 4.011656720000001, "temp": 14.500000000000002, "humidity": 88.0, "direction": "N", "rainHour": 0.01, "pressure": 1000.0}