{"windPeak": 3.478268660363836, "windAvg": 0.35164068, "temp": 20.111111111111114, "humidity": 70.0, "direction": "N", "rainHour": 0.0, "pressure": 1004.875}