{"windPeak": 0.01436293447971448, "windAvg": 0.0, "temp": 24.61111111111111, "humidity": 67.0, "direction": "N", "rainHour": 0.0, "pressure": 1008.1875}