{"windPeak": 2.0023781948187067e-35, "windAvg": 0.0, "temp": 21.888888888888893, "humidity": 77.0, "direction": "N", "rainHour": 0.0, "pressure": 1008.1875}