{"windPeak": 3.8387481909112586, "windAvg": 0.9878150400000001, "temp": 22.5, "humidity": 75.0, "direction": "N", "rainHour": 0.0, "pressure": 1011.5}