{"windPeak": 3.0255154127704897e-12, "windAvg": 0.0, "temp": 22.611111111111114, "humidity": 74.0, "direction": "N", "rainHour": 0.0, "pressure": 1004.5}