{"windPeak": 4.7033823740195855, "windAvg": 2.51964416, "temp": 30.27777777777778, "humidity": 31.0, "direction": "N", "rainHour": 0.0, "pressure": 1007.0}