{"windPeak": 1.7229450140171512e-25, "windAvg": 0.0, "temp": 28.000000000000004, "humidity": 57.0, "direction": "N", "rainHour": 0.0, "pressure": 1009.25}