{"windPeak": 4.445930721924497, "windAvg": 2.941523500000001, "temp": 21.27777777777778, "humidity": 59.0, "direction": "N", "rainHour": 0.0, "pressure": 997.5}