{"windPeak": 3.234150990271466, "windAvg": 1.3689828000000006, "temp": 32.27777777777778, "humidity": 30.0, "direction": "N", "rainHour": 0.0, "pressure": 1005.6875}