{"windPeak": 1.147305587218693e-05, "windAvg": 0.0, "temp": 21.27777777777778, "humidity": 75.0, "direction": "N", "rainHour": 0.0, "pressure": 1007.0625}