{"windPeak": 4.4630170646143945, "windAvg": 2.43285246, "temp": 10.611111111111112, "humidity": 73.0, "direction": "N", "rainHour": 0.0, "pressure": 1000.5625}