{"windPeak": 5.250165175470022, "windAvg": 2.559908360000001, "temp": 23.77777777777778, "humidity": 78.0, "direction": "N", "rainHour": 0.0, "pressure": 1009.0625}