{"windPeak": 4.454434649811363e-21, "windAvg": 0.0, "temp": 21.27777777777778, "humidity": 83.0, "direction": "N", "rainHour": 0.0, "pressure": 1004.5625}