{"windPeak": 0.6411965561849312, "windAvg": 0.0, "temp": 24.777777777777775, "humidity": 55.0, "direction": "N", "rainHour": 0.0, "pressure": 1008.875}