{"windPeak": 2.478826407977094, "windAvg": 1.0902650600000001, "temp": 21.77777777777778, "humidity": 87.0, "direction": "N", "rainHour": 0.0, "pressure": 1009.5625}