{"windPeak": 4.363820694541322, "windAvg": 3.013551700000001, "temp": 28.88888888888889, "humidity": 41.0, "direction": "N", "rainHour": 0.0, "pressure": 1004.375}