{"windPeak": 3.6581449400107457, "windAvg": 2.4270365, "temp": 30.61111111111111, "humidity": 58.0, "direction": "N", "rainHour": 0.0, "pressure": 1006.375}