{"windPeak": 4.574481655299277, "windAvg": 2.31161248, "temp": 17.611111111111114, "humidity": 88.0, "direction": "N", "rainHour": 0.0, "pressure": 993.5}