{"windPeak": 10.6603817536699, "windAvg": 3.5052224800000005, "temp": 20.500000000000004, "humidity": 66.0, "direction": "N", "rainHour": 0.0, "pressure": 1005.875}