{"windPeak": 7.203804721759957, "windAvg": 3.363402900000001, "temp": 24.88888888888889, "humidity": 37.0, "direction": "N", "rainHour": 0.0, "pressure": 1007.1875}