{"windPeak": 3.726639926035172, "windAvg": 2.2190048, "temp": 29.388888888888893, "humidity": 48.0, "direction": "N", "rainHour": 0.0, "pressure": 1009.0625}