{"windPeak": 0.030957189794914092, "windAvg": 0.0, "temp": 31.111111111111114, "humidity": 57.0, "direction": "N", "rainHour": 0.0, "pressure": 1007.375}