{"windPeak": 4.083738352511074, "windAvg": 1.8007044999999997, "temp": 32.5, "humidity": 41.0, "direction": "N", "rainHour": 0.0, "pressure": 1006.875}