{"windPeak": 4.624298480620275, "windAvg": 2.694569760000001, "temp": 24.722222222222225, "humidity": 84.0, "direction": "N", "rainHour": 0.0, "pressure": 990.0625}