{"windPeak": 0.48629010095613256, "windAvg": 0.0, "temp": 24.111111111111114, "humidity": 79.0, "direction": "N", "rainHour": 0.0, "pressure": 986.6875}