{"windPeak": 4.723218767301564, "windAvg": 2.76659796, "temp": -40.0, "humidity": 0.0, "direction": "N", "rainHour": 0.0, "pressure": 1006.875}