{"windPeak": 4.354460300050656, "windAvg": 1.7139127799999994, "temp": 24.499999999999996, "humidity": 44.0, "direction": "N", "rainHour": 0.0, "pressure": 1007.5}