{"windPeak": 1.182937543712823, "windAvg": 0.04563276, "temp": 20.72222222222222, "humidity": 79.0, "direction": "N", "rainHour": 0.0, "pressure": 991.5}