{"windPeak": 3.591559798882422, "windAvg": 2.049895179999999, "temp": 18.88888888888889, "humidity": 85.0, "direction": "N", "rainHour": 0.0, "pressure": 998.0625}