{"windPeak": 9.019237779702155e-14, "windAvg": 0.0, "temp": 22.77777777777778, "humidity": 73.0, "direction": "N", "rainHour": 0.0, "pressure": 1004.875}