{"windPeak": 0.6458890830463494, "windAvg": 0.02281638, "temp": 21.0, "humidity": 61.0, "direction": "N", "rainHour": 0.0, "pressure": 1008.0625}