{"windPeak": 4.682122775041959, "windAvg": 2.587198559999999, "temp": 27.611111111111114, "humidity": 39.0, "direction": "N", "rainHour": 0.0, "pressure": 1011.5}