{"windPeak": 3.6096051225780794, "windAvg": 1.76670362, "temp": 28.000000000000004, "humidity": 53.0, "direction": "N", "rainHour": 0.0, "pressure": 991.75}