{"windPeak": 2.5077080595838774, "windAvg": 0.63125318, "temp": 28.000000000000004, "humidity": 71.0, "direction": "N", "rainHour": 0.0, "pressure": 1012.875}