{"windPeak": 2.4281631866172573, "windAvg": 0.4451431, "temp": 6.888888888888888, "humidity": 78.0, "direction": "N", "rainHour": 0.0, "pressure": 1005.5625}