{"windPeak": 1.002700999875065e-07, "windAvg": 0.0, "temp": 20.27777777777778, "humidity": 85.0, "direction": "N", "rainHour": 0.0, "pressure": 1006.1875}