{"windPeak": 3.7166688724870327, "windAvg": 2.1769510800000007, "temp": 23.722222222222225, "humidity": 85.0, "direction": "N", "rainHour": 0.0, "pressure": 988.5625}