{"windPeak": 8.357035187777212e-09, "windAvg": 0.0, "temp": 21.27777777777778, "humidity": 70.0, "direction": "N", "rainHour": 0.0, "pressure": 1004.5}