{"windPeak": 4.0350475407905196e-39, "windAvg": 0.0, "temp": 12.277777777777779, "humidity": 83.0, "direction": "N", "rainHour": 0.0, "pressure": 1013.25}