{"windPeak": 3.146326219193716, "windAvg": 2.02126284, "temp": 21.611111111111114, "humidity": 73.0, "direction": "N", "rainHour": 0.0, "pressure": 1010.5625}