{"windPeak": 2.3169558998882695e-11, "windAvg": 0.0, "temp": 24.22222222222222, "humidity": 78.0, "direction": "N", "rainHour": 0.0, "pressure": 1003.1875}