{"windPeak": 3.591973366545208, "windAvg": 1.0231580600000003, "temp": 28.11111111111111, "humidity": 48.0, "direction": "N", "rainHour": 0.0, "pressure": 1008.5625}