{"windPeak": 5.1255208052012575, "windAvg": 1.142608520000001, "temp": 29.000000000000004, "humidity": 37.0, "direction": "N", "rainHour": 0.0, "pressure": 1007.5}