{"windPeak": 4.1905939811085755, "windAvg": 1.45443238, "temp": 28.000000000000004, "humidity": 48.0, "direction": "N", "rainHour": 0.0, "pressure": 1007.5625}