{"windPeak": 3.6000232911659857, "windAvg": 2.5505133800000004, "temp": 26.27777777777778, "humidity": 57.0, "direction": "N", "rainHour": 0.0, "pressure": 1007.875}