{"windPeak": 4.35729219902931, "windAvg": 2.3666402000000004, "temp": 17.77777777777778, "humidity": 68.0, "direction": "N", "rainHour": 0.0, "pressure": 1003.375}