{"windPeak": 4.141284213046008, "windAvg": 1.8521531999999987, "temp": 35.888888888888886, "humidity": 37.0, "direction": "N", "rainHour": 0.0, "pressure": 1007.6875}