{"windPeak": 4.344247176868374, "windAvg": 2.735728720000001, "temp": 30.111111111111114, "humidity": 36.0, "direction": "N", "rainHour": 0.0, "pressure": 1004.0}