{"windPeak": 5.298718430246036, "windAvg": 2.1393712000000003, "temp": 29.22222222222222, "humidity": 49.0, "direction": "N", "rainHour": 0.0, "pressure": 1009.0625}