{"windPeak": 3.2983931749051205e-14, "windAvg": 0.0, "temp": 22.11111111111111, "humidity": 74.0, "direction": "N", "rainHour": 0.0, "pressure": 1009.0}