{"windPeak": 6.2029225016897136e-40, "windAvg": 0.0, "temp": 18.000000000000004, "humidity": 75.0, "direction": "N", "rainHour": 0.0, "pressure": 995.6875}