{"windPeak": 6.135498112629311, "windAvg": 3.456010620000001, "temp": 18.000000000000004, "humidity": 86.0, "direction": "N", "rainHour": 0.0, "pressure": 997.75}