{"windPeak": 9.031465507730398e-53, "windAvg": 0.0, "temp": 25.388888888888893, "humidity": 79.0, "direction": "N", "rainHour": 0.0, "pressure": 1003.25}