{"windPeak": 10.007062347168741, "windAvg": 4.063105460000002, "temp": 25.72222222222222, "humidity": 41.0, "direction": "N", "rainHour": 0.0, "pressure": 1005.1875}