{"windPeak": 7.859053862447477, "windAvg": 4.649620640000002, "temp": 28.88888888888889, "humidity": 43.0, "direction": "N", "rainHour": 0.0, "pressure": 993.5}