{"windPeak": 2.1558832143797693, "windAvg": 0.34806164, "temp": 22.5, "humidity": 61.0, "direction": "N", "rainHour": 0.0, "pressure": 1006.75}