{"windPeak": 4.076892232991272, "windAvg": 2.50935442, "temp": 32.611111111111114, "humidity": 56.0, "direction": "N", "rainHour": 0.0, "pressure": 1000.75}