{"windPeak": 4.136354195426414, "windAvg": 1.6682800199999992, "temp": 21.38888888888889, "humidity": 55.0, "direction": "N", "rainHour": 0.0, "pressure": 1002.375}