{"windPeak": 3.726702992799146, "windAvg": 0.18387318, "temp": 17.77777777777778, "humidity": 85.0, "direction": "N", "rainHour": 0.0, "pressure": 999.375}