{"windPeak": 3.204919469744514, "windAvg": 1.9720510399999993, "temp": 38.11111111111111, "humidity": 45.0, "direction": "N", "rainHour": 0.0, "pressure": 1001.25}