{"windPeak": 3.7097761822732775, "windAvg": 2.3035596199999997, "temp": 27.11111111111111, "humidity": 47.0, "direction": "N", "rainHour": 0.0, "pressure": 1008.5625}