{"windPeak": 6.150302710042909e-13, "windAvg": 0.0, "temp": 19.777777777777775, "humidity": 68.0, "direction": "N", "rainHour": 0.0, "pressure": 1004.0625}