{"windPeak": 5.136125295332813, "windAvg": 2.6739902600000005, "temp": 27.888888888888893, "humidity": 42.0, "direction": "N", "rainHour": 0.0, "pressure": 1010.0}