{"windPeak": 3.5639740905540496, "windAvg": 2.118344299999999, "temp": 31.222222222222225, "humidity": 60.0, "direction": "N", "rainHour": 0.0, "pressure": 1000.875}