{"windPeak": 3.4901057257511017, "windAvg": 1.96981414, "temp": 33.88888888888889, "humidity": 39.0, "direction": "N", "rainHour": 0.0, "pressure": 1008.5625}