{"windPeak": 6.560645215332301e-45, "windAvg": 0.0, "temp": 19.61111111111111, "humidity": 66.0, "direction": "N", "rainHour": 0.0, "pressure": 1008.5}