{"windPeak": 2.9469622174172088, "windAvg": 1.9036018999999993, "temp": 25.0, "humidity": 76.0, "direction": "N", "rainHour": 0.0, "pressure": 1000.75}