{"windPeak": 3.998338312639415e-08, "windAvg": 0.0, "temp": 23.11111111111111, "humidity": 86.0, "direction": "N", "rainHour": 0.0, "pressure": 1001.0625}