{"windPeak": 4.16228668461048, "windAvg": 2.3755877999999995, "temp": 29.88888888888889, "humidity": 48.0, "direction": "N", "rainHour": 0.0, "pressure": 1009.0625}