{"windPeak": 1.95688905183442e-15, "windAvg": 0.0, "temp": 26.611111111111114, "humidity": 64.0, "direction": "N", "rainHour": 0.0, "pressure": 1004.0625}