{"windPeak": 4.023230584366071, "windAvg": 2.262400659999999, "temp": 31.0, "humidity": 54.0, "direction": "N", "rainHour": 0.0, "pressure": 1011.5}