{"windPeak": 8.441933459887996e-50, "windAvg": 0.0, "temp": 17.77777777777778, "humidity": 75.0, "direction": "N", "rainHour": 0.0, "pressure": 1013.1875}