{"windPeak": 3.0770195972931753, "windAvg": 1.05850108, "temp": 34.111111111111114, "humidity": 39.0, "direction": "N", "rainHour": 0.0, "pressure": 1002.875}