{"windPeak": 2.7770671272613057, "windAvg": 1.0468692000000004, "temp": 24.388888888888893, "humidity": 76.0, "direction": "N", "rainHour": 0.0, "pressure": 1008.1875}