{"windPeak": 3.1202853424935517, "windAvg": 0.9636565200000002, "temp": 21.999999999999996, "humidity": 59.0, "direction": "N", "rainHour": 0.0, "pressure": 1005.0}