{"windPeak": 1.7057568300122282e-15, "windAvg": 0.0, "temp": 14.000000000000002, "humidity": 81.0, "direction": "N", "rainHour": 0.0, "pressure": 1012.6875}