{"windPeak": 1.7927476735468888e-20, "windAvg": 0.0, "temp": 21.72222222222222, "humidity": 79.0, "direction": "N", "rainHour": 0.0, "pressure": 1004.1875}