{"windPeak": 1.6834201674093099, "windAvg": 0.19863672000000002, "temp": 23.61111111111111, "humidity": 52.0, "direction": "N", "rainHour": 0.0, "pressure": 1004.875}