{"windPeak": 0.3098637211743271, "windAvg": 0.0, "temp": 21.999999999999996, "humidity": 70.0, "direction": "N", "rainHour": 0.0, "pressure": 1009.0625}