{"windPeak": 8.203491819008923e-17, "windAvg": 0.0, "temp": 21.77777777777778, "humidity": 82.0, "direction": "N", "rainHour": 0.0, "pressure": 1005.5625}