{"windPeak": 3.5060759523958915, "windAvg": 1.5881989999999997, "temp": 17.72222222222222, "humidity": 86.0, "direction": "N", "rainHour": 0.0, "pressure": 998.0}