{"windPeak": 4.9748293825275, "windAvg": 2.8900748600000004, "temp": 33.72222222222223, "humidity": 27.0, "direction": "N", "rainHour": 0.0, "pressure": 1005.5}