{"windPeak": 2.0658265976096162e-16, "windAvg": 0.0, "temp": 20.72222222222222, "humidity": 75.0, "direction": "N", "rainHour": 0.0, "pressure": 1004.5}