{"windPeak": 1.0392212495950464, "windAvg": 0.0, "temp": 19.61111111111111, "humidity": 71.0, "direction": "N", "rainHour": 0.0, "pressure": 1004.875}