{"windPeak": 5.979518995931182, "windAvg": 2.3482976599999996, "temp": 23.22222222222222, "humidity": 73.0, "direction": "N", "rainHour": 0.0, "pressure": 1007.5625}