{"windPeak": 5.002213237382008e-06, "windAvg": 0.0, "temp": 28.88888888888889, "humidity": 73.0, "direction": "N", "rainHour": 0.0, "pressure": 1001.5}