{"windPeak": 2.808238377356857, "windAvg": 1.4647221200000002, "temp": 26.38888888888889, "humidity": 72.0, "direction": "N", "rainHour": 0.0, "pressure": 1000.5625}