{"windPeak": 4.226552862925999, "windAvg": 2.7460184400000007, "temp": 27.888888888888893, "humidity": 63.0, "direction": "N", "rainHour": 0.0, "pressure": 1007.375}