{"windPeak": 0.6884857128643542, "windAvg": 0.02281638, "temp": 28.61111111111111, "humidity": 68.0, "direction": "N", "rainHour": 0.0, "pressure": 1001.5}