{"windPeak": 7.837391438227601, "windAvg": 3.38398254, "temp": 14.38888888888889, "humidity": 88.0, "direction": "N", "rainHour": 0.0, "pressure": 1000.0}