{"windPeak": 1.0620684115837041e-50, "windAvg": 0.0, "temp": 31.888888888888893, "humidity": 59.0, "direction": "N", "rainHour": 0.0, "pressure": 1006.0}