{"windPeak": 8.996594181290945e-10, "windAvg": 0.0, "temp": 29.277777777777782, "humidity": 66.0, "direction": "N", "rainHour": 0.0, "pressure": 1002.75}