{"windPeak": 9.172055670014852e-38, "windAvg": 0.0, "temp": 17.22222222222222, "humidity": 73.0, "direction": "N", "rainHour": 0.0, "pressure": 1011.25}