{"windPeak": 1.7107919249232683e-17, "windAvg": 0.0, "temp": 18.22222222222222, "humidity": 73.0, "direction": "N", "rainHour": 0.0, "pressure": 1004.25}