{"windPeak": 2.734243252153107e-39, "windAvg": 0.0, "temp": 17.611111111111114, "humidity": 71.0, "direction": "N", "rainHour": 0.0, "pressure": 1011.25}