{"windPeak": 4.021800471020477, "windAvg": 2.5299339000000005, "temp": 17.611111111111114, "humidity": 67.0, "direction": "N", "rainHour": 0.0, "pressure": 1004.5625}