{"windPeak": 1.912928974928618, "windAvg": 0.033106119999999996, "temp": 24.277777777777782, "humidity": 69.0, "direction": "N", "rainHour": 0.0, "pressure": 1008.1875}