{"windPeak": 2.2072244030248143e-22, "windAvg": 0.0, "temp": 20.222222222222225, "humidity": 86.0, "direction": "N", "rainHour": 0.0, "pressure": 1007.25}