{"windPeak": 2.6950378383867593e-27, "windAvg": 0.0, "temp": 20.777777777777782, "humidity": 78.0, "direction": "N", "rainHour": 0.0, "pressure": 1004.875}