{"windPeak": 7.82599365476465e-43, "windAvg": 0.0, "temp": 21.611111111111114, "humidity": 83.0, "direction": "N", "rainHour": 0.0, "pressure": 1004.5625}