{"windPeak": 2.682580334600721, "windAvg": 0.5833835199999999, "temp": 33.77777777777778, "humidity": 42.0, "direction": "N", "rainHour": 0.0, "pressure": 1001.75}