{"windPeak": 5.035757658835243, "windAvg": 2.54022364, "temp": 26.72222222222222, "humidity": 39.0, "direction": "N", "rainHour": 0.0, "pressure": 1006.375}