{"windPeak": 2.4847294559847803, "windAvg": 0.7717305, "temp": 25.111111111111114, "humidity": 68.0, "direction": "N", "rainHour": 0.0, "pressure": 1008.0}