{"windPeak": 4.170471609605689, "windAvg": 1.7617824399999997, "temp": 27.77777777777778, "humidity": 65.0, "direction": "N", "rainHour": 0.0, "pressure": 1006.5}