{"windPeak": 8.543836058253927, "windAvg": 3.6823848800000007, "temp": 18.277777777777782, "humidity": 81.0, "direction": "N", "rainHour": 0.0, "pressure": 998.6875}