{"windPeak": 1.262920442242929e-25, "windAvg": 0.0, "temp": 18.722222222222225, "humidity": 81.0, "direction": "N", "rainHour": 0.0, "pressure": 998.6875}