{"windPeak": 7.742288743360591, "windAvg": 2.9723927600000013, "temp": 33.277777777777786, "humidity": 42.0, "direction": "N", "rainHour": 0.0, "pressure": 1006.5}