{"windPeak": 5.743906881674113, "windAvg": 3.919048940000002, "temp": 25.0, "humidity": 73.0, "direction": "N", "rainHour": 0.0, "pressure": 989.6875}