{"windPeak": 1.4863106885601094, "windAvg": 0.0, "temp": 34.22222222222222, "humidity": 53.0, "direction": "N", "rainHour": 0.0, "pressure": 1008.0}