{"windPeak": 1.2570216373463707e-08, "windAvg": 0.0, "temp": 16.500000000000004, "humidity": 71.0, "direction": "N", "rainHour": 0.0, "pressure": 1008.0625}