{"windPeak": 2.291416120670171e-52, "windAvg": 0.0, "temp": 26.611111111111114, "humidity": 60.0, "direction": "N", "rainHour": 0.0, "pressure": 1003.0625}