{"windPeak": 4.489083514638058, "windAvg": 2.50711754, "temp": 18.22222222222222, "humidity": 88.0, "direction": "N", "rainHour": 0.0, "pressure": 995.1875}