{"windPeak": 3.7292412940426513e-10, "windAvg": 0.0, "temp": 16.11111111111111, "humidity": 78.0, "direction": "N", "rainHour": 0.0, "pressure": 1011.875}