{"windPeak": 9.533361160295438e-15, "windAvg": 0.0, "temp": 22.888888888888893, "humidity": 69.0, "direction": "N", "rainHour": 0.0, "pressure": 1009.6875}