{"windPeak": 1.9586496630266488, "windAvg": 0.0, "temp": 22.22222222222222, "humidity": 71.0, "direction": "N", "rainHour": 0.0, "pressure": 1005.5625}