{"windPeak": 5.0698273129497e-08, "windAvg": 0.0, "temp": 23.388888888888886, "humidity": 67.0, "direction": "N", "rainHour": 0.0, "pressure": 1002.5}