{"windPeak": 3.4096990014865534, "windAvg": 2.19037248, "temp": 27.11111111111111, "humidity": 56.0, "direction": "N", "rainHour": 0.0, "pressure": 1014.0}