{"windPeak": 1.5247985806689138e-56, "windAvg": 0.0, "temp": 16.38888888888889, "humidity": 81.0, "direction": "N", "rainHour": 0.0, "pressure": 1005.0625}