{"windPeak": 6.089662864914057, "windAvg": 2.931233820000001, "temp": 32.0, "humidity": 30.0, "direction": "N", "rainHour": 0.0, "pressure": 1004.875}