{"windPeak": 2.564033789731102, "windAvg": 0.86881196, "temp": 23.11111111111111, "humidity": 74.0, "direction": "N", "rainHour": 0.0, "pressure": 1007.0625}