{"windPeak": 4.657054627857539, "windAvg": 3.044420920000001, "temp": 26.777777777777782, "humidity": 64.0, "direction": "N", "rainHour": 0.0, "pressure": 989.875}