{"windPeak": 1.9236885164471533e-14, "windAvg": 0.0, "temp": 21.72222222222222, "humidity": 67.0, "direction": "N", "rainHour": 0.0, "pressure": 1002.5}