{"windPeak": 2.893823166303804, "windAvg": 0.9931836000000003, "temp": 21.11111111111111, "humidity": 70.0, "direction": "N", "rainHour": 0.0, "pressure": 1008.25}