{"windPeak": 7.586059094273088, "windAvg": 2.1952937399999986, "temp": 19.111111111111114, "humidity": 82.0, "direction": "N", "rainHour": 0.0, "pressure": 998.0}