{"windPeak": 5.8221419400722566e-08, "windAvg": 0.0, "temp": 19.777777777777775, "humidity": 63.0, "direction": "N", "rainHour": 0.0, "pressure": 1006.5}