{"windPeak": 3.198767002065593, "windAvg": 3.1987670000000024, "temp": -40.0, "humidity": 0.0, "direction": "N", "rainHour": 0.0, "pressure": 1006.0}