{"windPeak": 2.6795438579219066, "windAvg": 1.4293791000000005, "temp": 22.38888888888889, "humidity": 62.0, "direction": "N", "rainHour": 0.0, "pressure": 1009.25}