{"windPeak": 6.067402961795625, "windAvg": 2.5863038800000004, "temp": 16.500000000000004, "humidity": 88.0, "direction": "N", "rainHour": 0.0, "pressure": 998.6875}