{"windPeak": 0.1311678810493692, "windAvg": 0.0, "temp": 21.888888888888893, "humidity": 77.0, "direction": "N", "rainHour": 0.0, "pressure": 1005.5}