{"windPeak": 3.1397589783535376e-06, "windAvg": 0.0, "temp": 24.277777777777782, "humidity": 82.0, "direction": "N", "rainHour": 0.0, "pressure": 1007.875}