{"windPeak": 5.0278364250877825, "windAvg": 2.36306118, "temp": 23.61111111111111, "humidity": 79.0, "direction": "N", "rainHour": 0.0, "pressure": 1006.5625}