{"windPeak": 3.6008479969239175, "windAvg": 1.5940149399999999, "temp": 30.111111111111114, "humidity": 44.0, "direction": "N", "rainHour": 0.0, "pressure": 1001.75}