{"windPeak": 3.9990666001438355, "windAvg": 2.5608031200000005, "temp": 23.5, "humidity": 77.0, "direction": "N", "rainHour": 0.0, "pressure": 1009.25}