{"windPeak": 0.09174510799702869, "windAvg": 0.0, "temp": 24.277777777777782, "humidity": 55.0, "direction": "N", "rainHour": 0.0, "pressure": 1011.0}