{"windPeak": 7.067060109330718, "windAvg": 3.2090568600000005, "temp": 26.611111111111114, "humidity": 44.0, "direction": "N", "rainHour": 0.0, "pressure": 1006.5}