{"windPeak": 9.201643198446915, "windAvg": 4.289479599999999, "temp": 16.88888888888889, "humidity": 51.0, "direction": "N", "rainHour": 0.0, "pressure": 999.5625}