{"windPeak": 1.4175594259864478e-37, "windAvg": 0.0, "temp": 22.888888888888893, "humidity": 54.0, "direction": "N", "rainHour": 0.0, "pressure": 1010.6875}