{"windPeak": 1.6419992983133558, "windAvg": 0.11408190000000001, "temp": 19.000000000000004, "humidity": 84.0, "direction": "N", "rainHour": 0.0, "pressure": 989.0625}