{"windPeak": 4.1751830697709185, "windAvg": 2.2418211799999996, "temp": 34.22222222222222, "humidity": 38.0, "direction": "N", "rainHour": 0.0, "pressure": 1006.875}