{"windPeak": 2.2562238312419365, "windAvg": 0.44738, "temp": 25.111111111111114, "humidity": 74.0, "direction": "N", "rainHour": 0.0, "pressure": 1002.25}