{"windPeak": 2.469661117150057, "windAvg": 0.7328084400000001, "temp": 25.388888888888893, "humidity": 69.0, "direction": "N", "rainHour": 0.0, "pressure": 1006.5625}