{"windPeak": 5.661809310426593e-29, "windAvg": 0.0, "temp": 13.111111111111112, "humidity": 80.0, "direction": "N", "rainHour": 0.0, "pressure": 1003.5}