{"windPeak": 2.7761674377101135, "windAvg": 0.8012575800000001, "temp": 19.22222222222222, "humidity": 50.0, "direction": "N", "rainHour": 0.0, "pressure": 999.5625}