{"windPeak": 1.3787014988677013, "windAvg": 0.02281638, "temp": 22.38888888888889, "humidity": 75.0, "direction": "N", "rainHour": 0.0, "pressure": 1008.6875}