{"windPeak": 0.9573334891542183, "windAvg": 0.09931836000000001, "temp": 17.38888888888889, "humidity": 67.0, "direction": "N", "rainHour": 0.0, "pressure": 1007.5625}