{"windPeak": 7.68658611680077e-51, "windAvg": 0.0, "temp": 25.500000000000004, "humidity": 62.0, "direction": "N", "rainHour": 0.0, "pressure": 1003.1875}