{"windPeak": 6.309163944755723, "windAvg": 3.3119542000000006, "temp": 27.11111111111111, "humidity": 44.0, "direction": "N", "rainHour": 0.0, "pressure": 1007.0}