{"windPeak": 1.4934056729111942e-48, "windAvg": 0.0, "temp": 23.77777777777778, "humidity": 66.0, "direction": "N", "rainHour": 0.0, "pressure": 1003.0625}