{"windPeak": 2.1713066363073286, "windAvg": 0.3265874, "temp": 24.277777777777782, "humidity": 80.0, "direction": "N", "rainHour": 0.0, "pressure": 1002.1875}