{"windPeak": 4.618976203663958, "windAvg": 2.6842800200000005, "temp": 23.77777777777778, "humidity": 67.0, "direction": "N", "rainHour": 0.0, "pressure": 990.375}