{"windPeak": 6.182695802981119, "windAvg": 3.188477280000001, "temp": 19.777777777777775, "humidity": 83.0, "direction": "N", "rainHour": 0.0, "pressure": 996.5625}