{"windPeak": 6.876944801559892, "windAvg": 3.281085060000001, "temp": 27.611111111111114, "humidity": 34.0, "direction": "N", "rainHour": 0.0, "pressure": 1006.0625}