{"windPeak": 9.4961319950466, "windAvg": 4.361507720000001, "temp": 9.777777777777779, "humidity": 60.0, "direction": "N", "rainHour": 0.0, "pressure": 1005.875}