{"windPeak": 2.572277314947362, "windAvg": 0.1632937, "temp": 18.5, "humidity": 57.0, "direction": "N", "rainHour": 0.0, "pressure": 1007.5}