{"windPeak": 6.531469386987834e-44, "windAvg": 0.0, "temp": 21.38888888888889, "humidity": 82.0, "direction": "N", "rainHour": 0.0, "pressure": 1000.75}