{"windPeak": 2.6046564973792457e-46, "windAvg": 0.0, "temp": 16.38888888888889, "humidity": 82.0, "direction": "N", "rainHour": 0.0, "pressure": 1006.6875}