{"windPeak": 7.290616338473022, "windAvg": 2.8672584600000004, "temp": 27.277777777777775, "humidity": 49.0, "direction": "N", "rainHour": 0.0, "pressure": 1005.1875}