{"windPeak": 4.227968196534474, "windAvg": 0.8370479800000001, "temp": 25.111111111111114, "humidity": 73.0, "direction": "N", "rainHour": 0.0, "pressure": 1002.75}