{"windPeak": 3.2362636913182583, "windAvg": 0.7945468800000002, "temp": 20.500000000000004, "humidity": 71.0, "direction": "N", "rainHour": 0.0, "pressure": 1008.375}