{"windPeak": 7.06966176107586, "windAvg": 2.50398592, "temp": 24.000000000000004, "humidity": 57.0, "direction": "N", "rainHour": 0.0, "pressure": 1008.5625}