{"windPeak": 4.742434956494414, "windAvg": 2.591672419999999, "temp": 22.38888888888889, "humidity": 59.0, "direction": "N", "rainHour": 0.0, "pressure": 1007.875}