{"windPeak": 3.452149598445067, "windAvg": 1.8270999199999998, "temp": 37.72222222222223, "humidity": 46.0, "direction": "N", "rainHour": 0.0, "pressure": 1005.1875}