{"windPeak": 4.312831147300597, "windAvg": 1.35108762, "temp": 25.72222222222222, "humidity": 45.0, "direction": "N", "rainHour": 0.0, "pressure": 1012.0625}