{"windPeak": 4.062557807317465, "windAvg": 0.9842360000000002, "temp": 17.0, "humidity": 54.0, "direction": "N", "rainHour": 0.0, "pressure": 1000.1875}