{"windPeak": 1.9809081646998397e-06, "windAvg": 0.0, "temp": 20.888888888888886, "humidity": 76.0, "direction": "N", "rainHour": 0.0, "pressure": 1007.0625}