{"windPeak": 2.518111457985671, "windAvg": 0.8379427400000004, "temp": 20.111111111111114, "humidity": 74.0, "direction": "N", "rainHour": 0.0, "pressure": 1008.5}