{"windPeak": 2.9934886745146912e-09, "windAvg": 0.0, "temp": 17.611111111111114, "humidity": 74.0, "direction": "N", "rainHour": 0.0, "pressure": 1004.0}