{"windPeak": 1.9466857410376992, "windAvg": 0.09126552, "temp": 17.38888888888889, "humidity": 75.0, "direction": "N", "rainHour": 0.0, "pressure": 1000.875}