{"windPeak": 1.9102443986287474e-10, "windAvg": 0.0, "temp": 30.777777777777782, "humidity": 59.0, "direction": "N", "rainHour": 0.0, "pressure": 1009.5625}