{"windPeak": 6.158349488761183e-18, "windAvg": 0.0, "temp": 21.38888888888889, "humidity": 72.0, "direction": "N", "rainHour": 0.0, "pressure": 1004.1875}