{"windPeak": 2.504114360576255e-49, "windAvg": 0.0, "temp": 21.888888888888893, "humidity": 80.0, "direction": "N", "rainHour": 0.0, "pressure": 1003.0}