{"windPeak": 1.931317132399323, "windAvg": 0.14495112, "temp": 11.88888888888889, "humidity": 83.0, "direction": "N", "rainHour": 0.0, "pressure": 1007.5}