{"windPeak": 3.21941748270257, "windAvg": 2.12639714, "temp": 26.222222222222225, "humidity": 60.0, "direction": "N", "rainHour": 0.0, "pressure": 1012.0625}