{"windPeak": 7.513324446954529e-18, "windAvg": 0.0, "temp": 21.27777777777778, "humidity": 73.0, "direction": "N", "rainHour": 0.0, "pressure": 1006.25}