{"windPeak": 0.019923789850704525, "windAvg": 0.0, "temp": 18.111111111111107, "humidity": 85.0, "direction": "N", "rainHour": 0.0, "pressure": 1003.1875}