{"windPeak": 9.245750958529835e-20, "windAvg": 0.0, "temp": 17.888888888888893, "humidity": 75.0, "direction": "N", "rainHour": 0.0, "pressure": 1004.6875}