{"windPeak": 3.904737878540425, "windAvg": 2.22124172, "temp": 30.777777777777782, "humidity": 57.0, "direction": "N", "rainHour": 0.0, "pressure": 1002.6875}