{"windPeak": 0.9376705434273205, "windAvg": 0.0, "temp": 19.499999999999996, "humidity": 83.0, "direction": "N", "rainHour": 0.0, "pressure": 1005.75}