{"windPeak": 3.261517132297107, "windAvg": 1.0137630800000001, "temp": 13.0, "humidity": 60.0, "direction": "N", "rainHour": 0.0, "pressure": 1000.375}