{"windPeak": 0.014739481658792655, "windAvg": 0.0, "temp": 24.22222222222222, "humidity": 62.0, "direction": "N", "rainHour": 0.0, "pressure": 1008.5}