{"windPeak": 4.4013096795322415, "windAvg": 2.75630824, "temp": 23.000000000000004, "humidity": 61.0, "direction": "N", "rainHour": 0.0, "pressure": 1001.75}