{"windPeak": 6.097821096697554, "windAvg": 3.0032620000000008, "temp": 21.611111111111114, "humidity": 81.0, "direction": "N", "rainHour": 0.0, "pressure": 995.0625}