{"windPeak": 11.306057964110796, "windAvg": 5.431640960000002, "temp": 18.5, "humidity": 47.0, "direction": "N", "rainHour": 0.0, "pressure": 999.5625}