{"windPeak": 1.7965204125407285e-37, "windAvg": 0.0, "temp": 21.611111111111114, "humidity": 84.0, "direction": "N", "rainHour": 0.0, "pressure": 1004.0625}