{"windPeak": 3.2555823528443533, "windAvg": 1.6441215000000002, "temp": 26.777777777777782, "humidity": 60.0, "direction": "N", "rainHour": 0.0, "pressure": 1007.5625}