{"windPeak": 7.571204083354939, "windAvg": 3.4045619400000002, "temp": 13.277777777777777, "humidity": 64.0, "direction": "N", "rainHour": 0.0, "pressure": 1000.375}