{"windPeak": 4.600262365831104, "windAvg": 2.3312972000000003, "temp": 21.27777777777778, "humidity": 57.0, "direction": "N", "rainHour": 0.0, "pressure": 996.75}