{"windPeak": 2.481697109774523, "windAvg": 0.5055394000000001, "temp": 18.111111111111107, "humidity": 86.0, "direction": "N", "rainHour": 0.01, "pressure": 1003.5}