{"windPeak": 4.251106143025218, "windAvg": 2.56661906, "temp": 27.11111111111111, "humidity": 63.0, "direction": "N", "rainHour": 0.0, "pressure": 1007.6875}