{"windPeak": 3.519712902802444, "windAvg": 1.49693348, "temp": 33.5, "humidity": 52.0, "direction": "N", "rainHour": 0.0, "pressure": 1006.375}