{"windPeak": 6.611475887762633, "windAvg": 3.281085040000001, "temp": 26.611111111111114, "humidity": 53.0, "direction": "N", "rainHour": 0.0, "pressure": 1002.875}