{"windPeak": 5.4181122836377735, "windAvg": 2.1702404199999994, "temp": 16.722222222222225, "humidity": 76.0, "direction": "N", "rainHour": 0.0, "pressure": 1010.5}