{"windPeak": 2.684755553967553, "windAvg": 1.1497666000000002, "temp": 19.000000000000004, "humidity": 63.0, "direction": "N", "rainHour": 0.0, "pressure": 1006.875}