{"windPeak": 0.16977377382880438, "windAvg": 0.0, "temp": 24.722222222222225, "humidity": 58.0, "direction": "N", "rainHour": 0.0, "pressure": 992.0}