{"windPeak": 1.0021599968769923e-47, "windAvg": 0.0, "temp": 23.722222222222225, "humidity": 74.0, "direction": "N", "rainHour": 0.0, "pressure": 1000.75}