{"windPeak": 2.725940004511223, "windAvg": 1.1175552400000002, "temp": 18.88888888888889, "humidity": 67.0, "direction": "N", "rainHour": 0.0, "pressure": 1000.6875}