{"windPeak": 0.0011729077975168752, "windAvg": 0.0, "temp": 16.500000000000004, "humidity": 87.0, "direction": "N", "rainHour": 0.0, "pressure": 1003.1875}