{"windPeak": 5.2883496196945115e-34, "windAvg": 0.0, "temp": 22.611111111111114, "humidity": 81.0, "direction": "N", "rainHour": 0.0, "pressure": 1006.0625}