{"windPeak": 1.151089324088441e-56, "windAvg": 0.0, "temp": 24.22222222222222, "humidity": 54.0, "direction": "N", "rainHour": 0.0, "pressure": 1012.875}