{"windPeak": 6.084424177274486, "windAvg": 3.3325337800000012, "temp": 26.500000000000004, "humidity": 38.0, "direction": "N", "rainHour": 0.0, "pressure": 1006.75}