{"windPeak": 4.23937837239396, "windAvg": 2.34248168, "temp": 24.000000000000004, "humidity": 86.0, "direction": "N", "rainHour": 0.0, "pressure": 993.1875}