{"windPeak": 5.411774898896642e-14, "windAvg": 0.0, "temp": 18.388888888888886, "humidity": 87.0, "direction": "N", "rainHour": 0.0, "pressure": 1004.25}