{"windPeak": 3.209074500170252, "windAvg": 1.9894988599999999, "temp": 16.0, "humidity": 87.0, "direction": "N", "rainHour": 0.0, "pressure": 1004.6875}