{"windPeak": 5.350937437155887e-33, "windAvg": 0.0, "temp": 20.27777777777778, "humidity": 71.0, "direction": "N", "rainHour": 0.0, "pressure": 1011.0625}