{"windPeak": 4.568529204132856, "windAvg": 2.42479966, "temp": -40.0, "humidity": 0.0, "direction": "N", "rainHour": 0.0, "pressure": 1002.5}