{"windPeak": 4.231614289387568, "windAvg": 1.6356212799999996, "temp": 15.777777777777779, "humidity": 87.0, "direction": "N", "rainHour": 0.0, "pressure": 1006.5}