{"windPeak": 6.793408852984398e-11, "windAvg": 0.0, "temp": 16.38888888888889, "humidity": 71.0, "direction": "N", "rainHour": 0.0, "pressure": 1007.5}