{"windPeak": 6.3011228304579205, "windAvg": 3.4251414000000016, "temp": 27.5, "humidity": 41.0, "direction": "N", "rainHour": 0.0, "pressure": 1004.5625}