{"windPeak": 5.27889934484067, "windAvg": 1.8731800800000002, "temp": 20.222222222222225, "humidity": 57.0, "direction": "N", "rainHour": 0.0, "pressure": 1003.0}