{"windPeak": 1.5020668054220971, "windAvg": 0.033106119999999996, "temp": 17.27777777777778, "humidity": 86.0, "direction": "N", "rainHour": 0.0, "pressure": 1003.0}