{"windPeak": 4.537735613024666, "windAvg": 2.2006622599999988, "temp": 32.77777777777778, "humidity": 53.0, "direction": "N", "rainHour": 0.0, "pressure": 1002.5625}