{"windPeak": 2.76902232542026e-08, "windAvg": 0.0, "temp": 26.11111111111111, "humidity": 76.0, "direction": "N", "rainHour": 0.0, "pressure": 1001.25}