{"windPeak": 9.666971803859715, "windAvg": 4.07339502, "temp": 13.0, "humidity": 62.0, "direction": "N", "rainHour": 0.0, "pressure": 1003.25}