{"windPeak": 2.287275324991324, "windAvg": 0.37087802000000003, "temp": 13.777777777777777, "humidity": 84.0, "direction": "N", "rainHour": 0.0, "pressure": 1005.875}