{"windPeak": 3.199347530270132, "windAvg": 1.3909044199999996, "temp": 17.11111111111111, "humidity": 83.0, "direction": "N", "rainHour": 0.0, "pressure": 1007.25}