{"windPeak": 7.67339470965921, "windAvg": 2.972392740000001, "temp": 24.111111111111114, "humidity": 52.0, "direction": "N", "rainHour": 0.0, "pressure": 1007.75}