{"windPeak": 2.751447943242345, "windAvg": 0.05368560000000001, "temp": 23.77777777777778, "humidity": 77.0, "direction": "N", "rainHour": 0.0, "pressure": 989.25}