{"windPeak": 5.116730544629977, "windAvg": 2.80775692, "temp": 16.88888888888889, "humidity": 66.0, "direction": "N", "rainHour": 0.0, "pressure": 1003.0625}