{"windPeak": 1.0781777873654565e-26, "windAvg": 0.0, "temp": 11.11111111111111, "humidity": 85.0, "direction": "N", "rainHour": 0.0, "pressure": 1004.1875}