{"windPeak": 4.320118640326978, "windAvg": 2.787177400000001, "temp": -2.6111111111111107, "humidity": 0.0, "direction": "N", "rainHour": 0.0, "pressure": 1002.5}