{"windPeak": 1.116806647824514, "windAvg": 0.02281638, "temp": 22.722222222222225, "humidity": 65.0, "direction": "N", "rainHour": 0.0, "pressure": 1009.5625}