{"windPeak": 6.1330220000830115e-06, "windAvg": 0.0, "temp": 25.27777777777778, "humidity": 70.0, "direction": "N", "rainHour": 0.0, "pressure": 1007.25}