{"windPeak": 0.3383597681360775, "windAvg": 0.0, "temp": 16.61111111111111, "humidity": 69.0, "direction": "N", "rainHour": 0.0, "pressure": 1007.5625}