{"windPeak": 4.349822055139354, "windAvg": 2.8694953200000004, "temp": 21.72222222222222, "humidity": 76.0, "direction": "N", "rainHour": 0.0, "pressure": 990.5}