{"windPeak": 0.029312700859817003, "windAvg": 0.0, "temp": 24.61111111111111, "humidity": 60.0, "direction": "N", "rainHour": 0.0, "pressure": 992.1875}