{"windPeak": 0.28885797554028114, "windAvg": 0.0, "temp": 23.277777777777782, "humidity": 66.0, "direction": "N", "rainHour": 0.0, "pressure": 1009.0}