{"windPeak": 4.67852358758725, "windAvg": 2.560803120000001, "temp": 31.0, "humidity": 46.0, "direction": "N", "rainHour": 0.0, "pressure": 1001.25}