{"windPeak": 4.526374808831308e-60, "windAvg": 0.0, "temp": 21.72222222222222, "humidity": 76.0, "direction": "N", "rainHour": 0.0, "pressure": 1014.75}