{"windPeak": 4.3098677733703585, "windAvg": 2.6739902600000005, "temp": 29.61111111111111, "humidity": 47.0, "direction": "N", "rainHour": 0.0, "pressure": 996.1875}