{"windPeak": 7.81512172100709e-61, "windAvg": 0.0, "temp": 21.999999999999996, "humidity": 74.0, "direction": "N", "rainHour": 0.0, "pressure": 1014.75}