{"windPeak": 2.34212324188119, "windAvg": 1.34392952, "temp": 28.722222222222225, "humidity": 58.0, "direction": "N", "rainHour": 0.0, "pressure": 1003.375}