{"windPeak": 4.665040718485365, "windAvg": 2.4990647, "temp": 19.388888888888893, "humidity": 64.0, "direction": "N", "rainHour": 0.0, "pressure": 1004.0625}