{"windPeak": 2.520354765073827e-16, "windAvg": 0.0, "temp": 21.999999999999996, "humidity": 72.0, "direction": "N", "rainHour": 0.0, "pressure": 1006.5}