{"windPeak": 1.9604028447979391, "windAvg": 0.68762306, "temp": 29.61111111111111, "humidity": 39.0, "direction": "N", "rainHour": 0.0, "pressure": 1010.0}