{"windPeak": 0.7817020585735603, "windAvg": 0.20087362000000003, "temp": 24.111111111111114, "humidity": 74.0, "direction": "N", "rainHour": 0.0, "pressure": 1000.5}