{"windPeak": 1.2011094125918196e-05, "windAvg": 0.0, "temp": 18.388888888888886, "humidity": 83.0, "direction": "N", "rainHour": 0.01, "pressure": 1003.6875}