{"windPeak": 2.8184085193094583, "windAvg": 0.4406693, "temp": 26.611111111111114, "humidity": 54.0, "direction": "N", "rainHour": 0.0, "pressure": 1013.875}