{"windPeak": 6.405408041674086, "windAvg": 4.248320700000002, "temp": 25.111111111111114, "humidity": 54.0, "direction": "N", "rainHour": 0.0, "pressure": 992.75}