{"windPeak": 7.881492257117491, "windAvg": 5.21555642, "temp": 28.000000000000004, "humidity": 40.0, "direction": "N", "rainHour": 0.0, "pressure": 993.0625}