{"windPeak": 5.285737020817563, "windAvg": 3.0855799200000003, "temp": 26.888888888888893, "humidity": 52.0, "direction": "N", "rainHour": 0.0, "pressure": 1003.0}