{"windPeak": 4.0285285666984985, "windAvg": 1.3671932800000002, "temp": 16.222222222222225, "humidity": 87.0, "direction": "N", "rainHour": 0.0, "pressure": 1006.875}