{"windPeak": 6.279874878712733, "windAvg": 3.229636320000001, "temp": 30.388888888888893, "humidity": 40.0, "direction": "N", "rainHour": 0.0, "pressure": 1009.25}