{"windPeak": 0.029020801054029995, "windAvg": 0.0, "temp": 23.277777777777782, "humidity": 62.0, "direction": "N", "rainHour": 0.0, "pressure": 1009.5}