{"windPeak": 3.0574596780541916, "windAvg": 0.33911403999999995, "temp": 24.000000000000004, "humidity": 64.0, "direction": "N", "rainHour": 0.0, "pressure": 1009.0}