{"windPeak": 4.063421625815163, "windAvg": 1.4629326, "temp": 23.277777777777782, "humidity": 78.0, "direction": "N", "rainHour": 0.0, "pressure": 1007.0625}