{"windPeak": 1.3744196140007858, "windAvg": 0.27737559999999994, "temp": 24.777777777777775, "humidity": 68.0, "direction": "N", "rainHour": 0.0, "pressure": 1006.6875}