{"windPeak": 4.597629948200324, "windAvg": 2.5791457399999995, "temp": 30.0, "humidity": 61.0, "direction": "N", "rainHour": 0.0, "pressure": 1002.6875}