{"windPeak": 1.2224844279042196e-11, "windAvg": 0.0, "temp": 12.888888888888891, "humidity": 85.0, "direction": "N", "rainHour": 0.0, "pressure": 1010.75}