{"windPeak": 4.749137838234895, "windAvg": 2.8592056200000013, "temp": 21.72222222222222, "humidity": 60.0, "direction": "N", "rainHour": 0.0, "pressure": 1007.75}