{"windPeak": 2.5383537758546644, "windAvg": 1.3072443600000005, "temp": 22.5, "humidity": 84.0, "direction": "N", "rainHour": 0.01, "pressure": 999.1875}