{"windPeak": 2.6204933584142682, "windAvg": 1.1801884400000004, "temp": 22.38888888888889, "humidity": 85.0, "direction": "N", "rainHour": 0.0, "pressure": 998.375}