{"windPeak": 7.497479658328111e-09, "windAvg": 0.0, "temp": 22.277777777777775, "humidity": 70.0, "direction": "N", "rainHour": 0.0, "pressure": 1009.0625}