{"windPeak": 4.338760847478033e-11, "windAvg": 0.0, "temp": 23.000000000000004, "humidity": 77.0, "direction": "N", "rainHour": 0.0, "pressure": 1006.25}