{"windPeak": 3.736357759256588, "windAvg": 1.8109942399999994, "temp": 32.77777777777778, "humidity": 51.0, "direction": "N", "rainHour": 0.0, "pressure": 1004.875}