{"windPeak": 8.783388777062712e-19, "windAvg": 0.0, "temp": 22.722222222222225, "humidity": 87.0, "direction": "N", "rainHour": 0.0, "pressure": 1000.1875}