{"windPeak": 2.344016602227529, "windAvg": 1.3390083399999997, "temp": 28.22222222222222, "humidity": 60.0, "direction": "N", "rainHour": 0.0, "pressure": 1004.875}