{"windPeak": 0.02110261481970422, "windAvg": 0.0, "temp": 26.611111111111114, "humidity": 44.0, "direction": "N", "rainHour": 0.0, "pressure": 1002.75}