{"windPeak": 2.0089439150624466, "windAvg": 0.33329810000000004, "temp": 7.000000000000001, "humidity": 81.0, "direction": "N", "rainHour": 0.0, "pressure": 1005.375}