{"windPeak": 5.775515867728308, "windAvg": 2.9289968799999992, "temp": 21.27777777777778, "humidity": 68.0, "direction": "N", "rainHour": 0.0, "pressure": 1007.375}