{"windPeak": 3.702966516346499, "windAvg": 2.2624006599999995, "temp": 30.888888888888886, "humidity": 61.0, "direction": "N", "rainHour": 0.0, "pressure": 1006.25}