{"windPeak": 7.832202795406966e-22, "windAvg": 0.0, "temp": 21.500000000000004, "humidity": 66.0, "direction": "N", "rainHour": 0.0, "pressure": 1003.5625}