{"windPeak": 4.93610490263471, "windAvg": 1.74030822, "temp": 30.0, "humidity": 35.0, "direction": "N", "rainHour": 0.0, "pressure": 1009.6875}