{"windPeak": 4.490069782330446, "windAvg": 1.87631172, "temp": 32.388888888888886, "humidity": 47.0, "direction": "N", "rainHour": 0.0, "pressure": 1003.0625}