{"windPeak": 4.164639934494967, "windAvg": 2.3755878, "temp": 34.77777777777778, "humidity": 53.0, "direction": "N", "rainHour": 0.0, "pressure": 1005.375}