{"windPeak": 5.484313471673967, "windAvg": 2.9415235400000013, "temp": 28.388888888888886, "humidity": 40.0, "direction": "N", "rainHour": 0.0, "pressure": 1004.0625}