{"windPeak": 2.8921589405454204, "windAvg": 0.63125318, "temp": 15.888888888888891, "humidity": 68.0, "direction": "N", "rainHour": 0.0, "pressure": 1007.1875}