{"windPeak": 3.2943842159932393, "windAvg": 1.5904358999999995, "temp": 24.88888888888889, "humidity": 57.0, "direction": "N", "rainHour": 0.0, "pressure": 1005.5625}