{"windPeak": 5.087427092907966, "windAvg": 2.5710928599999994, "temp": 27.5, "humidity": 50.0, "direction": "N", "rainHour": 0.0, "pressure": 1010.1875}