{"windPeak": 2.1132115186961142e-05, "windAvg": 0.0, "temp": 22.11111111111111, "humidity": 76.0, "direction": "N", "rainHour": 0.0, "pressure": 1005.0625}