{"windPeak": 2.5045700876433256e-35, "windAvg": 0.0, "temp": 12.000000000000002, "humidity": 85.0, "direction": "N", "rainHour": 0.0, "pressure": 1012.5}