{"windPeak": 1.5938338599252616e-14, "windAvg": 0.0, "temp": 21.999999999999996, "humidity": 81.0, "direction": "N", "rainHour": 0.0, "pressure": 1005.6875}