{"windPeak": 2.302689997942483, "windAvg": 0.33106119999999994, "temp": 21.611111111111114, "humidity": 74.0, "direction": "N", "rainHour": 0.0, "pressure": 1005.5}