{"windPeak": 2.8882490161055834e-24, "windAvg": 0.0, "temp": 21.222222222222225, "humidity": 79.0, "direction": "N", "rainHour": 0.0, "pressure": 1004.5}