{"windPeak": 2.1190952601927892e-08, "windAvg": 0.0, "temp": 23.277777777777782, "humidity": 77.0, "direction": "N", "rainHour": 0.0, "pressure": 1005.75}