{"windPeak": 4.28762672225647e-49, "windAvg": 0.0, "temp": 21.77777777777778, "humidity": 77.0, "direction": "N", "rainHour": 0.0, "pressure": 1012.875}