{"windPeak": 1.407652500368522e-48, "windAvg": 0.0, "temp": 18.77777777777778, "humidity": 75.0, "direction": "N", "rainHour": 0.0, "pressure": 1007.0625}