{"windPeak": 4.07656102747816, "windAvg": 2.42703652, "temp": 21.611111111111114, "humidity": 75.0, "direction": "N", "rainHour": 0.0, "pressure": 992.6875}