{"windPeak": 3.611994573578875, "windAvg": 2.2248207399999997, "temp": 23.77777777777778, "humidity": 68.0, "direction": "N", "rainHour": 0.0, "pressure": 1008.1875}