{"windPeak": 3.828879909099045, "windAvg": 1.8454425200000009, "temp": 22.38888888888889, "humidity": 66.0, "direction": "N", "rainHour": 0.0, "pressure": 1002.6875}