{"windPeak": 2.8971899343841156e-05, "windAvg": 0.0, "temp": 30.388888888888893, "humidity": 67.0, "direction": "N", "rainHour": 0.0, "pressure": 1001.375}