{"windPeak": 1.5657323860294355e-25, "windAvg": 0.0, "temp": 27.611111111111114, "humidity": 62.0, "direction": "N", "rainHour": 0.0, "pressure": 1011.375}