{"windPeak": 4.392143328275972, "windAvg": 1.8373896600000001, "temp": 28.277777777777782, "humidity": 44.0, "direction": "N", "rainHour": 0.0, "pressure": 1014.5625}