{"windPeak": 5.029845549447918, "windAvg": 3.0238414200000006, "temp": 18.722222222222225, "humidity": 76.0, "direction": "N", "rainHour": 0.0, "pressure": 1002.0625}