{"windPeak": 1.0696194590650296, "windAvg": 0.04563276, "temp": 19.777777777777775, "humidity": 71.0, "direction": "N", "rainHour": 0.0, "pressure": 1010.0625}