{"windPeak": 4.429536437707873, "windAvg": 3.013551680000001, "temp": 22.888888888888893, "humidity": 72.0, "direction": "N", "rainHour": 0.0, "pressure": 996.0625}