{"windPeak": 0.10593137257334494, "windAvg": 0.0, "temp": 13.88888888888889, "humidity": 80.0, "direction": "N", "rainHour": 0.0, "pressure": 1011.25}