{"windPeak": 3.366270852186004e-37, "windAvg": 0.0, "temp": 14.11111111111111, "humidity": 85.0, "direction": "N", "rainHour": 0.0, "pressure": 1005.5625}