{"windPeak": 4.366273714394999, "windAvg": 2.2659797, "temp": 24.22222222222222, "humidity": 77.0, "direction": "N", "rainHour": 0.0, "pressure": 1006.5}