{"windPeak": 1.2791829050316239e-14, "windAvg": 0.0, "temp": 24.22222222222222, "humidity": 70.0, "direction": "N", "rainHour": 0.0, "pressure": 1004.25}