{"windPeak": 2.3151263642862356, "windAvg": 0.9314451600000001, "temp": 24.388888888888893, "humidity": 78.0, "direction": "N", "rainHour": 0.0, "pressure": 1007.875}