{"windPeak": 4.389552261262588, "windAvg": 2.8900748199999997, "temp": 26.999999999999996, "humidity": 52.0, "direction": "N", "rainHour": 0.0, "pressure": 1002.5}