{"windPeak": 3.644776740871876, "windAvg": 2.2624006599999995, "temp": 23.11111111111111, "humidity": 67.0, "direction": "N", "rainHour": 0.0, "pressure": 990.75}