{"windPeak": 0.8518533953997919, "windAvg": 0.0, "temp": 29.61111111111111, "humidity": 44.0, "direction": "N", "rainHour": 0.0, "pressure": 1002.5625}