{"windPeak": 1.9156864969059, "windAvg": 1.2070312399999998, "temp": 32.611111111111114, "humidity": 39.0, "direction": "N", "rainHour": 0.0, "pressure": 1008.25}