{"windPeak": 5.5247463444670133e-05, "windAvg": 0.0, "temp": 30.500000000000004, "humidity": 46.0, "direction": "N", "rainHour": 0.0, "pressure": 1012.875}