{"windPeak": 2.396597060113484, "windAvg": 0.37893086000000004, "temp": 6.722222222222223, "humidity": 78.0, "direction": "N", "rainHour": 0.0, "pressure": 1005.5625}