{"windPeak": 0.00042841402078641735, "windAvg": 0.0, "temp": 11.88888888888889, "humidity": 72.0, "direction": "N", "rainHour": 0.0, "pressure": 1001.0}