{"windPeak": 2.1184259403498915, "windAvg": 0.8826807400000001, "temp": 22.77777777777778, "humidity": 81.0, "direction": "N", "rainHour": 0.0, "pressure": 1008.1875}