{"windPeak": 3.521984224518641, "windAvg": 2.445379080000001, "temp": 29.88888888888889, "humidity": 38.0, "direction": "N", "rainHour": 0.0, "pressure": 1010.0625}