{"windPeak": 3.011537124368105, "windAvg": 0.9690250800000004, "temp": 25.0, "humidity": 77.0, "direction": "N", "rainHour": 0.0, "pressure": 1007.75}