{"windPeak": 0.0067932663076654565, "windAvg": 0.0, "temp": 16.722222222222225, "humidity": 86.0, "direction": "N", "rainHour": 0.0, "pressure": 1003.5}