{"windPeak": 3.0914648744295783, "windAvg": 0.44290619999999997, "temp": 31.27777777777778, "humidity": 42.0, "direction": "N", "rainHour": 0.0, "pressure": 1002.5}