{"windPeak": 3.7369614383551095, "windAvg": 2.3733509000000006, "temp": 37.0, "humidity": 43.0, "direction": "N", "rainHour": 0.0, "pressure": 1002.5}