{"windPeak": 4.426098012308779, "windAvg": 1.6132522799999987, "temp": 29.88888888888889, "humidity": 62.0, "direction": "N", "rainHour": 0.0, "pressure": 1000.375}