{"windPeak": 3.1852165599197284, "windAvg": 1.43877408, "temp": 22.277777777777775, "humidity": 59.0, "direction": "N", "rainHour": 0.0, "pressure": 1005.0}