{"windPeak": 4.5911846944563415, "windAvg": 1.3716671, "temp": 22.77777777777778, "humidity": 79.0, "direction": "N", "rainHour": 0.0, "pressure": 1007.375}