{"windPeak": 2.116843803110479, "windAvg": 0.56951474, "temp": 16.500000000000004, "humidity": 65.0, "direction": "N", "rainHour": 0.0, "pressure": 1006.75}