{"windPeak": 3.1442406204348328, "windAvg": 0.22726904, "temp": 31.222222222222225, "humidity": 57.0, "direction": "N", "rainHour": 0.0, "pressure": 1007.75}