{"windPeak": 9.124698583277441, "windAvg": 4.731938560000002, "temp": 22.11111111111111, "humidity": 39.0, "direction": "N", "rainHour": 0.0, "pressure": 1000.6875}