{"windPeak": 0.9339999364691037, "windAvg": 0.02281638, "temp": 19.000000000000004, "humidity": 58.0, "direction": "N", "rainHour": 0.0, "pressure": 1006.75}