{"windPeak": 3.345703062684273e-30, "windAvg": 0.0, "temp": 18.388888888888886, "humidity": 84.0, "direction": "N", "rainHour": 0.0, "pressure": 999.1875}