{"windPeak": 0.6419165415403576, "windAvg": 0.0, "temp": 25.72222222222222, "humidity": 58.0, "direction": "N", "rainHour": 0.0, "pressure": 1014.1875}