{"windPeak": 1.1068867945765786, "windAvg": 0.0, "temp": 9.000000000000002, "humidity": 71.0, "direction": "N", "rainHour": 0.0, "pressure": 1000.0625}