{"windPeak": 1.097107139554099, "windAvg": 0.02281638, "temp": 16.88888888888889, "humidity": 63.0, "direction": "N", "rainHour": 0.0, "pressure": 1006.6875}