{"windPeak": 4.318552949236589, "windAvg": 2.0740536799999996, "temp": 17.72222222222222, "humidity": 87.0, "direction": "N", "rainHour": 0.0, "pressure": 992.25}