{"windPeak": 3.703419044976984e-10, "windAvg": 0.0, "temp": 18.61111111111111, "humidity": 87.0, "direction": "N", "rainHour": 0.0, "pressure": 1004.25}