{"windPeak": 5.730567896865387e-54, "windAvg": 0.0, "temp": 21.38888888888889, "humidity": 80.0, "direction": "N", "rainHour": 0.0, "pressure": 1003.0}