{"windPeak": 2.754137215518517e-35, "windAvg": 0.0, "temp": 23.388888888888886, "humidity": 63.0, "direction": "N", "rainHour": 0.0, "pressure": 1010.6875}