{"windPeak": 7.208905752314483e-28, "windAvg": 0.0, "temp": 21.222222222222225, "humidity": 65.0, "direction": "N", "rainHour": 0.0, "pressure": 1012.0625}