{"windPeak": 2.351530013038496, "windAvg": 0.30824482, "temp": 8.111111111111112, "humidity": 76.0, "direction": "N", "rainHour": 0.0, "pressure": 1000.1875}