{"windPeak": 1.7073401517577537e-14, "windAvg": 0.0, "temp": 17.72222222222222, "humidity": 71.0, "direction": "N", "rainHour": 0.0, "pressure": 1000.375}