{"windPeak": 2.858905142141706, "windAvg": 1.6450162600000007, "temp": 18.111111111111107, "humidity": 86.0, "direction": "N", "rainHour": 0.0, "pressure": 999.0625}