{"windPeak": 4.218402733047687e-24, "windAvg": 0.0, "temp": 22.888888888888893, "humidity": 87.0, "direction": "N", "rainHour": 0.0, "pressure": 999.75}