{"windPeak": 4.540707656796248, "windAvg": 1.9930779400000003, "temp": 17.0, "humidity": 76.0, "direction": "N", "rainHour": 0.0, "pressure": 1003.75}