{"windPeak": 9.43456447756807, "windAvg": 4.557012980000001, "temp": 16.27777777777778, "humidity": 79.0, "direction": "N", "rainHour": 0.0, "pressure": 999.875}