{"windPeak": 3.6730490246386465, "windAvg": 1.6629114600000003, "temp": 21.11111111111111, "humidity": 60.0, "direction": "N", "rainHour": 0.0, "pressure": 1010.375}