{"windPeak": 1.1311679423968977e-05, "windAvg": 0.0, "temp": 20.27777777777778, "humidity": 60.0, "direction": "N", "rainHour": 0.0, "pressure": 1006.5625}