{"windPeak": 2.8040698564232964, "windAvg": 0.0559225, "temp": 19.777777777777775, "humidity": 73.0, "direction": "N", "rainHour": 0.0, "pressure": 1008.875}