{"windPeak": 3.1073086014989083e-16, "windAvg": 0.0, "temp": 16.88888888888889, "humidity": 64.0, "direction": "N", "rainHour": 0.0, "pressure": 1006.5625}