{"windPeak": 1.7373293137850786e-05, "windAvg": 0.0, "temp": 26.611111111111114, "humidity": 65.0, "direction": "N", "rainHour": 0.0, "pressure": 1006.6875}