{"windPeak": 2.689165396497987, "windAvg": 0.5547512, "temp": 20.777777777777782, "humidity": 61.0, "direction": "N", "rainHour": 0.0, "pressure": 1002.6875}