{"windPeak": 2.4475214556316075e-38, "windAvg": 0.0, "temp": 21.72222222222222, "humidity": 59.0, "direction": "N", "rainHour": 0.0, "pressure": 1010.5625}