{"windPeak": 6.410220491582839, "windAvg": 2.890074879999999, "temp": 28.11111111111111, "humidity": 34.0, "direction": "N", "rainHour": 0.0, "pressure": 1005.875}