{"windPeak": 1.973045948836617, "windAvg": 1.3059022200000001, "temp": 24.277777777777782, "humidity": 78.0, "direction": "N", "rainHour": 0.0, "pressure": 1008.25}