{"windPeak": 3.2874045808690733, "windAvg": 1.9823407799999986, "temp": 31.0, "humidity": 45.0, "direction": "N", "rainHour": 0.0, "pressure": 1007.1875}