{"windPeak": 1.8572645836995188e-25, "windAvg": 0.0, "temp": 21.999999999999996, "humidity": 73.0, "direction": "N", "rainHour": 0.0, "pressure": 1006.75}