{"windPeak": 0.0028051108587090956, "windAvg": 0.0, "temp": 28.88888888888889, "humidity": 77.0, "direction": "N", "rainHour": 0.0, "pressure": 1000.375}