{"windPeak": 2.278993065738813, "windAvg": 0.23979568, "temp": 24.777777777777775, "humidity": 79.0, "direction": "N", "rainHour": 0.0, "pressure": 987.0625}