{"windPeak": 4.9108468788892546e-17, "windAvg": 0.0, "temp": 15.888888888888891, "humidity": 86.0, "direction": "N", "rainHour": 0.0, "pressure": 1010.0}