{"windPeak": 0.000502378882410379, "windAvg": 0.0, "temp": 19.22222222222222, "humidity": 80.0, "direction": "N", "rainHour": 0.0, "pressure": 1009.375}