{"windPeak": 2.6797295435426336, "windAvg": 1.1439506600000002, "temp": 18.88888888888889, "humidity": 86.0, "direction": "N", "rainHour": 0.0, "pressure": 990.1875}