{"windPeak": 1.4564979127228558e-29, "windAvg": 0.0, "temp": 21.11111111111111, "humidity": 78.0, "direction": "N", "rainHour": 0.0, "pressure": 1005.1875}