{"windPeak": 1.1788791991214508e-23, "windAvg": 0.0, "temp": 12.722222222222221, "humidity": 80.0, "direction": "N", "rainHour": 0.0, "pressure": 1004.0}