{"windPeak": 0.6288778667030123, "windAvg": 0.11989784, "temp": 27.611111111111114, "humidity": 66.0, "direction": "N", "rainHour": 0.0, "pressure": 1000.75}