{"windPeak": 5.434460751954874, "windAvg": 3.641225960000001, "temp": 23.277777777777782, "humidity": 49.0, "direction": "N", "rainHour": 0.0, "pressure": 1005.6875}