{"windPeak": 4.619787823717432, "windAvg": 2.42703652, "temp": -40.0, "humidity": 0.0, "direction": "N", "rainHour": 0.0, "pressure": 1003.1875}