{"windPeak": 2.765497807358164, "windAvg": 1.4674063999999998, "temp": 24.277777777777782, "humidity": 66.0, "direction": "N", "rainHour": 0.0, "pressure": 1012.0625}