{"windPeak": 2.3517540974327294e-19, "windAvg": 0.0, "temp": 21.611111111111114, "humidity": 73.0, "direction": "N", "rainHour": 0.0, "pressure": 1006.375}