{"windPeak": 5.965043726971659e-07, "windAvg": 0.0, "temp": 25.388888888888893, "humidity": 77.0, "direction": "N", "rainHour": 0.0, "pressure": 1002.5}