{"windPeak": 8.400382592407349, "windAvg": 2.8399683000000007, "temp": 19.111111111111114, "humidity": 76.0, "direction": "N", "rainHour": 0.0, "pressure": 1006.6875}