{"windPeak": 1.0934926560683604, "windAvg": 0.0, "temp": 21.888888888888893, "humidity": 82.0, "direction": "N", "rainHour": 0.0, "pressure": 1001.75}