{"windPeak": 0.782796504461001, "windAvg": 0.20892645999999998, "temp": 24.722222222222225, "humidity": 77.0, "direction": "N", "rainHour": 0.0, "pressure": 1006.25}