{"windPeak": 8.752921973895408, "windAvg": 3.8778901199999996, "temp": 26.38888888888889, "humidity": 37.0, "direction": "N", "rainHour": 0.0, "pressure": 997.875}