{"windPeak": 2.5776936844175578e-39, "windAvg": 0.0, "temp": 24.22222222222222, "humidity": 86.0, "direction": "N", "rainHour": 0.0, "pressure": 1000.5}