{"windPeak": 8.735229442986329, "windAvg": 3.1576081599999997, "temp": 22.11111111111111, "humidity": 63.0, "direction": "N", "rainHour": 0.0, "pressure": 1008.25}