{"windPeak": 2.6042646485953163, "windAvg": 1.3846411000000003, "temp": 19.72222222222222, "humidity": 65.0, "direction": "N", "rainHour": 0.0, "pressure": 1006.6875}