{"windPeak": 0.00031916066406963037, "windAvg": 0.0, "temp": 21.11111111111111, "humidity": 62.0, "direction": "N", "rainHour": 0.0, "pressure": 1006.1875}