{"windPeak": 2.2364197844135646e-54, "windAvg": 0.0, "temp": 22.11111111111111, "humidity": 62.0, "direction": "N", "rainHour": 0.0, "pressure": 1013.0625}