{"windPeak": 2.3537657236438446e-32, "windAvg": 0.0, "temp": 25.888888888888886, "humidity": 65.0, "direction": "N", "rainHour": 0.0, "pressure": 1011.6875}