{"windPeak": 1.9816939758023654e-38, "windAvg": 0.0, "temp": 16.77777777777778, "humidity": 77.0, "direction": "N", "rainHour": 0.0, "pressure": 995.1875}