{"windPeak": 3.137576213352955, "windAvg": 1.60788372, "temp": 31.27777777777778, "humidity": 58.0, "direction": "N", "rainHour": 0.0, "pressure": 1001.0625}