{"windPeak": 0.3152564515468758, "windAvg": 0.0, "temp": 23.88888888888889, "humidity": 81.0, "direction": "N", "rainHour": 0.0, "pressure": 1002.375}