{"windPeak": 5.413032016091848, "windAvg": 2.9804456000000012, "temp": 27.38888888888889, "humidity": 40.0, "direction": "N", "rainHour": 0.0, "pressure": 1006.75}