{"windPeak": 2.239253992217647e-30, "windAvg": 0.0, "temp": 16.38888888888889, "humidity": 78.0, "direction": "N", "rainHour": 0.0, "pressure": 1005.375}