{"windPeak": 4.1953028433352096e-43, "windAvg": 0.0, "temp": 17.72222222222222, "humidity": 71.0, "direction": "N", "rainHour": 0.0, "pressure": 1010.6875}