{"windPeak": 1.4954722491927932, "windAvg": 0.0, "temp": 20.72222222222222, "humidity": 84.0, "direction": "N", "rainHour": 0.0, "pressure": 1002.5}