{"windPeak": 0.00019593623405285383, "windAvg": 0.0, "temp": 25.888888888888886, "humidity": 69.0, "direction": "N", "rainHour": 0.0, "pressure": 1007.0}