{"windPeak": 1.4408296937480196, "windAvg": 0.15524085999999998, "temp": 21.72222222222222, "humidity": 52.0, "direction": "N", "rainHour": 0.0, "pressure": 1006.375}