{"windPeak": 2.7804524191447872, "windAvg": 0.38832584000000003, "temp": 25.888888888888886, "humidity": 79.0, "direction": "N", "rainHour": 0.0, "pressure": 988.5625}