{"windPeak": 1.6630369982408242, "windAvg": 0.08902861999999999, "temp": 15.277777777777779, "humidity": 82.0, "direction": "N", "rainHour": 0.0, "pressure": 1005.1875}