{"windPeak": 2.556510124695253, "windAvg": 0.5856204199999999, "temp": 25.27777777777778, "humidity": 75.0, "direction": "N", "rainHour": 0.0, "pressure": 1006.5}