{"windPeak": 6.660983830396884, "windAvg": 3.7235439000000015, "temp": 26.38888888888889, "humidity": 44.0, "direction": "N", "rainHour": 0.0, "pressure": 1007.75}