{"windPeak": 4.248894033157193, "windAvg": 2.3733509200000005, "temp": 32.611111111111114, "humidity": 42.0, "direction": "N", "rainHour": 0.0, "pressure": 1001.25}