{"windPeak": 2.797375837561237, "windAvg": 1.0365794600000002, "temp": 31.222222222222225, "humidity": 57.0, "direction": "N", "rainHour": 0.0, "pressure": 1005.5625}