{"windPeak": 5.899811177883938, "windAvg": 3.373692740000001, "temp": 19.61111111111111, "humidity": 75.0, "direction": "N", "rainHour": 0.0, "pressure": 1000.6875}