{"windPeak": 9.839370307320307, "windAvg": 5.03034112, "temp": 10.611111111111112, "humidity": 70.0, "direction": "N", "rainHour": 0.0, "pressure": 1004.375}