{"windPeak": 3.678951596768396, "windAvg": 1.6570955199999997, "temp": 18.000000000000004, "humidity": 87.0, "direction": "N", "rainHour": 0.0, "pressure": 993.6875}