{"windPeak": 6.611357218164678, "windAvg": 3.4560106000000013, "temp": 8.777777777777777, "humidity": 77.0, "direction": "N", "rainHour": 0.0, "pressure": 1004.5625}