{"windPeak": 3.8285708789698236, "windAvg": 0.7766516800000002, "temp": 23.11111111111111, "humidity": 76.0, "direction": "N", "rainHour": 0.0, "pressure": 999.75}