{"windPeak": 2.3630606482200998, "windAvg": 0.19058388, "temp": 22.22222222222222, "humidity": 67.0, "direction": "N", "rainHour": 0.0, "pressure": 1008.5}