{"windPeak": 1.155861004146001e-15, "windAvg": 0.0, "temp": 19.22222222222222, "humidity": 66.0, "direction": "N", "rainHour": 0.0, "pressure": 1013.0625}