{"windPeak": 3.6877047070923292, "windAvg": 0.8679172000000002, "temp": 19.88888888888889, "humidity": 86.0, "direction": "N", "rainHour": 0.0, "pressure": 996.875}