{"windPeak": 1.711692034930047, "windAvg": 0.31495552, "temp": 28.88888888888889, "humidity": 44.0, "direction": "N", "rainHour": 0.0, "pressure": 1004.0625}