{"windPeak": 3.3419969157784934, "windAvg": 1.7139127799999991, "temp": 27.77777777777778, "humidity": 65.0, "direction": "N", "rainHour": 0.0, "pressure": 1006.1875}