{"windPeak": 1.6804935998282305e-45, "windAvg": 0.0, "temp": 21.999999999999996, "humidity": 70.0, "direction": "N", "rainHour": 0.0, "pressure": 1003.1875}