{"windPeak": 4.5730666787308025e-30, "windAvg": 0.0, "temp": 21.888888888888893, "humidity": 78.0, "direction": "N", "rainHour": 0.0, "pressure": 1011.5625}