{"windPeak": 6.888822303735966, "windAvg": 3.7955720200000025, "temp": 9.222222222222223, "humidity": 64.0, "direction": "N", "rainHour": 0.0, "pressure": 1005.875}