{"windPeak": 2.321163162412976, "windAvg": 0.8401796400000001, "temp": 20.388888888888893, "humidity": 73.0, "direction": "N", "rainHour": 0.0, "pressure": 993.0}