{"windPeak": 1.2560804173814941, "windAvg": 0.0, "temp": 25.222222222222225, "humidity": 72.0, "direction": "N", "rainHour": 0.0, "pressure": 1000.5625}