{"windPeak": 9.343830625570351e-15, "windAvg": 0.0, "temp": 18.277777777777782, "humidity": 87.0, "direction": "N", "rainHour": 0.0, "pressure": 1004.0625}