{"windPeak": 2.9451156424288043e-16, "windAvg": 0.0, "temp": 14.000000000000002, "humidity": 78.0, "direction": "N", "rainHour": 0.0, "pressure": 1012.6875}