{"windPeak": 0.33905866660584216, "windAvg": 0.0, "temp": 23.61111111111111, "humidity": 50.0, "direction": "N", "rainHour": 0.0, "pressure": 1005.6875}