{"windPeak": 3.586516932965009, "windAvg": 1.9572874999999994, "temp": 31.777777777777782, "humidity": 44.0, "direction": "N", "rainHour": 0.0, "pressure": 1001.5}