{"windPeak": 0.5370017575819794, "windAvg": 0.02281638, "temp": 30.388888888888893, "humidity": 45.0, "direction": "N", "rainHour": 0.0, "pressure": 1008.5}