{"windPeak": 4.0977931385818556e-11, "windAvg": 0.0, "temp": 22.888888888888893, "humidity": 73.0, "direction": "N", "rainHour": 0.0, "pressure": 1006.875}