{"windPeak": 2.2338754285396663, "windAvg": 0.02281638, "temp": 21.27777777777778, "humidity": 69.0, "direction": "N", "rainHour": 0.0, "pressure": 1008.75}