{"windPeak": 0.05459476687209164, "windAvg": 0.0, "temp": 24.499999999999996, "humidity": 74.0, "direction": "N", "rainHour": 0.0, "pressure": 1003.6875}