{"windPeak": 2.255648783545996, "windAvg": 0.24784852000000002, "temp": 19.777777777777775, "humidity": 82.0, "direction": "N", "rainHour": 0.0, "pressure": 1006.0}