{"windPeak": 1.0876738059932991e-07, "windAvg": 0.0, "temp": 21.888888888888893, "humidity": 77.0, "direction": "N", "rainHour": 0.0, "pressure": 1005.1875}