{"windPeak": 2.2397621436352707e-10, "windAvg": 0.0, "temp": 15.111111111111112, "humidity": 77.0, "direction": "N", "rainHour": 0.0, "pressure": 1011.1875}