{"windPeak": 1.9239429153175063e-05, "windAvg": 0.0, "temp": 25.61111111111111, "humidity": 76.0, "direction": "N", "rainHour": 0.0, "pressure": 1002.5625}