{"windPeak": 8.769652203000791e-24, "windAvg": 0.0, "temp": 27.277777777777775, "humidity": 63.0, "direction": "N", "rainHour": 0.0, "pressure": 1004.1875}