{"windPeak": 3.544533475992019, "windAvg": 1.17974106, "temp": 16.0, "humidity": 87.0, "direction": "N", "rainHour": 0.0, "pressure": 1005.0625}