{"windPeak": 2.0861187181553515, "windAvg": 0.30377102, "temp": 21.999999999999996, "humidity": 85.0, "direction": "N", "rainHour": 0.0, "pressure": 1006.75}