{"windPeak": 3.8048547734024076, "windAvg": 2.56080312, "temp": 18.22222222222222, "humidity": 66.0, "direction": "N", "rainHour": 0.0, "pressure": 1004.25}