{"windPeak": 1.207081487342185, "windAvg": 0.02281638, "temp": 19.88888888888889, "humidity": 75.0, "direction": "N", "rainHour": 0.0, "pressure": 1009.0625}