{"windPeak": 5.108124899902185, "windAvg": 1.9165759199999999, "temp": 18.111111111111107, "humidity": 76.0, "direction": "N", "rainHour": 0.0, "pressure": 1002.875}