{"windPeak": 2.60025910391681, "windAvg": 0.67912284, "temp": 23.88888888888889, "humidity": 66.0, "direction": "N", "rainHour": 0.0, "pressure": 1009.5}