{"windPeak": 4.113677003935304, "windAvg": 2.5813826, "temp": 18.61111111111111, "humidity": 59.0, "direction": "N", "rainHour": 0.0, "pressure": 1003.0625}