{"windPeak": 2.0367516240253045, "windAvg": 0.08902861999999999, "temp": 25.111111111111114, "humidity": 73.0, "direction": "N", "rainHour": 0.0, "pressure": 1006.875}