{"windPeak": 1.1586907264456746e-08, "windAvg": 0.0, "temp": 22.11111111111111, "humidity": 73.0, "direction": "N", "rainHour": 0.0, "pressure": 1010.375}