{"windPeak": 5.443106179792962, "windAvg": 2.6534108200000004, "temp": 24.61111111111111, "humidity": 60.0, "direction": "N", "rainHour": 0.0, "pressure": 1002.5}