{"windPeak": 3.6315781315224225, "windAvg": 1.4477216799999997, "temp": 20.888888888888886, "humidity": 80.0, "direction": "N", "rainHour": 0.0, "pressure": 991.6875}