{"windPeak": 2.6167338219009912, "windAvg": 0.85628532, "temp": 40.50000000000001, "humidity": 45.0, "direction": "N", "rainHour": 0.0, "pressure": 999.875}