{"windPeak": 0.14076161822214356, "windAvg": 0.0, "temp": 25.61111111111111, "humidity": 73.0, "direction": "N", "rainHour": 0.0, "pressure": 1008.5625}