{"windPeak": 4.743529269195785e-56, "windAvg": 0.0, "temp": 23.22222222222222, "humidity": 63.0, "direction": "N", "rainHour": 0.0, "pressure": 1010.0625}