{"windPeak": 1.999766686773179e-05, "windAvg": 0.0, "temp": 21.999999999999996, "humidity": 68.0, "direction": "N", "rainHour": 0.0, "pressure": 1009.5625}