{"windPeak": 4.236483565948393e-24, "windAvg": 0.0, "temp": 18.77777777777778, "humidity": 80.0, "direction": "N", "rainHour": 0.0, "pressure": 998.6875}