{"windPeak": 4.465547013149124, "windAvg": 2.29237514, "temp": 13.388888888888891, "humidity": 74.0, "direction": "N", "rainHour": 0.0, "pressure": 1003.0625}