{"windPeak": 4.108841022156319, "windAvg": 2.6842800000000007, "temp": 26.611111111111114, "humidity": 66.0, "direction": "N", "rainHour": 0.0, "pressure": 1008.375}