{"windPeak": 0.3591438435079762, "windAvg": 0.0, "temp": 21.27777777777778, "humidity": 65.0, "direction": "N", "rainHour": 0.0, "pressure": 1006.5625}