{"windPeak": 5.0792213136201184e-23, "windAvg": 0.0, "temp": 28.277777777777782, "humidity": 61.0, "direction": "N", "rainHour": 0.0, "pressure": 1004.1875}