{"windPeak": 8.574094959607834, "windAvg": 4.124843760000002, "temp": 22.722222222222225, "humidity": 42.0, "direction": "N", "rainHour": 0.0, "pressure": 997.75}