{"windPeak": 1.3073152319710503e-09, "windAvg": 0.0, "temp": 22.722222222222225, "humidity": 73.0, "direction": "N", "rainHour": 0.0, "pressure": 1008.875}