{"windPeak": 4.924687717688906, "windAvg": 2.13847642, "temp": 20.388888888888893, "humidity": 85.0, "direction": "N", "rainHour": 0.0, "pressure": 994.875}