{"windPeak": 1.9377696984625241e-29, "windAvg": 0.0, "temp": 18.61111111111111, "humidity": 83.0, "direction": "N", "rainHour": 0.0, "pressure": 999.0625}