{"windPeak": 1.0952435276314796e-41, "windAvg": 0.0, "temp": 20.222222222222225, "humidity": 73.0, "direction": "N", "rainHour": 0.0, "pressure": 1003.0}