{"windPeak": 6.997031361698113e-46, "windAvg": 0.0, "temp": 27.77777777777778, "humidity": 73.0, "direction": "N", "rainHour": 0.0, "pressure": 1008.0}