{"windPeak": 0.5313707968936716, "windAvg": 0.0, "temp": 24.722222222222225, "humidity": 53.0, "direction": "N", "rainHour": 0.0, "pressure": 1010.875}