{"windPeak": 4.228437528531338, "windAvg": 2.6431210399999996, "temp": 27.888888888888893, "humidity": 63.0, "direction": "N", "rainHour": 0.0, "pressure": 1007.5}