{"windPeak": 0.9911389929445255, "windAvg": 0.20892645999999995, "temp": 19.388888888888893, "humidity": 82.0, "direction": "N", "rainHour": 0.01, "pressure": 1005.0625}