{"windPeak": 0.5931678903236046, "windAvg": 0.0, "temp": 17.38888888888889, "humidity": 61.0, "direction": "N", "rainHour": 0.0, "pressure": 1007.0}