{"windPeak": 8.317474610455141, "windAvg": 3.484642960000001, "temp": 25.500000000000004, "humidity": 38.0, "direction": "N", "rainHour": 0.0, "pressure": 998.0}