{"windPeak": 6.528960685523493e-49, "windAvg": 0.0, "temp": 31.222222222222225, "humidity": 63.0, "direction": "N", "rainHour": 0.0, "pressure": 1008.0}