{"windPeak": 0.11287444061507047, "windAvg": 0.0, "temp": 23.22222222222222, "humidity": 79.0, "direction": "N", "rainHour": 0.0, "pressure": 1007.5625}