{"windPeak": 7.075884093141442, "windAvg": 3.2707952000000016, "temp": 29.388888888888893, "humidity": 44.0, "direction": "N", "rainHour": 0.0, "pressure": 1002.25}