{"windPeak": 8.598699408353625, "windAvg": 3.4663003800000003, "temp": 13.499999999999998, "humidity": 88.0, "direction": "N", "rainHour": 0.0, "pressure": 1002.1875}