{"windPeak": 2.8567370994112586, "windAvg": 1.3801672999999999, "temp": 25.27777777777778, "humidity": 42.0, "direction": "N", "rainHour": 0.0, "pressure": 1008.6875}