{"windPeak": 1.2531562681006165, "windAvg": 0.0, "temp": 30.27777777777778, "humidity": 38.0, "direction": "N", "rainHour": 0.0, "pressure": 1010.0}