{"windPeak": 3.0066600242736476, "windAvg": 0.41337911999999993, "temp": 20.888888888888886, "humidity": 87.0, "direction": "N", "rainHour": 0.0, "pressure": 1007.0}