{"windPeak": 3.4263910471299566, "windAvg": 2.3138493599999994, "temp": 30.388888888888893, "humidity": 58.0, "direction": "N", "rainHour": 0.0, "pressure": 1002.75}