{"windPeak": 2.55492278385393, "windAvg": 0.8048366200000001, "temp": 23.88888888888889, "humidity": 75.0, "direction": "N", "rainHour": 0.0, "pressure": 1004.25}