{"windPeak": 3.204967702680967, "windAvg": 1.9514715599999988, "temp": 16.61111111111111, "humidity": 73.0, "direction": "N", "rainHour": 0.0, "pressure": 1004.1875}