{"windPeak": 3.4453768439640333, "windAvg": 2.2726903999999997, "temp": 32.388888888888886, "humidity": 48.0, "direction": "N", "rainHour": 0.0, "pressure": 1011.875}