{"windPeak": 6.925812652696433, "windAvg": 3.4868798600000015, "temp": 28.000000000000004, "humidity": 42.0, "direction": "N", "rainHour": 0.0, "pressure": 1007.0}