{"windPeak": 2.7963341437434353, "windAvg": 1.0128683200000002, "temp": 28.5, "humidity": 47.0, "direction": "N", "rainHour": 0.0, "pressure": 1014.375}