{"windPeak": 12.335438422321928, "windAvg": 4.6702001200000005, "temp": 16.88888888888889, "humidity": 51.0, "direction": "N", "rainHour": 0.0, "pressure": 1001.5625}