{"windPeak": 1.6163346607123659, "windAvg": 0.46572258, "temp": 22.277777777777775, "humidity": 82.0, "direction": "N", "rainHour": 0.0, "pressure": 1003.375}