{"windPeak": 1.0267008950071401, "windAvg": 0.111845, "temp": 21.72222222222222, "humidity": 74.0, "direction": "N", "rainHour": 0.0, "pressure": 1005.1875}