{"windPeak": 3.3997872310540526e-06, "windAvg": 0.0, "temp": 23.22222222222222, "humidity": 51.0, "direction": "N", "rainHour": 0.0, "pressure": 1002.6875}