{"windPeak": 1.0769800754005499, "windAvg": 0.09126552, "temp": 21.27777777777778, "humidity": 71.0, "direction": "N", "rainHour": 0.0, "pressure": 1008.875}