{"windPeak": 4.977348918146293e-05, "windAvg": 0.0, "temp": 26.222222222222225, "humidity": 55.0, "direction": "N", "rainHour": 0.0, "pressure": 1003.1875}