{"windPeak": 4.276230568079454, "windAvg": 2.6467001000000003, "temp": 27.611111111111114, "humidity": 50.0, "direction": "N", "rainHour": 0.0, "pressure": 1010.375}