{"windPeak": 3.8037651400450936, "windAvg": 2.033789479999999, "temp": 18.111111111111107, "humidity": 65.0, "direction": "N", "rainHour": 0.0, "pressure": 1003.875}