{"windPeak": 4.187884782460746, "windAvg": 2.6122518199999996, "temp": 27.722222222222225, "humidity": 63.0, "direction": "N", "rainHour": 0.0, "pressure": 1007.5}