{"windPeak": 1.5556210210468453, "windAvg": 0.26708586, "temp": 23.77777777777778, "humidity": 47.0, "direction": "N", "rainHour": 0.0, "pressure": 1004.25}