{"windPeak": 5.2203513576126195, "windAvg": 2.7062016800000004, "temp": 18.5, "humidity": 87.0, "direction": "N", "rainHour": 0.0, "pressure": 995.875}