{"windPeak": 3.272821536881272, "windAvg": 1.07013296, "temp": 21.77777777777778, "humidity": 78.0, "direction": "N", "rainHour": 0.0, "pressure": 996.25}