{"windPeak": 6.214073728712675, "windAvg": 3.2707952400000018, "temp": 19.88888888888889, "humidity": 84.0, "direction": "N", "rainHour": 0.0, "pressure": 996.5}