{"windPeak": 0.06146804242023746, "windAvg": 0.0, "temp": 22.888888888888893, "humidity": 52.0, "direction": "N", "rainHour": 0.0, "pressure": 1005.6875}