{"windPeak": 2.6907885987648217, "windAvg": 1.0517903799999997, "temp": 18.388888888888886, "humidity": 68.0, "direction": "N", "rainHour": 0.0, "pressure": 1007.5}