{"windPeak": 7.685585124323445, "windAvg": 3.754413120000002, "temp": 23.722222222222225, "humidity": 63.0, "direction": "N", "rainHour": 0.0, "pressure": 993.1875}