{"windPeak": 1.2218343787991747e-35, "windAvg": 0.0, "temp": 21.611111111111114, "humidity": 69.0, "direction": "N", "rainHour": 0.0, "pressure": 1012.5}