{"windPeak": 5.729206454879999, "windAvg": 3.6309361400000015, "temp": 19.27777777777778, "humidity": 88.0, "direction": "N", "rainHour": 0.0, "pressure": 995.6875}