{"windPeak": 0.14707880488627625, "windAvg": 0.0, "temp": 29.388888888888893, "humidity": 45.0, "direction": "N", "rainHour": 0.0, "pressure": 1002.6875}