{"windPeak": 7.643150868622108, "windAvg": 3.651515720000001, "temp": 24.22222222222222, "humidity": 48.0, "direction": "N", "rainHour": 0.0, "pressure": 1005.6875}