{"windPeak": 3.6192192179115006, "windAvg": 2.44761598, "temp": 25.777777777777782, "humidity": 56.0, "direction": "N", "rainHour": 0.0, "pressure": 1002.75}