{"windPeak": 5.184404623486169, "windAvg": 3.281084920000002, "temp": 18.88888888888889, "humidity": 86.0, "direction": "N", "rainHour": 0.0, "pressure": 996.375}