{"windPeak": 0.446066799020071, "windAvg": 0.0, "temp": 27.222222222222225, "humidity": 52.0, "direction": "N", "rainHour": 0.0, "pressure": 1007.1875}