{"windPeak": 3.126370938003036, "windAvg": 2.0771853399999993, "temp": -40.0, "humidity": 0.0, "direction": "N", "rainHour": 0.0, "pressure": 1006.75}