{"windPeak": 3.9606749876744383, "windAvg": 2.5093544200000006, "temp": -40.0, "humidity": 0.0, "direction": "N", "rainHour": 0.0, "pressure": 1002.6875}