{"windPeak": 5.256828466231116, "windAvg": 2.3335340999999996, "temp": 26.38888888888889, "humidity": 34.0, "direction": "N", "rainHour": 0.0, "pressure": 1009.875}