{"windPeak": 4.1145236795970905e-23, "windAvg": 0.0, "temp": 21.500000000000004, "humidity": 72.0, "direction": "N", "rainHour": 0.0, "pressure": 1004.0}