{"windPeak": 1.9000496207578659, "windAvg": 0.7077551599999999, "temp": 35.38888888888889, "humidity": 51.0, "direction": "N", "rainHour": 0.0, "pressure": 1008.0625}