{"windPeak": 0.38283313578026257, "windAvg": 0.0, "temp": 26.72222222222222, "humidity": 65.0, "direction": "N", "rainHour": 0.0, "pressure": 1007.1875}