{"windPeak": 4.276327476671122, "windAvg": 1.8078625799999997, "temp": 15.5, "humidity": 68.0, "direction": "N", "rainHour": 0.0, "pressure": 1003.1875}