{"windPeak": 1.4993060740124629, "windAvg": 0.32300836000000005, "temp": 18.88888888888889, "humidity": 84.0, "direction": "N", "rainHour": 0.0, "pressure": 988.875}