{"windPeak": 1.0102166328454976e-20, "windAvg": 0.0, "temp": 23.11111111111111, "humidity": 71.0, "direction": "N", "rainHour": 0.0, "pressure": 1004.75}