{"windPeak": 3.5778751638218034, "windAvg": 1.5962518399999996, "temp": 23.11111111111111, "humidity": 51.0, "direction": "N", "rainHour": 0.0, "pressure": 1007.5625}