{"windPeak": 8.840960465528449, "windAvg": 4.608461720000001, "temp": 29.22222222222222, "humidity": 43.0, "direction": "N", "rainHour": 0.0, "pressure": 994.0625}