{"windPeak": 2.727885829443206, "windAvg": 1.3220079000000007, "temp": 18.77777777777778, "humidity": 85.0, "direction": "N", "rainHour": 0.0, "pressure": 998.75}