{"windPeak": 4.03702977762941, "windAvg": 2.29461202, "temp": 24.22222222222222, "humidity": 85.0, "direction": "N", "rainHour": 0.0, "pressure": 988.0625}