{"windPeak": 2.334825301251309e-23, "windAvg": 0.0, "temp": 21.27777777777778, "humidity": 65.0, "direction": "N", "rainHour": 0.0, "pressure": 1003.5}