{"windPeak": 2.857714017664839, "windAvg": 2.0668955999999987, "temp": 21.38888888888889, "humidity": 82.0, "direction": "N", "rainHour": 0.0, "pressure": 994.6875}