{"windPeak": 11.605389183883107, "windAvg": 4.690779560000001, "temp": 10.222222222222221, "humidity": 60.0, "direction": "N", "rainHour": 0.0, "pressure": 1005.5}