{"windPeak": 3.380999718802402, "windAvg": 2.0852381799999993, "temp": 20.500000000000004, "humidity": 54.0, "direction": "N", "rainHour": 0.0, "pressure": 1003.0}