{"windPeak": 1.5762414459653764, "windAvg": 0.09126552, "temp": 21.500000000000004, "humidity": 54.0, "direction": "N", "rainHour": 0.0, "pressure": 1007.1875}