{"windPeak": 2.596920783911313, "windAvg": 1.34392952, "temp": 36.111111111111114, "humidity": 36.0, "direction": "N", "rainHour": 0.0, "pressure": 1002.0625}