{"windPeak": 2.3854532860096436, "windAvg": 0.8594169800000002, "temp": 31.38888888888889, "humidity": 56.0, "direction": "N", "rainHour": 0.0, "pressure": 1007.5625}