{"windPeak": 2.3992621481735026, "windAvg": 0.3825099, "temp": 23.388888888888886, "humidity": 77.0, "direction": "N", "rainHour": 0.0, "pressure": 1004.0}