{"windPeak": 5.013440180788019, "windAvg": 2.3652980599999998, "temp": 33.00000000000001, "humidity": 52.0, "direction": "N", "rainHour": 0.0, "pressure": 1007.5625}