{"windPeak": 4.317422048827535, "windAvg": 2.84891586, "temp": 21.611111111111114, "humidity": 60.0, "direction": "N", "rainHour": 0.0, "pressure": 1010.6875}