{"windPeak": 2.0803753705268775e-24, "windAvg": 0.0, "temp": 22.277777777777775, "humidity": 78.0, "direction": "N", "rainHour": 0.0, "pressure": 1003.75}