{"windPeak": 7.521987381633055, "windAvg": 3.6720952000000016, "temp": 30.72222222222222, "humidity": 33.0, "direction": "N", "rainHour": 0.0, "pressure": 1004.875}