{"windPeak": 5.025570045835362, "windAvg": 2.1711351400000005, "temp": 17.38888888888889, "humidity": 87.0, "direction": "N", "rainHour": 0.0, "pressure": 990.75}