{"windPeak": 1.3267436201300181e-41, "windAvg": 0.0, "temp": 24.277777777777782, "humidity": 86.0, "direction": "N", "rainHour": 0.0, "pressure": 1000.5}