{"windPeak": 0.8451889524484335, "windAvg": 0.0, "temp": 26.38888888888889, "humidity": 51.0, "direction": "N", "rainHour": 0.0, "pressure": 1004.25}