{"windPeak": 8.128508537672657, "windAvg": 3.1781876400000004, "temp": 27.38888888888889, "humidity": 42.0, "direction": "N", "rainHour": 0.0, "pressure": 1004.75}