{"windPeak": 6.138525630250388, "windAvg": 3.661805380000002, "temp": 19.61111111111111, "humidity": 75.0, "direction": "N", "rainHour": 0.0, "pressure": 999.0}