{"windPeak": 2.488942663042028, "windAvg": 1.0799753200000002, "temp": 25.27777777777778, "humidity": 72.0, "direction": "N", "rainHour": 0.0, "pressure": 1006.0}