{"windPeak": 2.7532853378516484, "windAvg": 0.02281638, "temp": 22.888888888888893, "humidity": 73.0, "direction": "N", "rainHour": 0.0, "pressure": 1011.5625}