{"windPeak": 0.010048127588036119, "windAvg": 0.0, "temp": 11.277777777777777, "humidity": 66.0, "direction": "N", "rainHour": 0.0, "pressure": 1000.1875}