{"windPeak": 9.848150050122346, "windAvg": 3.1177913200000003, "temp": 26.38888888888889, "humidity": 51.0, "direction": "N", "rainHour": 0.0, "pressure": 1005.1875}