{"windPeak": 4.868697874055909, "windAvg": 3.3634029200000013, "temp": 26.999999999999996, "humidity": 47.0, "direction": "N", "rainHour": 0.0, "pressure": 1002.0625}