{"windPeak": 0.001642611271503057, "windAvg": 0.0, "temp": 16.88888888888889, "humidity": 71.0, "direction": "N", "rainHour": 0.0, "pressure": 1011.0625}