{"windPeak": 3.820052278280823, "windAvg": 1.7859409599999998, "temp": 25.388888888888893, "humidity": 42.0, "direction": "N", "rainHour": 0.0, "pressure": 1007.5}