{"windPeak": 3.753540320822093, "windAvg": 1.5483821800000002, "temp": 27.38888888888889, "humidity": 47.0, "direction": "N", "rainHour": 0.0, "pressure": 1014.5625}