{"windPeak": 3.2324360534114116, "windAvg": 1.6123575200000002, "temp": 14.500000000000002, "humidity": 81.0, "direction": "N", "rainHour": 0.0, "pressure": 1006.375}