{"windPeak": 8.152864465475538e-48, "windAvg": 0.0, "temp": 17.77777777777778, "humidity": 78.0, "direction": "N", "rainHour": 0.0, "pressure": 1006.875}