{"windPeak": 0.00012239332572705746, "windAvg": 0.0, "temp": 22.277777777777775, "humidity": 76.0, "direction": "N", "rainHour": 0.0, "pressure": 1005.0}