{"windPeak": 4.06595554853995, "windAvg": 2.5402236400000002, "temp": 28.61111111111111, "humidity": 48.0, "direction": "N", "rainHour": 0.0, "pressure": 1002.375}