{"windPeak": 1.0668307479277652, "windAvg": 0.0, "temp": 24.722222222222225, "humidity": 80.0, "direction": "N", "rainHour": 0.0, "pressure": 1001.5625}