{"windPeak": 11.525727439325532, "windAvg": 4.968602520000001, "temp": 14.722222222222223, "humidity": 87.0, "direction": "N", "rainHour": 0.0, "pressure": 1001.0625}