{"windPeak": 10.674657226603676, "windAvg": 5.585987080000001, "temp": 19.111111111111114, "humidity": 45.0, "direction": "N", "rainHour": 0.0, "pressure": 999.375}