{"windPeak": 3.5059689244424113, "windAvg": 2.2829801399999994, "temp": 37.22222222222222, "humidity": 38.0, "direction": "N", "rainHour": 0.0, "pressure": 1003.0}