{"windPeak": 2.0684577504620743, "windAvg": 0.70328136, "temp": 20.111111111111114, "humidity": 63.0, "direction": "N", "rainHour": 0.0, "pressure": 1005.0625}