{"windPeak": 7.177301111251061, "windAvg": 3.630936220000002, "temp": 26.27777777777778, "humidity": 43.0, "direction": "N", "rainHour": 0.0, "pressure": 1007.6875}