{"windPeak": 2.7024318601125326, "windAvg": 0.9658934200000001, "temp": 30.0, "humidity": 67.0, "direction": "N", "rainHour": 0.0, "pressure": 1012.5625}