{"windPeak": 3.890875818620428, "windAvg": 2.7151492200000003, "temp": -40.0, "humidity": 0.0, "direction": "N", "rainHour": 0.0, "pressure": 1007.5}