{"windPeak": 0.10157294205953622, "windAvg": 0.0, "temp": 26.777777777777782, "humidity": 58.0, "direction": "N", "rainHour": 0.0, "pressure": 1008.1875}