{"windPeak": 1.1313937902745455, "windAvg": 0.02281638, "temp": 14.38888888888889, "humidity": 83.0, "direction": "N", "rainHour": 0.0, "pressure": 1004.875}