{"windPeak": 6.941251370418019, "windAvg": 2.8856011, "temp": 29.61111111111111, "humidity": 40.0, "direction": "N", "rainHour": 0.0, "pressure": 1009.0625}