{"windPeak": 3.107633465372614, "windAvg": 0.8710488600000003, "temp": 23.000000000000004, "humidity": 73.0, "direction": "N", "rainHour": 0.0, "pressure": 1011.75}