{"windPeak": 4.585606414629651e-48, "windAvg": 0.0, "temp": 13.777777777777777, "humidity": 84.0, "direction": "N", "rainHour": 0.0, "pressure": 1004.375}