{"windPeak": 4.106012998081861, "windAvg": 1.83381062, "temp": 34.27777777777778, "humidity": 37.0, "direction": "N", "rainHour": 0.0, "pressure": 1006.5625}