{"windPeak": 6.227255876281329, "windAvg": 3.57948746, "temp": 30.388888888888893, "humidity": 37.0, "direction": "N", "rainHour": 0.0, "pressure": 1009.1875}