{"windPeak": 9.306536690437739e-35, "windAvg": 0.0, "temp": 18.22222222222222, "humidity": 82.0, "direction": "N", "rainHour": 0.0, "pressure": 999.75}