{"windPeak": 0.37499168730942634, "windAvg": 0.0, "temp": 24.88888888888889, "humidity": 71.0, "direction": "N", "rainHour": 0.0, "pressure": 1005.375}