{"windPeak": 0.08396159158711508, "windAvg": 0.0, "temp": 24.388888888888893, "humidity": 79.0, "direction": "N", "rainHour": 0.0, "pressure": 986.875}