{"windPeak": 1.6236653786869202e-06, "windAvg": 0.0, "temp": 22.722222222222225, "humidity": 65.0, "direction": "N", "rainHour": 0.0, "pressure": 1004.5}