{"windPeak": 2.7652631570017094, "windAvg": 1.3631668600000004, "temp": 32.611111111111114, "humidity": 41.0, "direction": "N", "rainHour": 0.0, "pressure": 1006.5625}