{"windPeak": 2.647140973258177, "windAvg": 1.1564773000000002, "temp": 21.500000000000004, "humidity": 83.0, "direction": "N", "rainHour": 0.0, "pressure": 1007.0}