{"windPeak": 3.806692180129426, "windAvg": 2.0843434200000006, "temp": 32.388888888888886, "humidity": 58.0, "direction": "N", "rainHour": 0.0, "pressure": 1000.75}