{"windPeak": 0.11539492754702292, "windAvg": 0.0, "temp": 18.277777777777782, "humidity": 85.0, "direction": "N", "rainHour": 0.0, "pressure": 1003.0}