{"windPeak": 7.335637435994284e-13, "windAvg": 0.0, "temp": 25.388888888888893, "humidity": 79.0, "direction": "N", "rainHour": 0.0, "pressure": 1000.875}