{"windPeak": 7.869969533076154, "windAvg": 3.857310460000002, "temp": 20.72222222222222, "humidity": 55.0, "direction": "N", "rainHour": 0.0, "pressure": 1006.5625}