{"windPeak": 2.69179343443426, "windAvg": 1.1381347200000003, "temp": 22.11111111111111, "humidity": 82.0, "direction": "N", "rainHour": 0.0, "pressure": 1007.25}