{"windPeak": 12.574554935405027, "windAvg": 5.11265886, "temp": 20.222222222222225, "humidity": 44.0, "direction": "N", "rainHour": 0.0, "pressure": 999.1875}