{"windPeak": 3.881377031239213, "windAvg": 2.6739902600000005, "temp": 26.11111111111111, "humidity": 47.0, "direction": "N", "rainHour": 0.0, "pressure": 1005.25}