{"windPeak": 0.001417099708001524, "windAvg": 0.0, "temp": 26.72222222222222, "humidity": 57.0, "direction": "N", "rainHour": 0.0, "pressure": 1009.0625}