{"windPeak": 5.879235663810664, "windAvg": 3.301664440000002, "temp": 27.11111111111111, "humidity": 43.0, "direction": "N", "rainHour": 0.0, "pressure": 1007.75}