{"windPeak": 2.3370253456164116e-38, "windAvg": 0.0, "temp": 12.611111111111112, "humidity": 82.0, "direction": "N", "rainHour": 0.0, "pressure": 1013.0625}