{"windPeak": 4.885288498004947, "windAvg": 1.9537084599999996, "temp": 27.888888888888893, "humidity": 37.0, "direction": "N", "rainHour": 0.0, "pressure": 1008.875}