{"windPeak": 3.561128146145132, "windAvg": 1.1658722800000003, "temp": 28.277777777777782, "humidity": 46.0, "direction": "N", "rainHour": 0.0, "pressure": 1010.5}