{"windPeak": 0.001139190259399979, "windAvg": 0.0, "temp": 27.222222222222225, "humidity": 72.0, "direction": "N", "rainHour": 0.0, "pressure": 1003.1875}