{"windPeak": 2.643611211447409e-29, "windAvg": 0.0, "temp": 26.999999999999996, "humidity": 61.0, "direction": "N", "rainHour": 0.0, "pressure": 1009.0625}