{"windPeak": 6.464818979554942e-15, "windAvg": 0.0, "temp": 27.611111111111114, "humidity": 66.0, "direction": "N", "rainHour": 0.0, "pressure": 1010.6875}