{"windPeak": 3.547819492351526, "windAvg": 0.6245424799999999, "temp": 18.88888888888889, "humidity": 66.0, "direction": "N", "rainHour": 0.0, "pressure": 1007.6875}