{"windPeak": 2.6673013885444483, "windAvg": 1.5264605599999996, "temp": 21.888888888888893, "humidity": 63.0, "direction": "N", "rainHour": 0.0, "pressure": 1009.375}