{"windPeak": 0.00024689040371307224, "windAvg": 0.0, "temp": 22.277777777777775, "humidity": 84.0, "direction": "N", "rainHour": 0.0, "pressure": 1004.0}