{"windPeak": 3.613736233523803, "windAvg": 1.2240316800000002, "temp": 19.22222222222222, "humidity": 83.0, "direction": "N", "rainHour": 0.0, "pressure": 998.5625}