{"windPeak": 0.008169570938432806, "windAvg": 0.0, "temp": 23.11111111111111, "humidity": 79.0, "direction": "N", "rainHour": 0.0, "pressure": 1003.25}