{"windPeak": 0.6920673317647444, "windAvg": 0.02281638, "temp": 18.61111111111111, "humidity": 80.0, "direction": "N", "rainHour": 0.0, "pressure": 1009.75}