{"windPeak": 1.5112751841333583, "windAvg": 0.07873888, "temp": 22.77777777777778, "humidity": 73.0, "direction": "N", "rainHour": 0.0, "pressure": 1008.0}