{"windPeak": 6.893542790059977e-55, "windAvg": 0.0, "temp": 15.222222222222221, "humidity": 82.0, "direction": "N", "rainHour": 0.0, "pressure": 1004.6875}