{"windPeak": 1.594036870278441e-58, "windAvg": 0.0, "temp": 22.11111111111111, "humidity": 81.0, "direction": "N", "rainHour": 0.0, "pressure": 1003.0}