{"windPeak": 3.82780635569237, "windAvg": 2.3035596199999997, "temp": 25.27777777777778, "humidity": 81.0, "direction": "N", "rainHour": 0.0, "pressure": 989.1875}