{"windPeak": 4.326342949552979, "windAvg": 2.6534107999999996, "temp": 25.888888888888886, "humidity": 47.0, "direction": "N", "rainHour": 0.0, "pressure": 999.5625}