{"windPeak": 5.323017863010433, "windAvg": 3.0135517000000003, "temp": 24.22222222222222, "humidity": 53.0, "direction": "N", "rainHour": 0.0, "pressure": 999.0625}