{"windPeak": 4.867524418019939e-13, "windAvg": 0.0, "temp": 16.27777777777778, "humidity": 68.0, "direction": "N", "rainHour": 0.0, "pressure": 1003.1875}