{"windPeak": 5.9847812019427025, "windAvg": 3.4868797600000003, "temp": 23.11111111111111, "humidity": 66.0, "direction": "N", "rainHour": 0.0, "pressure": 993.0625}