{"windPeak": 3.31076541003288e-60, "windAvg": 0.0, "temp": 17.38888888888889, "humidity": 75.0, "direction": "N", "rainHour": 0.0, "pressure": 1004.375}