{"windPeak": 1.3218115103474384e-64, "windAvg": 0.0, "temp": 22.722222222222225, "humidity": 82.0, "direction": "N", "rainHour": 0.0, "pressure": 1003.6875}