{"windPeak": 1.553131275459554e-18, "windAvg": 0.0, "temp": 22.77777777777778, "humidity": 69.0, "direction": "N", "rainHour": 0.0, "pressure": 1003.6875}