{"windPeak": 2.1847159238658187, "windAvg": 0.68941258, "temp": 24.777777777777775, "humidity": 75.0, "direction": "N", "rainHour": 0.0, "pressure": 1002.6875}