{"windPeak": 1.6808106379337007e-33, "windAvg": 0.0, "temp": 18.88888888888889, "humidity": 68.0, "direction": "N", "rainHour": 0.0, "pressure": 1001.0}