{"windPeak": 3.7989351728494616, "windAvg": 2.1697929999999994, "temp": 33.11111111111111, "humidity": 47.0, "direction": "N", "rainHour": 0.0, "pressure": 1011.75}