{"windPeak": 2.7792143454534735, "windAvg": 0.8093104200000001, "temp": 17.5, "humidity": 70.0, "direction": "N", "rainHour": 0.0, "pressure": 1004.25}