{"windPeak": 3.457254422118684e-36, "windAvg": 0.0, "temp": 22.11111111111111, "humidity": 77.0, "direction": "N", "rainHour": 0.0, "pressure": 1008.25}