{"windPeak": 3.050987046805837, "windAvg": 1.1175552400000002, "temp": 25.27777777777778, "humidity": 75.0, "direction": "N", "rainHour": 0.0, "pressure": 1006.5}