{"windPeak": 7.644213047004957, "windAvg": 3.44572092, "temp": 13.722222222222225, "humidity": 88.0, "direction": "N", "rainHour": 0.0, "pressure": 1003.25}