{"windPeak": 1.2581492257082867e-23, "windAvg": 0.0, "temp": 18.722222222222225, "humidity": 70.0, "direction": "N", "rainHour": 0.0, "pressure": 1000.25}