{"windPeak": 3.459546681785426, "windAvg": 2.20066222, "temp": 18.388888888888886, "humidity": 78.0, "direction": "N", "rainHour": 0.0, "pressure": 1008.0625}