{"windPeak": 4.484716492712676, "windAvg": 1.6696221800000002, "temp": 26.0, "humidity": 68.0, "direction": "N", "rainHour": 0.0, "pressure": 1007.25}