{"windPeak": 7.798332550269619, "windAvg": 3.3016644600000005, "temp": 26.611111111111114, "humidity": 62.0, "direction": "N", "rainHour": 0.0, "pressure": 1006.1875}