{"windPeak": 3.607050149495782, "windAvg": 2.252110919999999, "temp": 20.111111111111114, "humidity": 60.0, "direction": "N", "rainHour": 0.0, "pressure": 996.1875}