{"windPeak": 3.5145807874605572, "windAvg": 2.0212628399999994, "temp": 17.77777777777778, "humidity": 88.0, "direction": "N", "rainHour": 0.0, "pressure": 993.875}