{"windPeak": 0.48394343207890667, "windAvg": 0.0, "temp": 23.11111111111111, "humidity": 72.0, "direction": "N", "rainHour": 0.0, "pressure": 1005.375}