{"windPeak": 2.1052383385204263, "windAvg": 0.7144658600000001, "temp": 18.22222222222222, "humidity": 66.0, "direction": "N", "rainHour": 0.0, "pressure": 1007.5}