{"windPeak": 3.3441714383226943e-36, "windAvg": 0.0, "temp": 23.722222222222225, "humidity": 78.0, "direction": "N", "rainHour": 0.0, "pressure": 1003.875}