{"windPeak": 5.470499684197971e-17, "windAvg": 0.0, "temp": 23.22222222222222, "humidity": 68.0, "direction": "N", "rainHour": 0.0, "pressure": 1003.75}