{"windPeak": 1.954537446984887, "windAvg": 0.10155526, "temp": 16.77777777777778, "humidity": 63.0, "direction": "N", "rainHour": 0.0, "pressure": 1006.875}