{"windPeak": 4.821174147157166, "windAvg": 3.2296362800000016, "temp": 21.0, "humidity": 61.0, "direction": "N", "rainHour": 0.0, "pressure": 997.75}