{"windPeak": 2.7573751148022905, "windAvg": 1.1256080800000001, "temp": 21.77777777777778, "humidity": 77.0, "direction": "N", "rainHour": 0.0, "pressure": 1011.6875}