{"windPeak": 3.250408170179196e-61, "windAvg": 0.0, "temp": 25.111111111111114, "humidity": 73.0, "direction": "N", "rainHour": 0.0, "pressure": 1013.5}