{"windPeak": 3.530270591959467, "windAvg": 1.856627, "temp": 17.22222222222222, "humidity": 69.0, "direction": "N", "rainHour": 0.0, "pressure": 1004.0}