{"windPeak": 3.8630866836301404e-33, "windAvg": 0.0, "temp": 29.88888888888889, "humidity": 52.0, "direction": "N", "rainHour": 0.0, "pressure": 1008.25}