{"windPeak": 2.4358631454261495e-08, "windAvg": 0.0, "temp": 21.500000000000004, "humidity": 69.0, "direction": "N", "rainHour": 0.0, "pressure": 1002.875}