{"windPeak": 0.11083165046513417, "windAvg": 0.0, "temp": 27.222222222222225, "humidity": 54.0, "direction": "N", "rainHour": 0.0, "pressure": 1014.1875}