{"windPeak": 1.4575624055910143e-50, "windAvg": 0.0, "temp": 18.277777777777782, "humidity": 74.0, "direction": "N", "rainHour": 0.0, "pressure": 1013.375}