{"windPeak": 1.7692421666520733e-06, "windAvg": 0.0, "temp": 21.888888888888893, "humidity": 70.0, "direction": "N", "rainHour": 0.0, "pressure": 1009.375}