{"windPeak": 4.68505828604393, "windAvg": 2.6614636400000005, "temp": 18.277777777777782, "humidity": 88.0, "direction": "N", "rainHour": 0.0, "pressure": 995.25}