{"windPeak": 4.844690901511369, "windAvg": 2.9415235000000006, "temp": 26.777777777777782, "humidity": 44.0, "direction": "N", "rainHour": 0.0, "pressure": 1010.1875}