{"windPeak": 4.843310569501304, "windAvg": 2.43732624, "temp": 29.61111111111111, "humidity": 39.0, "direction": "N", "rainHour": 0.0, "pressure": 1009.75}