{"windPeak": 3.1018256974403674e-38, "windAvg": 0.0, "temp": 21.999999999999996, "humidity": 83.0, "direction": "N", "rainHour": 0.0, "pressure": 1004.1875}