{"windPeak": 3.896929361254159e-08, "windAvg": 0.0, "temp": 33.388888888888886, "humidity": 52.0, "direction": "N", "rainHour": 0.0, "pressure": 1009.375}