{"windPeak": 1.8825766488538643e-60, "windAvg": 0.0, "temp": 28.722222222222225, "humidity": 62.0, "direction": "N", "rainHour": 0.0, "pressure": 1013.5}