{"windPeak": 11.719488161568899, "windAvg": 4.567302800000002, "temp": 11.722222222222223, "humidity": 66.0, "direction": "N", "rainHour": 0.0, "pressure": 1004.5}