{"windPeak": 2.067420466500586e-25, "windAvg": 0.0, "temp": 8.61111111111111, "humidity": 84.0, "direction": "N", "rainHour": 0.0, "pressure": 1002.1875}