{"windPeak": 8.625764891668232e-69, "windAvg": 0.0, "temp": 19.499999999999996, "humidity": 64.0, "direction": "N", "rainHour": 0.0, "pressure": 1005.5625}