{"windPeak": 3.2248697865252276, "windAvg": 2.0601849000000003, "temp": 31.27777777777778, "humidity": 56.0, "direction": "N", "rainHour": 0.0, "pressure": 1006.5625}