{"windPeak": 3.0320209177899195e-30, "windAvg": 0.0, "temp": 20.888888888888886, "humidity": 69.0, "direction": "N", "rainHour": 0.0, "pressure": 1003.0}