{"windPeak": 1.6895355779107946, "windAvg": 0.0, "temp": 24.111111111111114, "humidity": 75.0, "direction": "N", "rainHour": 0.0, "pressure": 1004.25}