{"windPeak": 1.5798169416639016, "windAvg": 0.07650198000000001, "temp": 25.72222222222222, "humidity": 48.0, "direction": "N", "rainHour": 0.0, "pressure": 1007.875}