{"windPeak": 2.4912127931347325, "windAvg": 0.21116336000000005, "temp": 18.61111111111111, "humidity": 84.0, "direction": "N", "rainHour": 0.0, "pressure": 999.0}