{"windPeak": 3.195979574311875, "windAvg": 1.5564350200000001, "temp": 25.500000000000004, "humidity": 66.0, "direction": "N", "rainHour": 0.0, "pressure": 1006.1875}