{"windPeak": 1.2783837913149971e-21, "windAvg": 0.0, "temp": 20.27777777777778, "humidity": 86.0, "direction": "N", "rainHour": 0.0, "pressure": 1007.25}