{"windPeak": 4.980396784268079, "windAvg": 1.938050159999999, "temp": 14.27777777777778, "humidity": 71.0, "direction": "N", "rainHour": 0.0, "pressure": 1003.0625}