{"windPeak": 5.385985917145533, "windAvg": 2.55185552, "temp": 21.888888888888893, "humidity": 58.0, "direction": "N", "rainHour": 0.0, "pressure": 997.25}