{"windPeak": 3.1101077258319356, "windAvg": 1.94341872, "temp": 21.611111111111114, "humidity": 68.0, "direction": "N", "rainHour": 0.0, "pressure": 1010.375}