{"windPeak": 4.204787592271862, "windAvg": 2.4373262400000004, "temp": 28.000000000000004, "humidity": 48.0, "direction": "N", "rainHour": 0.0, "pressure": 1002.5625}