{"windPeak": 3.602145559807193, "windAvg": 2.3755878, "temp": 26.222222222222225, "humidity": 46.0, "direction": "N", "rainHour": 0.0, "pressure": 1008.5625}