{"windPeak": 3.069552653471747, "windAvg": 1.31440244, "temp": 29.722222222222225, "humidity": 44.0, "direction": "N", "rainHour": 0.0, "pressure": 1001.6875}