{"windPeak": 4.1414139335884546, "windAvg": 2.4042201199999997, "temp": -40.0, "humidity": 0.0, "direction": "N", "rainHour": 0.0, "pressure": 1007.5625}