{"windPeak": 5.575584546708881, "windAvg": 2.6019620800000003, "temp": 34.111111111111114, "humidity": 40.0, "direction": "N", "rainHour": 0.0, "pressure": 1007.5}