{"windPeak": 3.1716494007421425, "windAvg": 1.6029625399999998, "temp": 17.77777777777778, "humidity": 87.0, "direction": "N", "rainHour": 0.0, "pressure": 990.0}