{"windPeak": 4.538124774345052e-27, "windAvg": 0.0, "temp": 21.72222222222222, "humidity": 80.0, "direction": "N", "rainHour": 0.0, "pressure": 1003.5}