{"windPeak": 1.1391916676565383, "windAvg": 0.09126552, "temp": 14.11111111111111, "humidity": 85.0, "direction": "N", "rainHour": 0.0, "pressure": 1004.875}