{"windPeak": 11.41133859632358, "windAvg": 4.639330820000001, "temp": 12.611111111111112, "humidity": 65.0, "direction": "N", "rainHour": 0.0, "pressure": 1003.375}