{"windPeak": 2.9879145266003927e-07, "windAvg": 0.0, "temp": 24.22222222222222, "humidity": 76.0, "direction": "N", "rainHour": 0.0, "pressure": 1007.5625}