{"windPeak": 4.983164758262491e-05, "windAvg": 0.0, "temp": 26.777777777777782, "humidity": 69.0, "direction": "N", "rainHour": 0.0, "pressure": 1005.6875}