{"windPeak": 4.908333076711149, "windAvg": 2.82609948, "temp": 25.500000000000004, "humidity": 54.0, "direction": "N", "rainHour": 0.0, "pressure": 1005.0625}