{"windPeak": 0.9933456663734019, "windAvg": 0.0, "temp": 20.222222222222225, "humidity": 70.0, "direction": "N", "rainHour": 0.0, "pressure": 1004.0}