{"windPeak": 4.364389003868758, "windAvg": 2.70485948, "temp": 30.0, "humidity": 38.0, "direction": "N", "rainHour": 0.0, "pressure": 1009.0}