{"windPeak": 4.643356684676244, "windAvg": 2.7460184599999997, "temp": -40.0, "humidity": 0.0, "direction": "N", "rainHour": 0.0, "pressure": 1007.25}