{"windPeak": 2.5316343276806714, "windAvg": 0.56727784, "temp": 19.27777777777778, "humidity": 84.0, "direction": "N", "rainHour": 0.0, "pressure": 989.875}