{"windPeak": 6.088699959798825, "windAvg": 3.0752901600000007, "temp": 33.00000000000001, "humidity": 27.0, "direction": "N", "rainHour": 0.0, "pressure": 1005.5}