{"windPeak": 3.7174451143274476, "windAvg": 0.8576274600000001, "temp": 23.277777777777782, "humidity": 82.0, "direction": "N", "rainHour": 0.0, "pressure": 1006.5625}