{"windPeak": 9.03347304212073, "windAvg": 4.042525900000002, "temp": 15.888888888888891, "humidity": 55.0, "direction": "N", "rainHour": 0.0, "pressure": 999.875}