{"windPeak": 1.6282595296376055, "windAvg": 0.1700044, "temp": 23.11111111111111, "humidity": 71.0, "direction": "N", "rainHour": 0.0, "pressure": 1005.0625}