{"windPeak": 8.165902597059832, "windAvg": 3.63093632, "temp": 14.11111111111111, "humidity": 88.0, "direction": "N", "rainHour": 0.0, "pressure": 999.875}