{"windPeak": 3.358384580363189, "windAvg": 0.25813826, "temp": 28.000000000000004, "humidity": 60.0, "direction": "N", "rainHour": 0.0, "pressure": 1007.0625}