{"windPeak": 6.259174994409431e-25, "windAvg": 0.0, "temp": 21.11111111111111, "humidity": 75.0, "direction": "N", "rainHour": 0.0, "pressure": 1008.5}