{"windPeak": 7.28742937898551, "windAvg": 3.4251414400000004, "temp": 32.27777777777778, "humidity": 46.0, "direction": "N", "rainHour": 0.0, "pressure": 1006.375}