{"windPeak": 2.2609532126903478, "windAvg": 0.45543284, "temp": 37.111111111111114, "humidity": 46.0, "direction": "N", "rainHour": 0.0, "pressure": 1005.375}