{"windPeak": 4.3811481603673075, "windAvg": 2.2968489200000004, "temp": 23.000000000000004, "humidity": 76.0, "direction": "N", "rainHour": 0.0, "pressure": 999.875}