{"windPeak": 11.04628973344457, "windAvg": 4.587882180000002, "temp": 16.77777777777778, "humidity": 79.0, "direction": "N", "rainHour": 0.0, "pressure": 999.6875}