{"windPeak": 1.965203335459946e-48, "windAvg": 0.0, "temp": 31.27777777777778, "humidity": 60.0, "direction": "N", "rainHour": 0.0, "pressure": 1006.1875}