{"windPeak": 2.21260946339014, "windAvg": 0.8379427400000001, "temp": 19.27777777777778, "humidity": 85.0, "direction": "N", "rainHour": 0.0, "pressure": 995.875}