{"windPeak": 2.0996486487396658e-23, "windAvg": 0.0, "temp": 21.11111111111111, "humidity": 76.0, "direction": "N", "rainHour": 0.0, "pressure": 1008.5625}