{"windPeak": 3.487415599443515e-29, "windAvg": 0.0, "temp": 17.22222222222222, "humidity": 76.0, "direction": "N", "rainHour": 0.0, "pressure": 1011.5}