{"windPeak": 1.1668430535599525, "windAvg": 0.13018757999999997, "temp": 23.5, "humidity": 77.0, "direction": "N", "rainHour": 0.0, "pressure": 1007.875}