{"windPeak": 2.618262181104846, "windAvg": 1.8566269999999994, "temp": 28.277777777777782, "humidity": 59.0, "direction": "N", "rainHour": 0.0, "pressure": 1003.875}