{"windPeak": 2.811445789632523, "windAvg": 1.50006514, "temp": 20.611111111111107, "humidity": 55.0, "direction": "N", "rainHour": 0.0, "pressure": 1003.25}