{"windPeak": 2.3160144353792482, "windAvg": 0.48406515999999994, "temp": 19.27777777777778, "humidity": 60.0, "direction": "N", "rainHour": 0.0, "pressure": 1007.5625}