{"windPeak": 1.0784284958781083e-48, "windAvg": 0.0, "temp": 24.499999999999996, "humidity": 59.0, "direction": "N", "rainHour": 0.0, "pressure": 1002.75}