{"windPeak": 4.037792708882004, "windAvg": 2.2006622199999994, "temp": 26.72222222222222, "humidity": 52.0, "direction": "N", "rainHour": 0.0, "pressure": 1008.5625}