{"windPeak": 5.0474830175595994e-14, "windAvg": 0.0, "temp": 22.277777777777775, "humidity": 73.0, "direction": "N", "rainHour": 0.0, "pressure": 1010.25}