{"windPeak": 1.8004244706832784e-32, "windAvg": 0.0, "temp": 23.11111111111111, "humidity": 87.0, "direction": "N", "rainHour": 0.0, "pressure": 1000.5}