{"windPeak": 1.2946990250677723e-43, "windAvg": 0.0, "temp": 26.777777777777782, "humidity": 74.0, "direction": "N", "rainHour": 0.0, "pressure": 1007.875}