{"windPeak": 5.765777169821853, "windAvg": 1.90360192, "temp": 17.77777777777778, "humidity": 87.0, "direction": "N", "rainHour": 0.0, "pressure": 989.875}