{"windPeak": 1.1359933471258168, "windAvg": 0.07873888, "temp": 26.222222222222225, "humidity": 51.0, "direction": "N", "rainHour": 0.0, "pressure": 1004.5}