{"windPeak": 5.248630281277871, "windAvg": 3.373692620000002, "temp": 28.5, "humidity": 44.0, "direction": "N", "rainHour": 0.0, "pressure": 1002.25}