{"windPeak": 8.550405157240924, "windAvg": 3.0502369399999996, "temp": 21.222222222222225, "humidity": 46.0, "direction": "N", "rainHour": 0.0, "pressure": 998.6875}