{"windPeak": 3.671249652469378, "windAvg": 2.2932698799999995, "temp": 29.61111111111111, "humidity": 44.0, "direction": "N", "rainHour": 0.0, "pressure": 1007.1875}