{"windPeak": 3.8226615886658496e-05, "windAvg": 0.0, "temp": 14.000000000000002, "humidity": 76.0, "direction": "N", "rainHour": 0.0, "pressure": 1007.6875}