{"windPeak": 3.85868679988483, "windAvg": 2.6328313000000003, "temp": 21.27777777777778, "humidity": 57.0, "direction": "N", "rainHour": 0.0, "pressure": 1010.5625}