{"windPeak": 3.2926448292438755, "windAvg": 1.1166604800000006, "temp": 25.388888888888893, "humidity": 74.0, "direction": "N", "rainHour": 0.0, "pressure": 1002.375}