{"windPeak": 3.716893069075639, "windAvg": 2.787177400000002, "temp": 18.722222222222225, "humidity": 84.0, "direction": "N", "rainHour": 0.0, "pressure": 1000.5}