{"windPeak": 4.076737354138109, "windAvg": 2.715149220000001, "temp": 22.22222222222222, "humidity": 61.0, "direction": "N", "rainHour": 0.0, "pressure": 1001.875}