{"windPeak": 3.182622742921689, "windAvg": 1.48216994, "temp": 24.88888888888889, "humidity": 70.0, "direction": "N", "rainHour": 0.0, "pressure": 1006.1875}