{"windPeak": 5.371074627038068, "windAvg": 3.2913746800000014, "temp": 25.888888888888886, "humidity": 42.0, "direction": "N", "rainHour": 0.0, "pressure": 1005.0625}