{"windPeak": 2.6364988431597016, "windAvg": 0.6943337599999999, "temp": 31.777777777777782, "humidity": 55.0, "direction": "N", "rainHour": 0.0, "pressure": 1007.5}