{"windPeak": 1.0306276929345324e-37, "windAvg": 0.0, "temp": 22.11111111111111, "humidity": 78.0, "direction": "N", "rainHour": 0.0, "pressure": 1008.1875}