{"windPeak": 5.070626652088881, "windAvg": 1.6168313199999997, "temp": 17.27777777777778, "humidity": 87.0, "direction": "N", "rainHour": 0.0, "pressure": 993.75}