{"windPeak": 4.184575079415129, "windAvg": 2.4784852, "temp": 33.277777777777786, "humidity": 55.0, "direction": "N", "rainHour": 0.0, "pressure": 1005.375}