{"windPeak": 8.050125615029604e-26, "windAvg": 0.0, "temp": 16.27777777777778, "humidity": 79.0, "direction": "N", "rainHour": 0.0, "pressure": 1005.1875}