{"windPeak": 2.279091996135573e-20, "windAvg": 0.0, "temp": 25.61111111111111, "humidity": 69.0, "direction": "N", "rainHour": 0.0, "pressure": 1006.1875}