{"windPeak": 1.99671402942972, "windAvg": 1.02539496, "temp": 30.777777777777782, "humidity": 54.0, "direction": "N", "rainHour": 0.0, "pressure": 1001.0625}