{"windPeak": 0.016517329019299254, "windAvg": 0.0, "temp": 19.499999999999996, "humidity": 85.0, "direction": "N", "rainHour": 0.0, "pressure": 1005.0625}