{"windPeak": 4.620909229182276, "windAvg": 2.4990646999999995, "temp": 36.22222222222223, "humidity": 49.0, "direction": "N", "rainHour": 0.0, "pressure": 1000.375}