{"windPeak": 1.0589117223511272e-06, "windAvg": 0.0, "temp": 24.777777777777775, "humidity": 71.0, "direction": "N", "rainHour": 0.0, "pressure": 1007.5}