{"windPeak": 3.473402241901503, "windAvg": 1.15334564, "temp": 24.499999999999996, "humidity": 75.0, "direction": "N", "rainHour": 0.0, "pressure": 1001.5625}