{"windPeak": 7.317350165559765e-20, "windAvg": 0.0, "temp": 13.222222222222221, "humidity": 77.0, "direction": "N", "rainHour": 0.0, "pressure": 1003.6875}