{"windPeak": 2.201794807038393, "windAvg": 0.22950594000000002, "temp": 22.277777777777775, "humidity": 81.0, "direction": "N", "rainHour": 0.0, "pressure": 1003.375}