{"windPeak": 4.005929751731914, "windAvg": 1.04597444, "temp": 30.61111111111111, "humidity": 46.0, "direction": "N", "rainHour": 0.0, "pressure": 1013.5}