{"windPeak": 5.919188398817993, "windAvg": 3.430957280000001, "temp": 17.611111111111114, "humidity": 86.0, "direction": "N", "rainHour": 0.0, "pressure": 998.25}