{"windPeak": 1.0754476888722861e-35, "windAvg": 0.0, "temp": 13.611111111111112, "humidity": 86.0, "direction": "N", "rainHour": 0.0, "pressure": 1005.5}