{"windPeak": 4.097550166705958, "windAvg": 2.3755877999999995, "temp": 30.222222222222225, "humidity": 59.0, "direction": "N", "rainHour": 0.0, "pressure": 1006.875}