{"windPeak": 1.52232004358022e-25, "windAvg": 0.0, "temp": 21.611111111111114, "humidity": 78.0, "direction": "N", "rainHour": 0.0, "pressure": 1003.5}