{"windPeak": 3.116490004716937, "windAvg": 1.2821910800000003, "temp": 19.000000000000004, "humidity": 84.0, "direction": "N", "rainHour": 0.0, "pressure": 998.5}