{"windPeak": 5.695725488274572, "windAvg": 2.6431210600000004, "temp": 17.11111111111111, "humidity": 87.0, "direction": "N", "rainHour": 0.0, "pressure": 998.5625}