{"windPeak": 3.509530896951046, "windAvg": 0.45319594, "temp": 18.000000000000004, "humidity": 86.0, "direction": "N", "rainHour": 0.0, "pressure": 999.0}