{"windPeak": 0.0004679719301764852, "windAvg": 0.0, "temp": 25.500000000000004, "humidity": 70.0, "direction": "N", "rainHour": 0.0, "pressure": 1004.5}