{"windPeak": 3.350278808950996, "windAvg": 2.0418423199999993, "temp": 27.222222222222225, "humidity": 55.0, "direction": "N", "rainHour": 0.0, "pressure": 1007.875}