{"windPeak": 4.1311911464057705, "windAvg": 2.2932699, "temp": 33.77777777777778, "humidity": 50.0, "direction": "N", "rainHour": 0.0, "pressure": 1007.5}