{"windPeak": 3.192901195957807, "windAvg": 2.2212416999999998, "temp": 32.111111111111114, "humidity": 53.0, "direction": "N", "rainHour": 0.0, "pressure": 1006.1875}