{"windPeak": 4.464185475010195, "windAvg": 2.4270365000000003, "temp": 20.777777777777782, "humidity": 59.0, "direction": "N", "rainHour": 0.0, "pressure": 1004.0625}