{"windPeak": 6.956604876916985e-05, "windAvg": 0.0, "temp": 18.88888888888889, "humidity": 82.0, "direction": "N", "rainHour": 0.0, "pressure": 1004.0625}