{"windPeak": 1.086943079178825, "windAvg": 0.0, "temp": 23.22222222222222, "humidity": 77.0, "direction": "N", "rainHour": 0.0, "pressure": 1000.0}