{"windPeak": 0.04753679981295222, "windAvg": 0.0, "temp": 28.88888888888889, "humidity": 50.0, "direction": "N", "rainHour": 0.0, "pressure": 1008.875}