{"windPeak": 4.870408308323454, "windAvg": 3.4148516200000008, "temp": 26.11111111111111, "humidity": 53.0, "direction": "N", "rainHour": 0.0, "pressure": 1003.0}