{"windPeak": 3.13964816326091, "windAvg": 0.0, "temp": 24.111111111111114, "humidity": 74.0, "direction": "N", "rainHour": 0.0, "pressure": 1001.25}