{"windPeak": 3.247306800896935, "windAvg": 1.4991703799999998, "temp": 36.611111111111114, "humidity": 38.0, "direction": "N", "rainHour": 0.0, "pressure": 1001.375}