{"windPeak": 3.7156807383506303, "windAvg": 2.04407922, "temp": 29.777777777777775, "humidity": 47.0, "direction": "N", "rainHour": 0.0, "pressure": 1009.0625}