{"windPeak": 0.0006871796407860568, "windAvg": 0.0, "temp": 17.27777777777778, "humidity": 71.0, "direction": "N", "rainHour": 0.0, "pressure": 1003.875}