{"windPeak": 3.6795503662768887, "windAvg": 2.3380078800000006, "temp": 32.72222222222223, "humidity": 55.0, "direction": "N", "rainHour": 0.0, "pressure": 1007.375}