{"windPeak": 6.266691158600506, "windAvg": 3.301664520000001, "temp": 29.499999999999996, "humidity": 59.0, "direction": "N", "rainHour": 0.0, "pressure": 1007.375}