{"windPeak": 6.113648662395773, "windAvg": 3.744123400000001, "temp": 28.388888888888886, "humidity": 39.0, "direction": "N", "rainHour": 0.0, "pressure": 1007.375}