{"windPeak": 3.7969610496801898, "windAvg": 2.17918798, "temp": 20.888888888888886, "humidity": 69.0, "direction": "N", "rainHour": 0.0, "pressure": 1009.75}