{"windPeak": 0.4928248406780836, "windAvg": 0.0, "temp": 22.277777777777775, "humidity": 83.0, "direction": "N", "rainHour": 0.0, "pressure": 1002.6875}