{"windPeak": 1.3802224880738465e-21, "windAvg": 0.0, "temp": 22.38888888888889, "humidity": 68.0, "direction": "N", "rainHour": 0.0, "pressure": 1003.875}