{"windPeak": 4.098618539952339, "windAvg": 1.7322553599999992, "temp": 19.61111111111111, "humidity": 87.0, "direction": "N", "rainHour": 0.0, "pressure": 996.6875}