{"windPeak": 0.0037002777976686044, "windAvg": 0.0, "temp": 21.888888888888893, "humidity": 69.0, "direction": "N", "rainHour": 0.0, "pressure": 1009.875}