{"windPeak": 6.902066544446375e-08, "windAvg": 0.0, "temp": 10.222222222222221, "humidity": 77.0, "direction": "N", "rainHour": 0.0, "pressure": 1001.25}