{"windPeak": 4.718961450904136, "windAvg": 1.6423320000000001, "temp": 18.111111111111107, "humidity": 71.0, "direction": "N", "rainHour": 0.0, "pressure": 1010.5625}