{"windPeak": 0.014691395730650827, "windAvg": 0.0, "temp": 22.77777777777778, "humidity": 82.0, "direction": "N", "rainHour": 0.0, "pressure": 1002.25}