{"windPeak": 1.7135472661819593, "windAvg": 0.18834698, "temp": 16.27777777777778, "humidity": 67.0, "direction": "N", "rainHour": 0.0, "pressure": 1007.0625}