{"windPeak": 4.23965328819531, "windAvg": 2.7151492400000006, "temp": 32.27777777777778, "humidity": 57.0, "direction": "N", "rainHour": 0.0, "pressure": 1000.75}