{"windPeak": 1.249171682973305, "windAvg": 0.02281638, "temp": 14.722222222222223, "humidity": 83.0, "direction": "N", "rainHour": 0.0, "pressure": 1005.0625}