{"windPeak": 1.4598424711152082e-09, "windAvg": 0.0, "temp": 21.11111111111111, "humidity": 71.0, "direction": "N", "rainHour": 0.0, "pressure": 1005.5625}