{"windPeak": 7.182015438820035, "windAvg": 3.6206464200000004, "temp": 14.38888888888889, "humidity": 88.0, "direction": "N", "rainHour": 0.0, "pressure": 999.875}