{"windPeak": 0.0008936936675456855, "windAvg": 0.0, "temp": 20.388888888888893, "humidity": 63.0, "direction": "N", "rainHour": 0.0, "pressure": 1006.5}