{"windPeak": 4.037505828918604, "windAvg": 2.38587754, "temp": 25.27777777777778, "humidity": 43.0, "direction": "N", "rainHour": 0.0, "pressure": 1004.0625}