{"windPeak": 2.6412450935914724, "windAvg": 1.41551032, "temp": 29.777777777777775, "humidity": 60.0, "direction": "N", "rainHour": 0.0, "pressure": 1007.75}