{"windPeak": 5.037134087096935, "windAvg": 3.0032619600000006, "temp": 22.5, "humidity": 71.0, "direction": "N", "rainHour": 0.0, "pressure": 992.875}