{"windPeak": 2.2622395414905494, "windAvg": 0.65630646, "temp": 19.499999999999996, "humidity": 85.0, "direction": "N", "rainHour": 0.0, "pressure": 990.0625}