{"windPeak": 2.2172991331968297, "windAvg": 0.0, "temp": 26.11111111111111, "humidity": 67.0, "direction": "N", "rainHour": 0.0, "pressure": 1007.0625}