{"windPeak": 0.8515382156992021, "windAvg": 0.06844914, "temp": 11.11111111111111, "humidity": 65.0, "direction": "N", "rainHour": 0.0, "pressure": 1000.25}