{"windPeak": 4.217358065717708, "windAvg": 1.7998097399999997, "temp": 22.38888888888889, "humidity": 81.0, "direction": "N", "rainHour": 0.0, "pressure": 1007.5625}