{"windPeak": 6.982949014684653, "windAvg": 3.7852822800000023, "temp": 19.388888888888893, "humidity": 83.0, "direction": "N", "rainHour": 0.0, "pressure": 996.875}