{"windPeak": 1.5245991433980965, "windAvg": 0.07873888, "temp": 19.72222222222222, "humidity": 75.0, "direction": "N", "rainHour": 0.0, "pressure": 1009.1875}