{"windPeak": 2.499933670245161, "windAvg": 0.2796125, "temp": 29.722222222222225, "humidity": 48.0, "direction": "N", "rainHour": 0.0, "pressure": 1007.5625}