{"windPeak": 2.329506283776025, "windAvg": 0.25590136, "temp": -40.0, "humidity": 0.0, "direction": "N", "rainHour": 0.0, "pressure": 1007.1875}