{"windPeak": 4.298512597272265, "windAvg": 2.45343192, "temp": 24.000000000000004, "humidity": 86.0, "direction": "N", "rainHour": 0.0, "pressure": 993.25}