{"windPeak": 3.693084769803083, "windAvg": 1.5586719199999997, "temp": 19.388888888888893, "humidity": 68.0, "direction": "N", "rainHour": 0.0, "pressure": 1005.25}