{"windPeak": 0.0001372398786194991, "windAvg": 0.0, "temp": 25.111111111111114, "humidity": 56.0, "direction": "N", "rainHour": 0.0, "pressure": 1003.0}