{"windPeak": 3.801660437702207e-14, "windAvg": 0.0, "temp": 15.888888888888891, "humidity": 83.0, "direction": "N", "rainHour": 0.0, "pressure": 993.0}