{"windPeak": 4.262745879995794e-05, "windAvg": 0.0, "temp": 22.611111111111114, "humidity": 84.0, "direction": "N", "rainHour": 0.0, "pressure": 1003.75}