{"windPeak": 0.46970340895466894, "windAvg": 0.06621223999999999, "temp": 14.38888888888889, "humidity": 85.0, "direction": "N", "rainHour": 0.0, "pressure": 1005.0}