{"windPeak": 3.5515925601821835e-24, "windAvg": 0.0, "temp": 22.611111111111114, "humidity": 74.0, "direction": "N", "rainHour": 0.0, "pressure": 1012.0}