{"windPeak": 5.367148336063719, "windAvg": 2.0087361999999995, "temp": 31.500000000000004, "humidity": 58.0, "direction": "N", "rainHour": 0.0, "pressure": 1005.5}