{"windPeak": 9.876786163710203e-51, "windAvg": 0.0, "temp": 18.388888888888886, "humidity": 74.0, "direction": "N", "rainHour": 0.0, "pressure": 1010.5625}