{"windPeak": 8.681029966450318e-05, "windAvg": 0.0, "temp": 16.77777777777778, "humidity": 79.0, "direction": "N", "rainHour": 0.0, "pressure": 1010.0}