{"windPeak": 7.113992192403769, "windAvg": 4.021946440000001, "temp": 23.88888888888889, "humidity": 48.0, "direction": "N", "rainHour": 0.0, "pressure": 1005.6875}