{"windPeak": 4.410477832418685, "windAvg": 1.07908058, "temp": 6.888888888888888, "humidity": 81.0, "direction": "N", "rainHour": 0.0, "pressure": 1005.0625}