{"windPeak": 2.5935228920901303, "windAvg": 0.4988287, "temp": 22.722222222222225, "humidity": 83.0, "direction": "N", "rainHour": 0.0, "pressure": 1003.75}