{"windPeak": 2.8724191195207673, "windAvg": 0.38832584000000003, "temp": 27.888888888888893, "humidity": 56.0, "direction": "N", "rainHour": 0.0, "pressure": 1009.25}