{"windPeak": 1.0590227982094425e-11, "windAvg": 0.0, "temp": 9.722222222222223, "humidity": 78.0, "direction": "N", "rainHour": 0.0, "pressure": 1001.5625}