{"windPeak": 11.323786455363408, "windAvg": 4.361507800000003, "temp": 15.888888888888891, "humidity": 56.0, "direction": "N", "rainHour": 0.0, "pressure": 999.875}