{"windPeak": 3.3085236387996755, "windAvg": 2.0977648199999988, "temp": 28.388888888888886, "humidity": 53.0, "direction": "N", "rainHour": 0.0, "pressure": 1008.375}