{"windPeak": 3.2141125770336885, "windAvg": 1.963998199999999, "temp": 30.27777777777778, "humidity": 61.0, "direction": "N", "rainHour": 0.0, "pressure": 1000.875}