{"windPeak": 8.03498486663183e-06, "windAvg": 0.0, "temp": 22.277777777777775, "humidity": 69.0, "direction": "N", "rainHour": 0.0, "pressure": 1009.0625}