{"windPeak": 1.1916929651096765e-08, "windAvg": 0.0, "temp": 10.277777777777779, "humidity": 77.0, "direction": "N", "rainHour": 0.0, "pressure": 1001.375}