{"windPeak": 2.9564635093993434e-17, "windAvg": 0.0, "temp": 22.722222222222225, "humidity": 62.0, "direction": "N", "rainHour": 0.0, "pressure": 1003.75}