{"windPeak": 4.125737261883145, "windAvg": 1.4490638200000003, "temp": -40.0, "humidity": 0.0, "direction": "N", "rainHour": 0.0, "pressure": 1006.0}