{"windPeak": 2.772674519806413, "windAvg": 0.28766534, "temp": 30.777777777777782, "humidity": 53.0, "direction": "N", "rainHour": 0.0, "pressure": 1003.25}