{"windPeak": 3.6396631960074406, "windAvg": 2.4579057200000007, "temp": -40.0, "humidity": 0.0, "direction": "N", "rainHour": 0.0, "pressure": 1003.25}