{"windPeak": 3.218240965791297, "windAvg": 2.2315314399999995, "temp": 17.611111111111114, "humidity": 79.0, "direction": "N", "rainHour": 0.0, "pressure": 1007.5}