{"windPeak": 9.73268303503019e-11, "windAvg": 0.0, "temp": 12.611111111111112, "humidity": 80.0, "direction": "N", "rainHour": 0.0, "pressure": 1004.5}