{"windPeak": 3.6937181956039916e-27, "windAvg": 0.0, "temp": 20.72222222222222, "humidity": 85.0, "direction": "N", "rainHour": 0.0, "pressure": 1005.0}