{"windPeak": 2.172983291713968e-06, "windAvg": 0.0, "temp": 12.388888888888888, "humidity": 84.0, "direction": "N", "rainHour": 0.0, "pressure": 1009.5}