{"windPeak": 1.807313667484543e-38, "windAvg": 0.0, "temp": 23.61111111111111, "humidity": 80.0, "direction": "N", "rainHour": 0.0, "pressure": 1004.0}