{"windPeak": 0.014726189274754225, "windAvg": 0.0, "temp": 19.111111111111114, "humidity": 75.0, "direction": "N", "rainHour": 0.0, "pressure": 1008.5625}