{"windPeak": 3.704618401922827, "windAvg": 2.002920259999999, "temp": 21.72222222222222, "humidity": 84.0, "direction": "N", "rainHour": 0.0, "pressure": 1006.75}