{"windPeak": 2.5933488224771333, "windAvg": 1.617726079999999, "temp": 26.888888888888893, "humidity": 53.0, "direction": "N", "rainHour": 0.0, "pressure": 1005.75}