{"windPeak": 3.6320967828065727, "windAvg": 2.0771853399999993, "temp": 22.611111111111114, "humidity": 50.0, "direction": "N", "rainHour": 0.0, "pressure": 1004.0625}