{"windPeak": 3.0872173195646715, "windAvg": 1.1587142000000004, "temp": 21.500000000000004, "humidity": 82.0, "direction": "N", "rainHour": 0.0, "pressure": 989.5}