{"windPeak": 2.1554727534614764, "windAvg": 0.7990206800000001, "temp": 25.111111111111114, "humidity": 73.0, "direction": "N", "rainHour": 0.0, "pressure": 1006.75}