{"windPeak": 0.48180656395139276, "windAvg": 0.0, "temp": 25.222222222222225, "humidity": 66.0, "direction": "N", "rainHour": 0.0, "pressure": 1008.0625}