{"windPeak": 3.73544613105097e-50, "windAvg": 0.0, "temp": 19.777777777777775, "humidity": 70.0, "direction": "N", "rainHour": 0.0, "pressure": 1013.5625}