{"windPeak": 4.54253002843983, "windAvg": 1.2504271200000003, "temp": 13.499999999999998, "humidity": 84.0, "direction": "N", "rainHour": 0.0, "pressure": 1006.1875}