{"windPeak": 4.410641597560271, "windAvg": 2.3916934999999997, "temp": 29.22222222222222, "humidity": 43.0, "direction": "N", "rainHour": 0.0, "pressure": 996.5}