{"windPeak": 2.6775621903181186, "windAvg": 1.0092892800000002, "temp": 26.0, "humidity": 67.0, "direction": "N", "rainHour": 0.0, "pressure": 1006.5625}