{"windPeak": 5.29094094840723, "windAvg": 3.0752902200000007, "temp": 25.111111111111114, "humidity": 62.0, "direction": "N", "rainHour": 0.0, "pressure": 996.1875}