{"windPeak": 4.636490214109041, "windAvg": 2.6122518400000003, "temp": 31.38888888888889, "humidity": 55.0, "direction": "N", "rainHour": 0.0, "pressure": 1006.75}