{"windPeak": 4.9252731684650485e-14, "windAvg": 0.0, "temp": 20.888888888888886, "humidity": 85.0, "direction": "N", "rainHour": 0.0, "pressure": 1007.0625}