{"windPeak": 6.2684771845490435, "windAvg": 3.6309362, "temp": 25.500000000000004, "humidity": 46.0, "direction": "N", "rainHour": 0.0, "pressure": 1006.5625}