{"windPeak": 5.6234833308607035, "windAvg": 2.6305944800000005, "temp": 32.388888888888886, "humidity": 34.0, "direction": "N", "rainHour": 0.0, "pressure": 1006.0}