{"windPeak": 2.577636421596289, "windAvg": 0.43261646000000004, "temp": 6.888888888888888, "humidity": 79.0, "direction": "N", "rainHour": 0.0, "pressure": 1005.5625}