{"windPeak": 2.6465467933643003, "windAvg": 0.36416731999999996, "temp": 25.72222222222222, "humidity": 73.0, "direction": "N", "rainHour": 0.0, "pressure": 1002.25}