{"windPeak": 1.415068855910618e-22, "windAvg": 0.0, "temp": 22.611111111111114, "humidity": 87.0, "direction": "N", "rainHour": 0.0, "pressure": 999.875}