{"windPeak": 5.111654095951519, "windAvg": 2.226162939999999, "temp": 23.77777777777778, "humidity": 38.0, "direction": "N", "rainHour": 0.0, "pressure": 1010.5}