{"windPeak": 3.490410092101776e-35, "windAvg": 0.0, "temp": 21.500000000000004, "humidity": 83.0, "direction": "N", "rainHour": 0.0, "pressure": 1004.25}