{"windPeak": 1.9950113955370483e-24, "windAvg": 0.0, "temp": 11.38888888888889, "humidity": 84.0, "direction": "N", "rainHour": 0.0, "pressure": 1004.25}