{"windPeak": 1.9657608315548796, "windAvg": 0.0559225, "temp": 22.611111111111114, "humidity": 58.0, "direction": "N", "rainHour": 0.0, "pressure": 1007.875}