{"windPeak": 9.74521243541599e-40, "windAvg": 0.0, "temp": 12.888888888888891, "humidity": 82.0, "direction": "N", "rainHour": 0.0, "pressure": 1003.6875}