{"windPeak": 10.638637304515223, "windAvg": 4.98918212, "temp": 10.999999999999998, "humidity": 69.0, "direction": "N", "rainHour": 0.0, "pressure": 1004.5}