{"windPeak": 4.208350124587839, "windAvg": 2.4042201199999997, "temp": 23.277777777777782, "humidity": 86.0, "direction": "N", "rainHour": 0.0, "pressure": 996.375}