{"windPeak": 1.2734941908744439e-18, "windAvg": 0.0, "temp": 21.72222222222222, "humidity": 74.0, "direction": "N", "rainHour": 0.0, "pressure": 1010.25}