{"windPeak": 3.496506504253573e-05, "windAvg": 0.0, "temp": 16.77777777777778, "humidity": 86.0, "direction": "N", "rainHour": 0.0, "pressure": 1003.1875}