{"windPeak": 3.3973363149369233, "windAvg": 2.3652980599999993, "temp": 25.222222222222225, "humidity": 47.0, "direction": "N", "rainHour": 0.0, "pressure": 1005.6875}