{"windPeak": 2.4577060510926363, "windAvg": 1.0638696400000003, "temp": 19.88888888888889, "humidity": 57.0, "direction": "N", "rainHour": 0.0, "pressure": 1008.6875}