{"windPeak": 8.794169107734464e-58, "windAvg": 0.0, "temp": 21.11111111111111, "humidity": 73.0, "direction": "N", "rainHour": 0.0, "pressure": 1014.6875}