{"windPeak": 0.11134083910892574, "windAvg": 0.0, "temp": 16.722222222222225, "humidity": 68.0, "direction": "N", "rainHour": 0.0, "pressure": 1007.25}