{"windPeak": 4.068042592999196, "windAvg": 2.2570321200000008, "temp": 26.222222222222225, "humidity": 78.0, "direction": "N", "rainHour": 0.0, "pressure": 1002.375}