{"windPeak": 3.173251695348611, "windAvg": 1.3117181600000003, "temp": 25.222222222222225, "humidity": 75.0, "direction": "N", "rainHour": 0.0, "pressure": 1006.375}