{"windPeak": 2.2454605088682275e-43, "windAvg": 0.0, "temp": 20.888888888888886, "humidity": 68.0, "direction": "N", "rainHour": 0.0, "pressure": 1002.0625}