{"windPeak": 8.646908044888045e-38, "windAvg": 0.0, "temp": 23.88888888888889, "humidity": 86.0, "direction": "N", "rainHour": 0.0, "pressure": 1000.5}