{"windPeak": 3.7435023808274783, "windAvg": 2.5276970000000007, "temp": 27.722222222222225, "humidity": 48.0, "direction": "N", "rainHour": 0.0, "pressure": 1002.5}