{"windPeak": 7.574003228175356, "windAvg": 3.486879820000001, "temp": 32.611111111111114, "humidity": 28.0, "direction": "N", "rainHour": 0.0, "pressure": 1004.875}