{"windPeak": 3.979210658648424, "windAvg": 1.3586930600000002, "temp": 34.111111111111114, "humidity": 28.0, "direction": "N", "rainHour": 0.0, "pressure": 1005.6875}