{"windPeak": 2.2571766804743097e-10, "windAvg": 0.0, "temp": 22.277777777777775, "humidity": 73.0, "direction": "N", "rainHour": 0.0, "pressure": 1009.0}