{"windPeak": 3.181635894534852, "windAvg": 1.9197075799999996, "temp": 26.27777777777778, "humidity": 64.0, "direction": "N", "rainHour": 0.0, "pressure": 1008.0}