{"windPeak": 6.982735163911082, "windAvg": 2.8981277000000008, "temp": 21.222222222222225, "humidity": 80.0, "direction": "N", "rainHour": 0.0, "pressure": 995.6875}