{"windPeak": 4.430486112878496, "windAvg": 2.51964418, "temp": 21.11111111111111, "humidity": 80.0, "direction": "N", "rainHour": 0.0, "pressure": 991.6875}