{"windPeak": 8.159511779898581, "windAvg": 3.9396284400000012, "temp": 18.88888888888889, "humidity": 83.0, "direction": "N", "rainHour": 0.0, "pressure": 997.0625}