{"windPeak": 13.188689442581502, "windAvg": 5.719753600000001, "temp": 12.11111111111111, "humidity": 64.0, "direction": "N", "rainHour": 0.0, "pressure": 1003.6875}