{"windPeak": 12.23900593434055, "windAvg": 3.30748042, "temp": 26.500000000000004, "humidity": 36.0, "direction": "N", "rainHour": 0.0, "pressure": 997.875}