{"windPeak": 5.402033390269567, "windAvg": 2.2592689999999997, "temp": 23.22222222222222, "humidity": 58.0, "direction": "N", "rainHour": 0.0, "pressure": 1008.25}