{"windPeak": 1.2205455348254428, "windAvg": 0.0, "temp": 26.38888888888889, "humidity": 51.0, "direction": "N", "rainHour": 0.0, "pressure": 1006.5625}