{"windPeak": 4.046047436777137, "windAvg": 2.219004799999999, "temp": 26.222222222222225, "humidity": 55.0, "direction": "N", "rainHour": 0.0, "pressure": 1008.0}