{"windPeak": 1.6104157962073404, "windAvg": 0.30242888, "temp": 22.5, "humidity": 52.0, "direction": "N", "rainHour": 0.0, "pressure": 1004.5625}