{"windPeak": 1.676210658049947, "windAvg": 0.36058828000000004, "temp": 17.5, "humidity": 63.0, "direction": "N", "rainHour": 0.0, "pressure": 1006.75}