{"windPeak": 3.621646309059181, "windAvg": 1.7675983799999997, "temp": 17.888888888888893, "humidity": 87.0, "direction": "N", "rainHour": 0.0, "pressure": 992.0}