{"windPeak": 1.4506009447285076e-34, "windAvg": 0.0, "temp": 11.222222222222225, "humidity": 87.0, "direction": "N", "rainHour": 0.0, "pressure": 1012.5}