{"windPeak": 3.0947271086641788, "windAvg": 1.6383055599999994, "temp": 24.777777777777775, "humidity": 76.0, "direction": "N", "rainHour": 0.0, "pressure": 1006.5}