{"windPeak": 2.407774922755894e-08, "windAvg": 0.0, "temp": 26.38888888888889, "humidity": 63.0, "direction": "N", "rainHour": 0.0, "pressure": 1008.6875}