{"windPeak": 3.256013641249184e-64, "windAvg": 0.0, "temp": 17.888888888888893, "humidity": 75.0, "direction": "N", "rainHour": 0.0, "pressure": 1005.0}