{"windPeak": 5.0634516620825, "windAvg": 2.6100149399999997, "temp": 28.5, "humidity": 39.0, "direction": "N", "rainHour": 0.0, "pressure": 1011.5}