{"windPeak": 8.119856245168792, "windAvg": 2.9142334200000004, "temp": 21.222222222222225, "humidity": 80.0, "direction": "N", "rainHour": 0.0, "pressure": 995.875}