{"windPeak": 0.07299848418889318, "windAvg": 0.0, "temp": 23.388888888888886, "humidity": 69.0, "direction": "N", "rainHour": 0.0, "pressure": 1012.0}