{"windPeak": 5.245147983329999, "windAvg": 3.3119542200000014, "temp": 26.0, "humidity": 49.0, "direction": "N", "rainHour": 0.0, "pressure": 1002.0}