{"windPeak": 2.4850070006974128, "windAvg": 0.6290162799999999, "temp": 23.000000000000004, "humidity": 83.0, "direction": "N", "rainHour": 0.0, "pressure": 1009.5625}