{"windPeak": 3.9562998321694384e-53, "windAvg": 0.0, "temp": 26.72222222222222, "humidity": 59.0, "direction": "N", "rainHour": 0.0, "pressure": 1003.1875}