{"windPeak": 3.1065437656406028, "windAvg": 0.46348567999999996, "temp": 19.111111111111114, "humidity": 84.0, "direction": "N", "rainHour": 0.0, "pressure": 995.875}