{"windPeak": 3.420184823196992e-07, "windAvg": 0.0, "temp": 21.38888888888889, "humidity": 75.0, "direction": "N", "rainHour": 0.0, "pressure": 1007.0625}