{"windPeak": 9.689656196822236e-63, "windAvg": 0.0, "temp": 24.722222222222225, "humidity": 75.0, "direction": "N", "rainHour": 0.0, "pressure": 1013.25}