{"windPeak": 3.4529978590229313, "windAvg": 1.2320845200000006, "temp": 27.38888888888889, "humidity": 51.0, "direction": "N", "rainHour": 0.0, "pressure": 1009.0}