{"windPeak": 6.288803734620672e-38, "windAvg": 0.0, "temp": 20.777777777777782, "humidity": 70.0, "direction": "N", "rainHour": 0.0, "pressure": 1012.75}