{"windPeak": 4.55346683076197, "windAvg": 1.2857701400000001, "temp": 21.888888888888893, "humidity": 78.0, "direction": "N", "rainHour": 0.0, "pressure": 1007.25}