{"windPeak": 3.7785393056102065e-10, "windAvg": 0.0, "temp": 29.777777777777775, "humidity": 51.0, "direction": "N", "rainHour": 0.0, "pressure": 1009.5}