{"windPeak": 2.8231217158114792e-15, "windAvg": 0.0, "temp": 22.77777777777778, "humidity": 74.0, "direction": "N", "rainHour": 0.0, "pressure": 1005.1875}