{"windPeak": 0.019549750249163604, "windAvg": 0.0, "temp": 28.000000000000004, "humidity": 61.0, "direction": "N", "rainHour": 0.0, "pressure": 1006.6875}