{"windPeak": 2.102366244492379, "windAvg": 0.60485776, "temp": 31.611111111111114, "humidity": 47.0, "direction": "N", "rainHour": 0.0, "pressure": 1008.0625}