{"windPeak": 0.00011737116436891741, "windAvg": 0.0, "temp": 13.222222222222221, "humidity": 77.0, "direction": "N", "rainHour": 0.0, "pressure": 1004.375}