{"windPeak": 1.9871661361573838, "windAvg": 0.39503654000000005, "temp": 13.722222222222225, "humidity": 84.0, "direction": "N", "rainHour": 0.0, "pressure": 1006.0}