{"windPeak": 3.1985921369627746, "windAvg": 2.0852381799999997, "temp": 32.27777777777778, "humidity": 54.0, "direction": "N", "rainHour": 0.0, "pressure": 1006.0}