{"windPeak": 1.7705691227847534e-05, "windAvg": 0.0, "temp": 19.27777777777778, "humidity": 84.0, "direction": "N", "rainHour": 0.0, "pressure": 1002.75}