{"windPeak": 2.7681373353525105, "windAvg": 0.9211554200000003, "temp": 16.27777777777778, "humidity": 66.0, "direction": "N", "rainHour": 0.0, "pressure": 1003.1875}