{"windPeak": 0.3134693147613128, "windAvg": 0.04563276, "temp": 23.61111111111111, "humidity": 53.0, "direction": "N", "rainHour": 0.0, "pressure": 1005.0}