{"windPeak": 3.7662879280953185, "windAvg": 1.9380501600000002, "temp": 28.22222222222222, "humidity": 72.0, "direction": "N", "rainHour": 0.0, "pressure": 1002.75}