{"windPeak": 4.8660603293247105e-33, "windAvg": 0.0, "temp": 11.88888888888889, "humidity": 85.0, "direction": "N", "rainHour": 0.0, "pressure": 1013.25}