{"windPeak": 6.445589875176133e-56, "windAvg": 0.0, "temp": 25.388888888888893, "humidity": 71.0, "direction": "N", "rainHour": 0.0, "pressure": 1013.5}