{"windPeak": 3.000313796783316, "windAvg": 1.75954554, "temp": 37.27777777777778, "humidity": 47.0, "direction": "N", "rainHour": 0.0, "pressure": 1001.25}