{"windPeak": 4.674966749546694, "windAvg": 2.7974671600000005, "temp": 26.0, "humidity": 69.0, "direction": "N", "rainHour": 0.0, "pressure": 1008.5625}