{"windPeak": 2.399789363886834e-27, "windAvg": 0.0, "temp": 16.27777777777778, "humidity": 79.0, "direction": "N", "rainHour": 0.0, "pressure": 1005.375}