{"windPeak": 1.2084318194994803, "windAvg": 0.52880316, "temp": 23.11111111111111, "humidity": 76.0, "direction": "N", "rainHour": 0.0, "pressure": 1001.0}