{"windPeak": 2.212072208283504, "windAvg": 0.18834698000000002, "temp": 22.22222222222222, "humidity": 72.0, "direction": "N", "rainHour": 0.0, "pressure": 1005.25}