{"windPeak": 1.3221179802931005, "windAvg": 0.27737560000000006, "temp": 24.22222222222222, "humidity": 82.0, "direction": "N", "rainHour": 0.0, "pressure": 1001.0625}