{"windPeak": 5.93748562538863, "windAvg": 3.6515156200000014, "temp": 18.111111111111107, "humidity": 82.0, "direction": "N", "rainHour": 0.0, "pressure": 998.5625}