{"windPeak": 3.751816771630554e-07, "windAvg": 0.0, "temp": 12.611111111111112, "humidity": 85.0, "direction": "N", "rainHour": 0.0, "pressure": 1009.5625}