{"windPeak": 3.5527912760803972, "windAvg": 2.0592901399999994, "temp": 34.0, "humidity": 46.0, "direction": "N", "rainHour": 0.0, "pressure": 1011.5}