{"windPeak": 2.4632785146958898, "windAvg": 1.1153183400000002, "temp": 34.888888888888886, "humidity": 49.0, "direction": "N", "rainHour": 0.0, "pressure": 1002.25}