{"windPeak": 3.6605236690531293, "windAvg": 1.6011730199999996, "temp": 23.22222222222222, "humidity": 78.0, "direction": "N", "rainHour": 0.0, "pressure": 1006.875}