{"windPeak": 1.83739150291135, "windAvg": 0.7189396600000001, "temp": 19.88888888888889, "humidity": 72.0, "direction": "N", "rainHour": 0.0, "pressure": 1009.25}