{"windPeak": 4.209730940353803, "windAvg": 2.653410800000001, "temp": 32.88888888888889, "humidity": 46.0, "direction": "N", "rainHour": 0.0, "pressure": 1002.875}