{"windPeak": 3.598998692282806, "windAvg": 2.3755878, "temp": 25.888888888888886, "humidity": 46.0, "direction": "N", "rainHour": 0.0, "pressure": 1008.75}