{"windPeak": 4.074206997158001e-11, "windAvg": 0.0, "temp": 17.611111111111114, "humidity": 78.0, "direction": "N", "rainHour": 0.0, "pressure": 992.6875}