{"windPeak": 4.248073493752564, "windAvg": 2.7357287, "temp": 28.61111111111111, "humidity": 43.0, "direction": "N", "rainHour": 0.0, "pressure": 1004.5}