{"windPeak": 3.301729380318573, "windAvg": 0.8075209, "temp": 25.500000000000004, "humidity": 78.0, "direction": "N", "rainHour": 0.0, "pressure": 987.0625}