{"windPeak": 2.1526084231035585e-22, "windAvg": 0.0, "temp": 20.777777777777782, "humidity": 72.0, "direction": "N", "rainHour": 0.0, "pressure": 1007.6875}