{"windPeak": 0.48013930709395936, "windAvg": 0.06621223999999999, "temp": 24.61111111111111, "humidity": 74.0, "direction": "N", "rainHour": 0.0, "pressure": 1003.5625}