{"windPeak": 0.00011847311655271822, "windAvg": 0.0, "temp": 21.77777777777778, "humidity": 81.0, "direction": "N", "rainHour": 0.0, "pressure": 1006.75}