{"windPeak": 2.1783758558556436, "windAvg": 0.7681514600000001, "temp": 19.22222222222222, "humidity": 59.0, "direction": "N", "rainHour": 0.0, "pressure": 1008.6875}