{"windPeak": 4.967159662555509, "windAvg": 3.2913747400000024, "temp": 30.222222222222225, "humidity": 56.0, "direction": "N", "rainHour": 0.0, "pressure": 1007.25}