{"windPeak": 5.878641096517471, "windAvg": 3.404561840000001, "temp": 27.222222222222225, "humidity": 34.0, "direction": "N", "rainHour": 0.0, "pressure": 1005.25}