{"windPeak": 3.933992217260215, "windAvg": 2.5505133800000004, "temp": 32.77777777777778, "humidity": 55.0, "direction": "N", "rainHour": 0.0, "pressure": 1007.0}