{"windPeak": 8.714016602649249, "windAvg": 4.680489900000002, "temp": 28.722222222222225, "humidity": 43.0, "direction": "N", "rainHour": 0.0, "pressure": 993.5}