{"windPeak": 6.813205815574195, "windAvg": 3.3325336400000016, "temp": 20.222222222222225, "humidity": 72.0, "direction": "N", "rainHour": 0.0, "pressure": 1007.0625}