{"windPeak": 3.08737969249463, "windAvg": 0.5641461799999999, "temp": 19.27777777777778, "humidity": 85.0, "direction": "N", "rainHour": 0.0, "pressure": 996.0}