{"windPeak": 1.6037668185235392e-07, "windAvg": 0.0, "temp": 25.888888888888886, "humidity": 76.0, "direction": "N", "rainHour": 0.0, "pressure": 1001.25}