{"windPeak": 0.0014105369967967675, "windAvg": 0.0, "temp": 22.38888888888889, "humidity": 81.0, "direction": "N", "rainHour": 0.0, "pressure": 1003.25}