{"windPeak": 3.601804131373869, "windAvg": 1.6933332999999993, "temp": 22.22222222222222, "humidity": 51.0, "direction": "N", "rainHour": 0.0, "pressure": 1004.0}