{"windPeak": 5.7049551278575864e-05, "windAvg": 0.0, "temp": 24.88888888888889, "humidity": 64.0, "direction": "N", "rainHour": 0.0, "pressure": 1002.375}