{"windPeak": 8.299860649121707e-15, "windAvg": 0.0, "temp": 21.611111111111114, "humidity": 74.0, "direction": "N", "rainHour": 0.0, "pressure": 1010.5}