{"windPeak": 1.1681557041051292e-24, "windAvg": 0.0, "temp": 21.72222222222222, "humidity": 70.0, "direction": "N", "rainHour": 0.0, "pressure": 1003.75}