{"windPeak": 1.926386906478672, "windAvg": 0.07650198, "temp": 24.111111111111114, "humidity": 71.0, "direction": "N", "rainHour": 0.0, "pressure": 1008.0}