{"windPeak": 2.7866390716239358, "windAvg": 0.11989784, "temp": 25.500000000000004, "humidity": 70.0, "direction": "N", "rainHour": 0.0, "pressure": 1005.875}