{"windPeak": 4.5188561840293323e-20, "windAvg": 0.0, "temp": 13.222222222222221, "humidity": 82.0, "direction": "N", "rainHour": 0.0, "pressure": 1013.0625}