{"windPeak": 4.0362615963281357e-19, "windAvg": 0.0, "temp": 13.499999999999998, "humidity": 77.0, "direction": "N", "rainHour": 0.0, "pressure": 1003.6875}