{"windPeak": 1.703462751358634, "windAvg": 0.5077763000000001, "temp": 26.777777777777782, "humidity": 68.0, "direction": "N", "rainHour": 0.0, "pressure": 1006.0}