{"windPeak": 5.586023018533889e-09, "windAvg": 0.0, "temp": 12.722222222222221, "humidity": 80.0, "direction": "N", "rainHour": 0.0, "pressure": 1007.375}