{"windPeak": 0.7800440106722137, "windAvg": 0.2192162, "temp": 24.88888888888889, "humidity": 61.0, "direction": "N", "rainHour": 0.0, "pressure": 1007.25}