{"windPeak": 1.946321232690099e-50, "windAvg": 0.0, "temp": 31.111111111111114, "humidity": 63.0, "direction": "N", "rainHour": 0.0, "pressure": 1008.0625}