{"windPeak": 3.108566343294614e-33, "windAvg": 0.0, "temp": 23.722222222222225, "humidity": 87.0, "direction": "N", "rainHour": 0.0, "pressure": 1000.5}