{"windPeak": 3.482340236829851e-26, "windAvg": 0.0, "temp": 21.611111111111114, "humidity": 69.0, "direction": "N", "rainHour": 0.0, "pressure": 1003.875}