{"windPeak": 4.262644478238102, "windAvg": 2.23511048, "temp": 23.722222222222225, "humidity": 76.0, "direction": "N", "rainHour": 0.0, "pressure": 1009.5}