{"windPeak": 7.624424556951684e-24, "windAvg": 0.0, "temp": 14.777777777777779, "humidity": 83.0, "direction": "N", "rainHour": 0.0, "pressure": 1011.25}