{"windPeak": 6.933534601412096e-24, "windAvg": 0.0, "temp": 12.388888888888888, "humidity": 86.0, "direction": "N", "rainHour": 0.0, "pressure": 1013.1875}