{"windPeak": 3.30274501749084, "windAvg": 2.3241390999999996, "temp": 19.388888888888893, "humidity": 64.0, "direction": "N", "rainHour": 0.0, "pressure": 1004.25}