{"windPeak": 2.5320220685942614, "windAvg": 1.56985642, "temp": 21.38888888888889, "humidity": 75.0, "direction": "N", "rainHour": 0.0, "pressure": 1010.25}