{"windPeak": 5.008130154064745e-37, "windAvg": 0.0, "temp": 23.88888888888889, "humidity": 86.0, "direction": "N", "rainHour": 0.0, "pressure": 1000.5}