{"windPeak": 0.0013500989960640493, "windAvg": 0.0, "temp": 23.11111111111111, "humidity": 81.0, "direction": "N", "rainHour": 0.0, "pressure": 1002.75}