{"windPeak": 1.4429605298653232, "windAvg": 0.0, "temp": 15.277777777777779, "humidity": 73.0, "direction": "N", "rainHour": 0.0, "pressure": 1007.25}