{"windPeak": 2.1107100073698864e-12, "windAvg": 0.0, "temp": 13.277777777777777, "humidity": 85.0, "direction": "N", "rainHour": 0.0, "pressure": 1010.5}