{"windPeak": 5.7710496083616425, "windAvg": 2.38498282, "temp": 22.77777777777778, "humidity": 56.0, "direction": "N", "rainHour": 0.0, "pressure": 1002.75}