{"windPeak": 3.8279829798543337, "windAvg": 2.0078414400000004, "temp": 15.777777777777779, "humidity": 57.0, "direction": "N", "rainHour": 0.0, "pressure": 1000.5625}