{"windPeak": 1.6190400952483144e-28, "windAvg": 0.0, "temp": 20.388888888888893, "humidity": 75.0, "direction": "N", "rainHour": 0.0, "pressure": 1007.75}