{"windPeak": 5.950853040638719e-31, "windAvg": 0.0, "temp": 21.27777777777778, "humidity": 84.0, "direction": "N", "rainHour": 0.0, "pressure": 1005.6875}