{"windPeak": 2.1059032606787103, "windAvg": 1.05492204, "temp": 22.11111111111111, "humidity": 71.0, "direction": "N", "rainHour": 0.0, "pressure": 1010.375}