{"windPeak": 3.67052768265277, "windAvg": 2.3035596199999997, "temp": 26.777777777777782, "humidity": 75.0, "direction": "N", "rainHour": 0.0, "pressure": 1003.0625}