{"windPeak": 2.5618505263955664e-07, "windAvg": 0.0, "temp": 24.722222222222225, "humidity": 59.0, "direction": "N", "rainHour": 0.0, "pressure": 1003.75}