{"windPeak": 2.068165123951704, "windAvg": 0.33329810000000004, "temp": 20.888888888888886, "humidity": 53.0, "direction": "N", "rainHour": 0.0, "pressure": 1007.1875}