{"windPeak": 5.826021204229051, "windAvg": 2.8180466799999992, "temp": 34.22222222222222, "humidity": 27.0, "direction": "N", "rainHour": 0.0, "pressure": 1005.5625}