{"windPeak": 3.4533396771913605, "windAvg": 2.1595032599999993, "temp": 24.722222222222225, "humidity": 73.0, "direction": "N", "rainHour": 0.0, "pressure": 1002.875}