{"windPeak": 3.0721331674567716, "windAvg": 1.7474662800000005, "temp": 26.500000000000004, "humidity": 76.0, "direction": "N", "rainHour": 0.0, "pressure": 1007.875}