{"windPeak": 0.8932340156525443, "windAvg": 0.30600792000000004, "temp": 30.0, "humidity": 46.0, "direction": "N", "rainHour": 0.0, "pressure": 1013.75}