{"windPeak": 1.45195620828093, "windAvg": 0.12437163999999999, "temp": 21.999999999999996, "humidity": 68.0, "direction": "N", "rainHour": 0.0, "pressure": 1009.75}