{"windPeak": 0.6876919018618898, "windAvg": 0.14495112, "temp": 22.888888888888893, "humidity": 53.0, "direction": "N", "rainHour": 0.0, "pressure": 1006.75}