{"windPeak": 1.0334725187719966e-43, "windAvg": 0.0, "temp": 24.61111111111111, "humidity": 64.0, "direction": "N", "rainHour": 0.0, "pressure": 1012.1875}