{"windPeak": 0.9729047843171883, "windAvg": 0.0, "temp": 18.722222222222225, "humidity": 58.0, "direction": "N", "rainHour": 0.0, "pressure": 1007.5}