{"windPeak": 1.3040221090073883e-14, "windAvg": 0.0, "temp": 19.388888888888893, "humidity": 72.0, "direction": "N", "rainHour": 0.0, "pressure": 1004.0625}