{"windPeak": 1.784366931735448e-44, "windAvg": 0.0, "temp": 18.88888888888889, "humidity": 82.0, "direction": "N", "rainHour": 0.0, "pressure": 1012.1875}