{"windPeak": 4.602670826165149, "windAvg": 2.51964418, "temp": 31.500000000000004, "humidity": 60.0, "direction": "N", "rainHour": 0.0, "pressure": 1000.75}