{"windPeak": 0.6894004274584365, "windAvg": 0.06844914, "temp": 25.888888888888886, "humidity": 59.0, "direction": "N", "rainHour": 0.0, "pressure": 1009.375}