{"windPeak": 5.7867466600930495, "windAvg": 3.569197740000001, "temp": 26.72222222222222, "humidity": 53.0, "direction": "N", "rainHour": 0.0, "pressure": 1002.6875}