{"windPeak": 3.4188903247623323, "windAvg": 2.1572663599999995, "temp": 17.611111111111114, "humidity": 87.0, "direction": "N", "rainHour": 0.0, "pressure": 993.0}