{"windPeak": 3.6197236897073872, "windAvg": 1.9653403399999994, "temp": 27.11111111111111, "humidity": 47.0, "direction": "N", "rainHour": 0.0, "pressure": 997.375}