{"windPeak": 1.8990153516396266, "windAvg": 0.17805724, "temp": 17.38888888888889, "humidity": 87.0, "direction": "N", "rainHour": 0.0, "pressure": 998.5625}