{"windPeak": 3.5750544326898086, "windAvg": 1.7680457800000002, "temp": 16.88888888888889, "humidity": 76.0, "direction": "N", "rainHour": 0.0, "pressure": 1003.75}