{"windPeak": 4.722837020398973, "windAvg": 3.2399260400000016, "temp": 23.5, "humidity": 85.0, "direction": "N", "rainHour": 0.0, "pressure": 989.75}