{"windPeak": 2.6976702541850806, "windAvg": 0.51269748, "temp": 22.77777777777778, "humidity": 81.0, "direction": "N", "rainHour": 0.0, "pressure": 1003.375}