{"windPeak": 4.034838661092822, "windAvg": 2.57109286, "temp": 23.388888888888886, "humidity": 63.0, "direction": "N", "rainHour": 0.0, "pressure": 991.5625}