{"windPeak": 1.2407966139516797e-05, "windAvg": 0.0, "temp": 24.722222222222225, "humidity": 59.0, "direction": "N", "rainHour": 0.0, "pressure": 1007.5625}