{"windPeak": 12.670426624418415, "windAvg": 5.0406309, "temp": 20.72222222222222, "humidity": 45.0, "direction": "N", "rainHour": 0.0, "pressure": 998.375}