{"windPeak": 0.0028518393249249213, "windAvg": 0.0, "temp": 19.61111111111111, "humidity": 85.0, "direction": "N", "rainHour": 0.0, "pressure": 1004.875}