{"windPeak": 3.8425754825851137, "windAvg": 1.3452716599999999, "temp": 22.38888888888889, "humidity": 81.0, "direction": "N", "rainHour": 0.0, "pressure": 1003.0625}