{"windPeak": 1.452404757053542, "windAvg": 0.08902861999999999, "temp": 25.0, "humidity": 72.0, "direction": "N", "rainHour": 0.0, "pressure": 1003.6875}