{"windPeak": 6.491398444134755, "windAvg": 3.2605055000000016, "temp": 18.77777777777778, "humidity": 73.0, "direction": "N", "rainHour": 0.0, "pressure": 1002.5625}