{"windPeak": 7.212034065467593, "windAvg": 4.176292440000002, "temp": 24.722222222222225, "humidity": 56.0, "direction": "N", "rainHour": 0.0, "pressure": 992.75}