{"windPeak": 4.445534880428689, "windAvg": 2.4784851999999997, "temp": 30.777777777777782, "humidity": 59.0, "direction": "N", "rainHour": 0.0, "pressure": 1006.0625}