{"windPeak": 3.119205552539204, "windAvg": 1.902259759999999, "temp": 22.38888888888889, "humidity": 50.0, "direction": "N", "rainHour": 0.0, "pressure": 1004.0}