{"windPeak": 4.652199824371583e-34, "windAvg": 0.0, "temp": 20.111111111111114, "humidity": 70.0, "direction": "N", "rainHour": 0.0, "pressure": 1003.0}