{"windPeak": 3.2792640765912506, "windAvg": 1.8874962199999994, "temp": 21.999999999999996, "humidity": 83.0, "direction": "N", "rainHour": 0.0, "pressure": 1007.5}