{"windPeak": 2.139333664703206e-26, "windAvg": 0.0, "temp": 20.611111111111107, "humidity": 85.0, "direction": "N", "rainHour": 0.0, "pressure": 1004.875}