{"windPeak": 0.3497677287311933, "windAvg": 0.0, "temp": 19.111111111111114, "humidity": 66.0, "direction": "N", "rainHour": 0.0, "pressure": 1004.25}