{"windPeak": 4.681958200611239, "windAvg": 2.6945697600000007, "temp": 24.277777777777782, "humidity": 68.0, "direction": "N", "rainHour": 0.0, "pressure": 996.0625}