{"windPeak": 2.422283259976515, "windAvg": 0.5936732599999999, "temp": 23.77777777777778, "humidity": 76.0, "direction": "N", "rainHour": 0.0, "pressure": 1008.0}