{"windPeak": 2.3740844683855613, "windAvg": 0.17582034, "temp": 15.722222222222221, "humidity": 78.0, "direction": "N", "rainHour": 0.0, "pressure": 1004.75}