{"windPeak": 6.037369777772605, "windAvg": 3.126738860000001, "temp": 36.111111111111114, "humidity": 38.0, "direction": "N", "rainHour": 0.0, "pressure": 1007.5625}