{"windPeak": 1.4915876148579925, "windAvg": 0.21340025999999998, "temp": 22.722222222222225, "humidity": 67.0, "direction": "N", "rainHour": 0.0, "pressure": 1009.6875}