{"windPeak": 4.837803130511084, "windAvg": 2.3093755800000006, "temp": 27.888888888888893, "humidity": 50.0, "direction": "N", "rainHour": 0.0, "pressure": 1002.5625}