{"windPeak": 1.4495486197942111, "windAvg": 0.41561602000000003, "temp": 22.5, "humidity": 81.0, "direction": "N", "rainHour": 0.0, "pressure":