{"windPeak": 2.2243399583973207, "windAvg": 0.82854776, "temp": 28.5, "humidity": 47.0, "direction": "N", "rainHour": 0.0, "pressure": 1007.0}