{"windPeak": 0.1259955229036163, "windAvg": 0.0, "temp": 13.722222222222225, "humidity": 85.0, "direction": "N", "rainHour": 0.0, "pressure": 1005.875}