{"windPeak": 5.796194042103001, "windAvg": 3.14731838, "temp": 27.5, "humidity": 60.0, "direction": "N", "rainHour": 0.0, "pressure": 1005.875}