{"windPeak": 8.937045477588807, "windAvg": 4.1660028, "temp": 14.27777777777778, "humidity": 88.0, "direction": "N", "rainHour": 0.0, "pressure": 1000.6875}