{"windPeak": 2.83185790421832e-48, "windAvg": 0.0, "temp": 16.11111111111111, "humidity": 81.0, "direction": "N", "rainHour": 0.0, "pressure": 1013.375}