{"windPeak": 3.3025855946102753, "windAvg": 0.06621223999999999, "temp": 15.888888888888891, "humidity": 87.0, "direction": "N", "rainHour": 0.0, "pressure": 1005.875}