{"windPeak": 3.334309873548877e-11, "windAvg": 0.0, "temp": 22.722222222222225, "humidity": 82.0, "direction": "N", "rainHour": 0.0, "pressure": 1004.0625}