{"windPeak": 4.579650170022003, "windAvg": 1.55196124, "temp": 22.611111111111114, "humidity": 82.0, "direction": "N", "rainHour": 0.0, "pressure": 1007.875}