{"windPeak": 5.237149111149545, "windAvg": 2.406457019999999, "temp": 28.11111111111111, "humidity": 45.0, "direction": "N", "rainHour": 0.0, "pressure": 1008.25}