{"windPeak": 0.9979709423587748, "windAvg": 0.06844914, "temp": 24.277777777777782, "humidity": 52.0, "direction": "N", "rainHour": 0.0, "pressure": 1004.875}