{"windPeak": 2.740745075082169, "windAvg": 0.6487010000000001, "temp": 17.5, "humidity": 87.0, "direction": "N", "rainHour": 0.0, "pressure": 1000.5625}