{"windPeak": 8.463852254744111, "windAvg": 3.538328540000001, "temp": 18.88888888888889, "humidity": 83.0, "direction": "N", "rainHour": 0.0, "pressure": 997.375}