{"windPeak": 3.1902615525109197, "windAvg": 1.3497454800000002, "temp": 18.111111111111107, "humidity": 85.0, "direction": "N", "rainHour": 0.0, "pressure": 1003.75}