{"windPeak": 2.819180646652493e-12, "windAvg": 0.0, "temp": 16.27777777777778, "humidity": 68.0, "direction": "N", "rainHour": 0.0, "pressure": 1003.0625}