{"windPeak": 8.060796779198665, "windAvg": 2.49459092, "temp": 19.499999999999996, "humidity": 47.0, "direction": "N", "rainHour": 0.0, "pressure": 999.75}