{"windPeak": 4.666832899240299, "windAvg": 2.499064699999999, "temp": 25.388888888888893, "humidity": 48.0, "direction": "N", "rainHour": 0.0, "pressure": 999.875}