{"windPeak": 2.0899353087433192e-22, "windAvg": 0.0, "temp": 22.277777777777775, "humidity": 71.0, "direction": "N", "rainHour": 0.0, "pressure": 1006.6875}