{"windPeak": 6.890709707708672, "windAvg": 2.9826824800000016, "temp": 25.27777777777778, "humidity": 56.0, "direction": "N", "rainHour": 0.0, "pressure": 1002.75}