{"windPeak": 4.8502247346320955, "windAvg": 2.3550083199999987, "temp": 32.88888888888889, "humidity": 32.0, "direction": "N", "rainHour": 0.0, "pressure": 1005.875}