{"windPeak": 1.2472917745029224, "windAvg": 0.02281638, "temp": 25.61111111111111, "humidity": 67.0, "direction": "N", "rainHour": 0.0, "pressure": 1005.1875}