{"windPeak": 4.3470388288850174e-30, "windAvg": 0.0, "temp": 27.277777777777775, "humidity": 59.0, "direction": "N", "rainHour": 0.0, "pressure": 1008.875}