{"windPeak": 4.638031709384197, "windAvg": 2.7084385400000004, "temp": 26.11111111111111, "humidity": 46.0, "direction": "N", "rainHour": 0.0, "pressure": 1005.5}