{"windPeak": 4.4446398254362505, "windAvg": 2.3755878, "temp": 22.77777777777778, "humidity": 80.0, "direction": "N", "rainHour": 0.0, "pressure": 1007.6875}