{"windPeak": 1.0936066295967493e-18, "windAvg": 0.0, "temp": 27.38888888888889, "humidity": 65.0, "direction": "N", "rainHour": 0.0, "pressure": 1011.0625}