{"windPeak": 1.0110802211478556, "windAvg": 0.04563276, "temp": 18.111111111111107, "humidity": 82.0, "direction": "N", "rainHour": 0.0, "pressure": 1010.0625}