{"windPeak": 6.773885669280772, "windAvg": 2.6386472599999995, "temp": 24.499999999999996, "humidity": 53.0, "direction": "N", "rainHour": 0.0, "pressure": 1009.0}