{"windPeak": 2.2876096562799537, "windAvg": 0.5525143, "temp": 23.61111111111111, "humidity": 78.0, "direction": "N", "rainHour": 0.0, "pressure": 1003.5625}