{"windPeak": 7.716933378131595, "windAvg": 3.3325337000000004, "temp": 20.611111111111107, "humidity": 69.0, "direction": "N", "rainHour": 0.0, "pressure": 1007.875}