{"windPeak": 9.381354462526075e-08, "windAvg": 0.0, "temp": 26.888888888888893, "humidity": 65.0, "direction": "N", "rainHour": 0.0, "pressure": 1003.6875}