{"windPeak": 2.5267628764689254e-40, "windAvg": 0.0, "temp": 19.27777777777778, "humidity": 72.0, "direction": "N", "rainHour": 0.0, "pressure": 1001.875}