{"windPeak": 4.670613280083636, "windAvg": 1.4275896000000003, "temp": 22.888888888888893, "humidity": 76.0, "direction": "N", "rainHour": 0.0, "pressure": 1007.5625}