{"windPeak": 5.977075815326209, "windAvg": 2.68785904, "temp": 20.222222222222225, "humidity": 85.0, "direction": "N", "rainHour": 0.0, "pressure": 994.875}