{"windPeak": 4.758728813414583, "windAvg": 5.092079420000001, "temp": 16.11111111111111, "humidity": 47.0, "direction": "N", "rainHour": 0.0, "pressure": 1004.0}