{"windPeak": 3.885328018288852, "windAvg": 2.28298014, "temp": 20.72222222222222, "humidity": 80.0, "direction": "N", "rainHour": 0.0, "pressure": 992.0}