{"windPeak": 1.230045347541359e-34, "windAvg": 0.0, "temp": 15.888888888888891, "humidity": 83.0, "direction": "N", "rainHour": 0.0, "pressure": 995.0625}