{"windPeak": 4.286610051498049, "windAvg": 2.6328313000000003, "temp": 29.722222222222225, "humidity": 43.0, "direction": "N", "rainHour": 0.0, "pressure": 1004.25}