{"windPeak": 2.6026637228448277, "windAvg": 0.18387318, "temp": 23.722222222222225, "humidity": 80.0, "direction": "N", "rainHour": 0.0, "pressure": 1001.0625}