{"windPeak": 3.6350266868388625, "windAvg": 1.9058387999999997, "temp": 30.61111111111111, "humidity": 47.0, "direction": "N", "rainHour": 0.0, "pressure": 1003.0625}