{"windPeak": 8.779561378423773e-18, "windAvg": 0.0, "temp": 14.000000000000002, "humidity": 80.0, "direction": "N", "rainHour": 0.0, "pressure": 1012.875}