{"windPeak": 7.182751588892815, "windAvg": 3.4045619599999997, "temp": 28.000000000000004, "humidity": 59.0, "direction": "N", "rainHour": 0.0, "pressure": 1006.0}