{"windPeak": 6.844915500169719e-16, "windAvg": 0.0, "temp": 24.499999999999996, "humidity": 82.0, "direction": "N", "rainHour": 0.0, "pressure": 1000.875}