{"windPeak": 3.8000230493545306, "windAvg": 2.22705764, "temp": 23.000000000000004, "humidity": 86.0, "direction": "N", "rainHour": 0.0, "pressure": 995.375}