{"windPeak": 6.237562501260847, "windAvg": 2.67399028, "temp": 23.88888888888889, "humidity": 54.0, "direction": "N", "rainHour": 0.0, "pressure": 1002.0}