{"windPeak": 3.818139503029982e-46, "windAvg": 0.0, "temp": 29.277777777777782, "humidity": 67.0, "direction": "N", "rainHour": 0.0, "pressure": 1006.1875}