{"windPeak": 4.661213245628216, "windAvg": 1.8682588999999985, "temp": 21.38888888888889, "humidity": 62.0, "direction": "N", "rainHour": 0.0, "pressure": 1006.0625}