{"windPeak": 7.620370312785757e-48, "windAvg": 0.0, "temp": 20.27777777777778, "humidity": 70.0, "direction": "N", "rainHour": 0.0, "pressure": 1013.375}