{"windPeak": 4.060477822882595e-20, "windAvg": 0.0, "temp": 21.72222222222222, "humidity": 73.0, "direction": "N", "rainHour": 0.0, "pressure": 1006.5}