{"windPeak": 2.485289279319682e-12, "windAvg": 0.0, "temp": 24.22222222222222, "humidity": 71.0, "direction": "N", "rainHour": 0.0, "pressure": 1004.0625}