{"windPeak": 4.589615256202617, "windAvg": 2.66370054, "temp": 30.888888888888886, "humidity": 44.0, "direction": "N", "rainHour": 0.0, "pressure": 996.375}