{"windPeak": 7.539373704628092e-08, "windAvg": 0.0, "temp": 25.61111111111111, "humidity": 71.0, "direction": "N", "rainHour": 0.0, "pressure": 1004.5625}