{"windPeak": 3.709937731872623, "windAvg": 2.499064680000001, "temp": -40.0, "humidity": 0.0, "direction": "N", "rainHour": 0.0, "pressure": 1003.25}