{"windPeak": 4.09186747061828e-43, "windAvg": 0.0, "temp": 28.000000000000004, "humidity": 68.0, "direction": "N", "rainHour": 0.0, "pressure": 1006.1875}