{"windPeak": 2.1420212128504468, "windAvg": 0.49659179999999997, "temp": 7.222222222222222, "humidity": 81.0, "direction": "N", "rainHour": 0.0, "pressure": 1005.25}