{"windPeak": 3.7118831394428504, "windAvg": 2.3241390999999996, "temp": 18.61111111111111, "humidity": 84.0, "direction": "N", "rainHour": 0.0, "pressure": 1001.75}