{"windPeak": 2.2068492597242475e-51, "windAvg": 0.0, "temp": 24.722222222222225, "humidity": 69.0, "direction": "N", "rainHour": 0.0, "pressure": 1013.0625}