{"windPeak": 5.162965858739906, "windAvg": 3.2707952400000004, "temp": 27.722222222222225, "humidity": 50.0, "direction": "N", "rainHour": 0.0, "pressure": 1002.5625}