{"windPeak": 3.106682080846848, "windAvg": 0.83481108, "temp": 27.888888888888893, "humidity": 54.0, "direction": "N", "rainHour": 0.0, "pressure": 1014.0625}