{"windPeak": 2.4563879806132607, "windAvg": 0.08902861999999999, "temp": 12.5, "humidity": 83.0, "direction": "N", "rainHour": 0.0, "pressure": 1007.75}