{"windPeak": 2.4058813955068488e-18, "windAvg": 0.0, "temp": 12.11111111111111, "humidity": 82.0, "direction": "N", "rainHour": 0.0, "pressure": 1004.375}