{"windPeak": 2.640988562196218, "windAvg": 0.36193042, "temp": 23.77777777777778, "humidity": 47.0, "direction": "N", "rainHour": 0.0, "pressure": 1004.5625}