{"windPeak": 4.301381186450321e-11, "windAvg": 0.0, "temp": 21.72222222222222, "humidity": 69.0, "direction": "N", "rainHour": 0.0, "pressure": 1004.5625}