{"windPeak": 5.650227940255667, "windAvg": 3.5074593000000003, "temp": 28.388888888888886, "humidity": 33.0, "direction": "N", "rainHour": 0.0, "pressure": 1005.1875}