{"windPeak": 1.1773971002871864, "windAvg": 0.09126552, "temp": 11.722222222222223, "humidity": 84.0, "direction": "N", "rainHour": 0.0, "pressure": 1008.1875}