{"windPeak": 2.969646109947259, "windAvg": 2.0543689599999992, "temp": 21.0, "humidity": 82.0, "direction": "N", "rainHour": 0.0, "pressure": 994.375}