{"windPeak": 6.765743056363655e-24, "windAvg": 0.0, "temp": 21.999999999999996, "humidity": 70.0, "direction": "N", "rainHour": 0.0, "pressure": 1003.875}