{"windPeak": 0.015840473150937475, "windAvg": 0.0, "temp": 23.277777777777782, "humidity": 57.0, "direction": "N", "rainHour": 0.0, "pressure": 1011.1875}