{"windPeak": 1.9251131374551374e-14, "windAvg": 0.0, "temp": 19.61111111111111, "humidity": 69.0, "direction": "N", "rainHour": 0.0, "pressure": 1004.0625}