{"windPeak": 4.039567193765525, "windAvg": 2.43732626, "temp": 35.0, "humidity": 51.0, "direction": "N", "rainHour": 0.0, "pressure": 1000.375}