{"windPeak": 5.362351130875968, "windAvg": 2.26508498, "temp": 20.111111111111114, "humidity": 85.0, "direction": "N", "rainHour": 0.0, "pressure": 994.75}