{"windPeak": 8.519922134767464e-38, "windAvg": 0.0, "temp": 24.722222222222225, "humidity": 75.0, "direction": "N", "rainHour": 0.0, "pressure": 1006.1875}