{"windPeak": 3.4545887594990756e-19, "windAvg": 0.0, "temp": 22.22222222222222, "humidity": 65.0, "direction": "N", "rainHour": 0.0, "pressure": 1004.0625}