{"windPeak": 1.3493387113014288e-61, "windAvg": 0.0, "temp": 22.22222222222222, "humidity": 75.0, "direction": "N", "rainHour": 0.0, "pressure": 1014.5625}