{"windPeak": 5.878190671715607e-10, "windAvg": 0.0, "temp": 22.38888888888889, "humidity": 75.0, "direction": "N", "rainHour": 0.0, "pressure": 1004.75}