{"windPeak": 7.341220079460748e-08, "windAvg": 0.0, "temp": 28.388888888888886, "humidity": 54.0, "direction": "N", "rainHour": 0.0, "pressure": 1009.5}