{"windPeak": 2.326418685242757e-22, "windAvg": 0.0, "temp": 8.277777777777777, "humidity": 83.0, "direction": "N", "rainHour": 0.0, "pressure": 1001.875}