{"windPeak": 3.1311114336778663, "windAvg": 1.62577892, "temp": 20.222222222222225, "humidity": 63.0, "direction": "N", "rainHour": 0.0, "pressure": 1004.375}