{"windPeak": 3.2824996822446254e-30, "windAvg": 0.0, "temp": 21.11111111111111, "humidity": 84.0, "direction": "N", "rainHour": 0.0, "pressure": 1005.5625}