{"windPeak": 5.628813181024746e-21, "windAvg": 0.0, "temp": 27.11111111111111, "humidity": 64.0, "direction": "N", "rainHour": 0.0, "pressure": 1011.1875}