{"windPeak": 4.324424798631065, "windAvg": 2.0946331799999998, "temp": 17.22222222222222, "humidity": 87.0, "direction": "N", "rainHour": 0.0, "pressure": 993.875}