{"windPeak": 6.19119985302731e-43, "windAvg": 0.0, "temp": 13.499999999999998, "humidity": 83.0, "direction": "N", "rainHour": 0.0, "pressure": 1013.25}