{"windPeak": 4.273000646561589, "windAvg": 2.2351105, "temp": 21.222222222222225, "humidity": 63.0, "direction": "N", "rainHour": 0.0, "pressure": 1006.0625}