{"windPeak": 1.9329062775157202, "windAvg": 0.7090972999999999, "temp": -40.0, "humidity": 0.0, "direction": "N", "rainHour": 0.0, "pressure": 1003.0}