{"windPeak": 5.266901420911479, "windAvg": 2.0865803399999994, "temp": 17.5, "humidity": 87.0, "direction": "N", "rainHour": 0.0, "pressure": 998.6875}