{"windPeak": 2.712575318267657, "windAvg": 1.62801582, "temp": 21.27777777777778, "humidity": 60.0, "direction": "N", "rainHour": 0.0, "pressure": 1002.6875}