{"windPeak": 1.6597262055239022, "windAvg": 0.0, "temp": 25.72222222222222, "humidity": 78.0, "direction": "N", "rainHour": 0.0, "pressure": 988.375}