{"windPeak": 4.620715583209451, "windAvg": 2.47848522, "temp": 8.61111111111111, "humidity": 68.0, "direction": "N", "rainHour": 0.0, "pressure": 1006.1875}