{"windPeak": 2.6816757708533685, "windAvg": 1.0535799000000003, "temp": 35.111111111111114, "humidity": 38.0, "direction": "N", "rainHour": 0.0, "pressure": 1001.875}