{"windPeak": 12.58372311734204, "windAvg": 2.1952937, "temp": 19.777777777777775, "humidity": 71.0, "direction": "N", "rainHour": 0.0, "pressure": 1006.0}