{"windPeak": 1.370032982424121e-18, "windAvg": 0.0, "temp": 20.388888888888893, "humidity": 85.0, "direction": "N", "rainHour": 0.0, "pressure": 1007.25}