{"windPeak": 2.4422327619306167e-06, "windAvg": 0.0, "temp": 17.27777777777778, "humidity": 70.0, "direction": "N", "rainHour": 0.0, "pressure": 1008.25}