{"windPeak": 4.246681319867657, "windAvg": 2.3755877999999995, "temp": 29.277777777777782, "humidity": 40.0, "direction": "N", "rainHour": 0.0, "pressure": 1010.875}