{"windPeak": 5.385202646414159, "windAvg": 2.27045352, "temp": 19.27777777777778, "humidity": 58.0, "direction": "N", "rainHour": 0.0, "pressure": 1003.0}