{"windPeak": 5.355532055265916e-39, "windAvg": 0.0, "temp": 21.77777777777778, "humidity": 82.0, "direction": "N", "rainHour": 0.0, "pressure": 1004.25}