{"windPeak": 1.4636045270127556e-09, "windAvg": 0.0, "temp": 26.611111111111114, "humidity": 50.0, "direction": "N", "rainHour": 0.0, "pressure": 1013.1875}