{"windPeak": 4.293707263740432, "windAvg": 2.70485948, "temp": 27.5, "humidity": 48.0, "direction": "N", "rainHour": 0.0, "pressure": 1008.25}