{"windPeak": 4.073892187643092, "windAvg": 1.1622932400000006, "temp": 19.72222222222222, "humidity": 84.0, "direction": "N", "rainHour": 0.0, "pressure": 997.875}