{"windPeak": 4.6272962535822915, "windAvg": 3.456010540000002, "temp": 26.38888888888889, "humidity": 50.0, "direction": "N", "rainHour": 0.0, "pressure": 1003.1875}