{"windPeak": 0.009678743676728132, "windAvg": 0.0, "temp": 25.61111111111111, "humidity": 55.0, "direction": "N", "rainHour": 0.0, "pressure": 996.6875}