{"windPeak": 8.032367939786043e-35, "windAvg": 0.0, "temp": 19.88888888888889, "humidity": 70.0, "direction": "N", "rainHour": 0.0, "pressure": 1003.1875}