{"windPeak": 2.7850016147217334, "windAvg": 0.6370691199999999, "temp": 22.38888888888889, "humidity": 67.0, "direction": "N", "rainHour": 0.0, "pressure": 1008.375}