{"windPeak": 0.5649387113158026, "windAvg": 0.02281638, "temp": 17.72222222222222, "humidity": 70.0, "direction": "N", "rainHour": 0.0, "pressure": 1003.75}