{"windPeak": 2.420998658837245, "windAvg": 0.40980008000000007, "temp": 12.000000000000002, "humidity": 85.0, "direction": "N", "rainHour": 0.0, "pressure": 1007.75}