{"windPeak": 3.483434653771399e-58, "windAvg": 0.0, "temp": 28.000000000000004, "humidity": 64.0, "direction": "N", "rainHour": 0.0, "pressure": 1013.5625}