{"windPeak": 3.2051791344623384, "windAvg": 0.18611007999999998, "temp": 14.000000000000002, "humidity": 61.0, "direction": "N", "rainHour": 0.0, "pressure": 1000.6875}