{"windPeak": 0.06419649230997677, "windAvg": 0.0, "temp": 28.000000000000004, "humidity": 55.0, "direction": "N", "rainHour": 0.0, "pressure": 1002.0}