{"windPeak": 4.738946742370932, "windAvg": 2.60196212, "temp": -40.0, "humidity": 0.0, "direction": "N", "rainHour": 0.0, "pressure": 1006.875}