{"windPeak": 4.211216306146276, "windAvg": 2.2807432399999996, "temp": 17.27777777777778, "humidity": 88.0, "direction": "N", "rainHour": 0.0, "pressure": 993.5}