{"windPeak": 4.531409811490819, "windAvg": 2.57914572, "temp": 18.5, "humidity": 66.0, "direction": "N", "rainHour": 0.0, "pressure": 1004.1875}