{"windPeak": 8.045748680957312, "windAvg": 3.9293388000000022, "temp": 18.5, "humidity": 82.0, "direction": "N", "rainHour": 0.0, "pressure": 997.75}