{"windPeak": 2.666944143660275e-07, "windAvg": 0.0, "temp": 22.888888888888893, "humidity": 73.0, "direction": "N", "rainHour": 0.0, "pressure": 1009.1875}