{"windPeak": 0.3951058465735605, "windAvg": 0.0, "temp": 24.499999999999996, "humidity": 74.0, "direction": "N", "rainHour": 0.0, "pressure": 1006.75}