{"windPeak": 7.235276764252994, "windAvg": 3.83673106, "temp": 24.777777777777775, "humidity": 45.0, "direction": "N", "rainHour": 0.0, "pressure": 1006.5625}