{"windPeak": 3.286505953019231, "windAvg": 1.8270999199999998, "temp": 21.888888888888893, "humidity": 65.0, "direction": "N", "rainHour": 0.0, "pressure": 1010.5}