{"windPeak": 0.5029436699154614, "windAvg": 0.0, "temp": 27.77777777777778, "humidity": 57.0, "direction": "N", "rainHour": 0.0, "pressure": 1009.1875}