{"windPeak": 0.0012823169581294908, "windAvg": 0.0, "temp": 14.38888888888889, "humidity": 76.0, "direction": "N", "rainHour": 0.0, "pressure": 1007.5625}