{"windPeak": 0.002420670058216833, "windAvg": 0.0, "temp": 27.222222222222225, "humidity": 61.0, "direction": "N", "rainHour": 0.0, "pressure": 1003.0}