{"windPeak": 2.070232304751499, "windAvg": 0.14495112, "temp": 18.5, "humidity": 84.0, "direction": "N", "rainHour": 0.0, "pressure": 999.0}