{"windPeak": 3.152327362620573, "windAvg": 0.35969352, "temp": 21.38888888888889, "humidity": 80.0, "direction": "N", "rainHour": 0.0, "pressure": 1005.875}