{"windPeak": 2.842829914274737, "windAvg": 0.9828938600000001, "temp": 20.888888888888886, "humidity": 58.0, "direction": "N", "rainHour": 0.0, "pressure": 1007.5625}