{"windPeak": 9.709659342902047, "windAvg": 5.009761540000001, "temp": 14.722222222222223, "humidity": 57.0, "direction": "N", "rainHour": 0.0, "pressure": 1002.5}