{"windPeak": 1.4609917640780945e-28, "windAvg": 0.0, "temp": 27.888888888888893, "humidity": 60.0, "direction": "N", "rainHour": 0.0, "pressure": 1011.375}