{"windPeak": 1.948120191061355e-05, "windAvg": 0.0, "temp": 21.38888888888889, "humidity": 83.0, "direction": "N", "rainHour": 0.0, "pressure": 1006.5}