{"windPeak": 3.349949540190624, "windAvg": 2.34471858, "temp": 31.27777777777778, "humidity": 58.0, "direction": "N", "rainHour": 0.0, "pressure": 1006.75}