{"windPeak": 1.6976889565815765e-16, "windAvg": 0.0, "temp": 21.77777777777778, "humidity": 76.0, "direction": "N", "rainHour": 0.0, "pressure": 1009.0}