{"windPeak": 1.320008179858233e-19, "windAvg": 0.0, "temp": 25.500000000000004, "humidity": 70.0, "direction": "N", "rainHour": 0.0, "pressure": 1006.1875}