{"windPeak": 7.384184889035222e-86, "windAvg": 0.0, "temp": 24.000000000000004, "humidity": 79.0, "direction": "N", "rainHour": 0.0, "pressure": 1002.75}