{"windPeak": 6.478138935460472e-09, "windAvg": 0.0, "temp": 23.22222222222222, "humidity": 81.0, "direction": "N", "rainHour": 0.0, "pressure": 1003.875}