{"windPeak": 4.175122952479683, "windAvg": 2.6842800000000007, "temp": 29.277777777777782, "humidity": 39.0, "direction": "N", "rainHour": 0.0, "pressure": 1009.875}