{"windPeak": 1.0803415157748026e-11, "windAvg": 0.0, "temp": 22.77777777777778, "humidity": 65.0, "direction": "N", "rainHour": 0.0, "pressure": 1007.5625}