{"windPeak": 2.536238695763313e-13, "windAvg": 0.0, "temp": 18.88888888888889, "humidity": 65.0, "direction": "N", "rainHour": 0.0, "pressure": 1006.1875}