{"windPeak": 0.0039728301062200485, "windAvg": 0.0, "temp": 14.888888888888888, "humidity": 83.0, "direction": "N", "rainHour": 0.0, "pressure": 1005.25}