{"windPeak": 0.8779589942457088, "windAvg": 0.0, "temp": 14.27777777777778, "humidity": 82.0, "direction": "N", "rainHour": 0.0, "pressure": 1005.6875}