{"windPeak": 4.15323003655596, "windAvg": 1.718833959999999, "temp": 16.0, "humidity": 87.0, "direction": "N", "rainHour": 0.0, "pressure": 1006.5}