{"windPeak": 3.586078084923513, "windAvg": 2.0955279200000003, "temp": 26.27777777777778, "humidity": 69.0, "direction": "N", "rainHour": 0.0, "pressure": 1006.1875}