{"windPeak": 6.954732419919443e-46, "windAvg": 0.0, "temp": 21.77777777777778, "humidity": 84.0, "direction": "N", "rainHour": 0.0, "pressure": 1004.5625}