{"windPeak": 9.541200149513136, "windAvg": 3.4560106200000007, "temp": 21.888888888888893, "humidity": 44.0, "direction": "N", "rainHour": 0.0, "pressure": 998.6875}