{"windPeak": 5.116965197329098, "windAvg": 2.8032831199999997, "temp": 16.77777777777778, "humidity": 71.0, "direction": "N", "rainHour": 0.0, "pressure": 1003.5625}