{"windPeak": 1.2969347404665579e-29, "windAvg": 0.0, "temp": 16.27777777777778, "humidity": 78.0, "direction": "N", "rainHour": 0.0, "pressure": 1005.5}