{"windPeak": 0.2987086290145526, "windAvg": 0.0, "temp": 19.388888888888893, "humidity": 76.0, "direction": "N", "rainHour": 0.0, "pressure": 1009.25}