{"windPeak": 3.7646117463898774, "windAvg": 2.6945697400000004, "temp": 30.888888888888886, "humidity": 58.0, "direction": "N", "rainHour": 0.0, "pressure": 1006.0625}