{"windPeak": 1.1942524131245935, "windAvg": 0.02281638, "temp": 15.111111111111112, "humidity": 61.0, "direction": "N", "rainHour": 0.0, "pressure": 1000.6875}