{"windPeak": 2.8780323456403335e-19, "windAvg": 0.0, "temp": 13.611111111111112, "humidity": 85.0, "direction": "N", "rainHour": 0.0, "pressure": 1011.1875}