{"windPeak": 0.25593749769737034, "windAvg": 0.0, "temp": 23.388888888888886, "humidity": 81.0, "direction": "N", "rainHour": 0.01, "pressure": 1001.375}