{"windPeak": 2.161580489399727, "windAvg": 0.07650198, "temp": 23.388888888888886, "humidity": 81.0, "direction": "N", "rainHour": 0.0, "pressure": 1001.5625}