{"windPeak": 4.941886451607994, "windAvg": 2.6945698399999993, "temp": 24.22222222222222, "humidity": 54.0, "direction": "N", "rainHour": 0.0, "pressure": 1005.1875}