{"windPeak": 3.732787216492398e-15, "windAvg": 0.0, "temp": 22.77777777777778, "humidity": 78.0, "direction": "N", "rainHour": 0.0, "pressure": 1003.5625}