{"windPeak": 4.4801429566682485, "windAvg": 1.9174706799999999, "temp": 19.88888888888889, "humidity": 71.0, "direction": "N", "rainHour": 0.0, "pressure": 1006.0}