{"windPeak": 2.438146284806932, "windAvg": 0.22145309999999999, "temp": 27.38888888888889, "humidity": 62.0, "direction": "N", "rainHour": 0.0, "pressure": 1007.75}