{"windPeak": 3.179897919721742, "windAvg": 1.32558694, "temp": 21.500000000000004, "humidity": 53.0, "direction": "N", "rainHour": 0.0, "pressure": 1003.1875}