{"windPeak": 0.8969951884448542, "windAvg": 0.111845, "temp": 24.61111111111111, "humidity": 61.0, "direction": "N", "rainHour": 0.0, "pressure": 1008.75}