{"windPeak": 4.737050907848823, "windAvg": 2.8386261400000006, "temp": -40.0, "humidity": 0.0, "direction": "N", "rainHour": 0.0, "pressure": 1002.375}