{"windPeak": 8.266949793818405, "windAvg": 3.57948756, "temp": 14.222222222222223, "humidity": 87.0, "direction": "N", "rainHour": 0.0, "pressure": 1001.75}