{"windPeak": 0.0034399900450847684, "windAvg": 0.0, "temp": 18.277777777777782, "humidity": 84.0, "direction": "N", "rainHour": 0.0, "pressure": 1003.0}