{"windPeak": 1.7658595677984467e-74, "windAvg": 0.0, "temp": 24.000000000000004, "humidity": 79.0, "direction": "N", "rainHour": 0.0, "pressure": 1003.5}