{"windPeak": 4.100840413388318e-10, "windAvg": 0.0, "temp": 12.388888888888888, "humidity": 86.0, "direction": "N", "rainHour": 0.0, "pressure": 1011.1875}