{"windPeak": 7.0486462043212565, "windAvg": 3.06052672, "temp": 14.722222222222223, "humidity": 62.0, "direction": "N", "rainHour": 0.0, "pressure": 1000.875}