{"windPeak": 3.197978790501955e-13, "windAvg": 0.0, "temp": 26.222222222222225, "humidity": 60.0, "direction": "N", "rainHour": 0.0, "pressure": 1009.5}