{"windPeak": 1.9103686813194931e-13, "windAvg": 0.0, "temp": 21.999999999999996, "humidity": 74.0, "direction": "N", "rainHour": 0.0, "pressure": 1009.0625}