{"windPeak": 3.00433972299116, "windAvg": 0.39279963999999995, "temp": 18.111111111111107, "humidity": 86.0, "direction": "N", "rainHour": 0.0, "pressure": 999.1875}