{"windPeak": 2.177331526572008, "windAvg": 0.57756758, "temp": 27.11111111111111, "humidity": 47.0, "direction": "N", "rainHour": 0.0, "pressure": 1006.5}