{"windPeak": 4.229034903332855, "windAvg": 2.61225182, "temp": 31.38888888888889, "humidity": 36.0, "direction": "N", "rainHour": 0.0, "pressure": 1004.0}