{"windPeak": 3.936707832492042, "windAvg": 2.01589428, "temp": 26.38888888888889, "humidity": 47.0, "direction": "N", "rainHour": 0.0, "pressure": 999.375}