{"windPeak": 3.786305385868182, "windAvg": 1.9948674199999985, "temp": 21.38888888888889, "humidity": 54.0, "direction": "N", "rainHour": 0.0, "pressure": 1002.375}