{"windPeak": 6.895335399516211, "windAvg": 1.6624640799999997, "temp": 18.5, "humidity": 50.0, "direction": "N", "rainHour": 0.0, "pressure": 1000.0}