{"windPeak": 2.528830987602397e-10, "windAvg": 0.0, "temp": 27.277777777777775, "humidity": 68.0, "direction": "N", "rainHour": 0.0, "pressure": 1007.25}