{"windPeak": 5.98568281030713e-43, "windAvg": 0.0, "temp": 24.722222222222225, "humidity": 64.0, "direction": "N", "rainHour": 0.0, "pressure": 1012.0625}