{"windPeak": 1.1040108017145545e-11, "windAvg": 0.0, "temp": 18.61111111111111, "humidity": 86.0, "direction": "N", "rainHour": 0.01, "pressure": 1004.1875}