{"windPeak": 3.767541633483262, "windAvg": 2.17784584, "temp": 33.611111111111114, "humidity": 55.0, "direction": "N", "rainHour": 0.0, "pressure": 1005.5625}