{"windPeak": 3.6442973288821615e-13, "windAvg": 0.0, "temp": 13.499999999999998, "humidity": 84.0, "direction": "N", "rainHour": 0.0, "pressure": 1010.5}