{"windPeak": 0.00047449468539289196, "windAvg": 0.0, "temp": 18.111111111111107, "humidity": 67.0, "direction": "N", "rainHour": 0.0, "pressure": 1008.5625}