{"windPeak": 0.9590468791451673, "windAvg": 0.3346402399999999, "temp": 23.722222222222225, "humidity": 78.0, "direction": "N", "rainHour": 0.0, "pressure": 1003.0625}