{"windPeak": 1.6473501735671e-15, "windAvg": 0.0, "temp": 16.722222222222225, "humidity": 84.0, "direction": "N", "rainHour": 0.0, "pressure": 1010.0}