{"windPeak": 3.288352038501258, "windAvg": 1.8543900999999992, "temp": 21.77777777777778, "humidity": 57.0, "direction": "N", "rainHour": 0.0, "pressure": 1010.5625}