{"windPeak": 0.0033754093345166555, "windAvg": 0.0, "temp": 27.611111111111114, "humidity": 61.0, "direction": "N", "rainHour": 0.0, "pressure": 1006.5625}