{"windPeak": 0.011842572929664865, "windAvg": 0.0, "temp": 24.61111111111111, "humidity": 75.0, "direction": "N", "rainHour": 0.0, "pressure": 1007.75}