{"windPeak": 3.556001664053426e-26, "windAvg": 0.0, "temp": 20.111111111111114, "humidity": 86.0, "direction": "N", "rainHour": 0.0, "pressure": 1007.25}