{"windPeak": 6.6224905252435455, "windAvg": 2.55856626, "temp": 22.5, "humidity": 56.0, "direction": "N", "rainHour": 0.0, "pressure": 1002.6875}