{"windPeak": 11.608656046806402, "windAvg": 5.287584700000002, "temp": 10.5, "humidity": 62.0, "direction": "N", "rainHour": 0.0, "pressure": 1005.1875}