{"windPeak": 3.476306621510454, "windAvg": 2.0749484399999996, "temp": 21.611111111111114, "humidity": 85.0, "direction": "N", "rainHour": 0.0, "pressure": 1006.75}