{"windPeak": 0.07477440073232913, "windAvg": 0.0, "temp": 21.38888888888889, "humidity": 76.0, "direction": "N", "rainHour": 0.0, "pressure": 1007.5625}