{"windPeak": 0.04776591793354646, "windAvg": 0.0, "temp": 21.611111111111114, "humidity": 68.0, "direction": "N", "rainHour": 0.0, "pressure": 1008.375}