{"windPeak": 4.47254190826686, "windAvg": 2.2212417199999996, "temp": 19.388888888888893, "humidity": 62.0, "direction": "N", "rainHour": 0.0, "pressure": 1003.875}