{"windPeak": 4.007997503540845, "windAvg": 2.5460395800000004, "temp": 26.38888888888889, "humidity": 75.0, "direction": "N", "rainHour": 0.0, "pressure": 1001.1875}