{"windPeak": 4.085129192641081, "windAvg": 1.6271210599999997, "temp": 23.277777777777782, "humidity": 78.0, "direction": "N", "rainHour": 0.0, "pressure": 1007.1875}