{"windPeak": 8.012346471804735, "windAvg": 3.692674660000002, "temp": 30.888888888888886, "humidity": 41.0, "direction": "N", "rainHour": 0.0, "pressure": 995.5}