{"windPeak": 10.729723135637698, "windAvg": 4.783387200000002, "temp": 12.611111111111112, "humidity": 64.0, "direction": "N", "rainHour": 0.0, "pressure": 1003.5625}