{"windPeak": 1.0271799790638328e-18, "windAvg": 0.0, "temp": 19.88888888888889, "humidity": 65.0, "direction": "N", "rainHour": 0.0, "pressure": 1013.0}