{"windPeak": 4.693236037793458, "windAvg": 2.59167234, "temp": 23.22222222222222, "humidity": 54.0, "direction": "N", "rainHour": 0.0, "pressure": 1007.75}