{"windPeak": 3.444775793320589, "windAvg": 2.26240066, "temp": 31.222222222222225, "humidity": 57.0, "direction": "N", "rainHour": 0.0, "pressure": 1004.875}