{"windPeak": 9.637511998322141, "windAvg": 3.39427208, "temp": 14.500000000000002, "humidity": 88.0, "direction": "N", "rainHour": 0.0, "pressure": 999.5625}