{"windPeak": 2.147766139399248, "windAvg": 1.48351208, "temp": 16.88888888888889, "humidity": 63.0, "direction": "N", "rainHour": 0.0, "pressure": 1006.5}