{"windPeak": 5.2783731568628606e-11, "windAvg": 0.0, "temp": 21.611111111111114, "humidity": 84.0, "direction": "N", "rainHour": 0.0, "pressure": 1007.0625}