{"windPeak": 1.1661685057681346, "windAvg": 0.5704095000000001, "temp": 17.22222222222222, "humidity": 88.0, "direction": "N", "rainHour": 0.0, "pressure": 1001.875}