{"windPeak": 1.0863862735712668e-14, "windAvg": 0.0, "temp": 12.888888888888891, "humidity": 84.0, "direction": "N", "rainHour": 0.0, "pressure": 1010.75}