{"windPeak": 0.717918208522807, "windAvg": 0.0, "temp": 19.72222222222222, "humidity": 61.0, "direction": "N", "rainHour": 0.0, "pressure": 1006.875}