{"windPeak": 7.287606015048272, "windAvg": 3.7338337000000013, "temp": 20.27777777777778, "humidity": 58.0, "direction": "N", "rainHour": 0.0, "pressure": 1005.875}