{"windPeak": 2.175068910002358e-27, "windAvg": 0.0, "temp": 20.222222222222225, "humidity": 73.0, "direction": "N", "rainHour": 0.0, "pressure": 1002.75}