{"windPeak": 3.606864574928588, "windAvg": 1.8794433799999997, "temp": 33.5, "humidity": 53.0, "direction": "N", "rainHour": 0.0, "pressure": 1007.375}