{"windPeak": 3.5687028497541535e-26, "windAvg": 0.0, "temp": 12.611111111111112, "humidity": 86.0, "direction": "N", "rainHour": 0.0, "pressure": 1012.875}