{"windPeak": 2.4368576652158938, "windAvg": 0.44514309999999996, "temp": 17.27777777777778, "humidity": 86.0, "direction": "N", "rainHour": 0.0, "pressure": 1003.0}