{"windPeak": 6.626202424480498, "windAvg": 2.9312338400000004, "temp": 29.88888888888889, "humidity": 44.0, "direction": "N", "rainHour": 0.0, "pressure": 1002.25}