{"windPeak": 8.20453671698315e-61, "windAvg": 0.0, "temp": 22.611111111111114, "humidity": 80.0, "direction": "N", "rainHour": 0.0, "pressure": 1003.0}