{"windPeak": 1.8851049677905635e-05, "windAvg": 0.0, "temp": 24.88888888888889, "humidity": 52.0, "direction": "N", "rainHour": 0.0, "pressure": 1008.875}