{"windPeak": 4.717222409109466, "windAvg": 2.7871774200000003, "temp": 24.277777777777782, "humidity": 74.0, "direction": "N", "rainHour": 0.0, "pressure": 1006.875}