{"windPeak": 6.230218961763774e-24, "windAvg": 0.0, "temp": 22.11111111111111, "humidity": 72.0, "direction": "N", "rainHour": 0.0, "pressure": 1006.5625}