{"windPeak": 2.823903116621943, "windAvg": 1.3859832399999998, "temp": 38.22222222222222, "humidity": 36.0, "direction": "N", "rainHour": 0.0, "pressure": 1001.375}