{"windPeak": 6.6768614888409134e-12, "windAvg": 0.0, "temp": 14.500000000000002, "humidity": 79.0, "direction": "N", "rainHour": 0.0, "pressure": 1011.25}