{"windPeak": 1.6640363511954628, "windAvg": 0.49524966000000004, "temp": 26.72222222222222, "humidity": 69.0, "direction": "N", "rainHour": 0.0, "pressure": 1006.1875}