{"windPeak": 3.243300226165418, "windAvg": 0.9063918800000001, "temp": 33.88888888888889, "humidity": 56.0, "direction": "N", "rainHour": 0.0, "pressure": 1007.875}