{"windPeak": 3.705476009846463, "windAvg": 2.50935442, "temp": 32.111111111111114, "humidity": 58.0, "direction": "N", "rainHour": 0.0, "pressure": 1000.75}