{"windPeak": 2.062984522152944, "windAvg": 0.06621223999999999, "temp": 19.27777777777778, "humidity": 83.0, "direction": "N", "rainHour": 0.0, "pressure": 1004.375}