{"windPeak": 4.996733877316383, "windAvg": 2.63283132, "temp": 30.888888888888886, "humidity": 46.0, "direction": "N", "rainHour": 0.0, "pressure": 1009.1875}