{"windPeak": 5.6658425916807165, "windAvg": 2.920944080000001, "temp": 22.11111111111111, "humidity": 60.0, "direction": "N", "rainHour": 0.0, "pressure": 998.75}