{"windPeak": 2.3971881160407924, "windAvg": 0.23174284, "temp": 23.722222222222225, "humidity": 72.0, "direction": "N", "rainHour": 0.0, "pressure": 990.6875}