{"windPeak": 8.612378765424164e-37, "windAvg": 0.0, "temp": 22.38888888888889, "humidity": 86.0, "direction": "N", "rainHour": 0.0, "pressure": 1008.0}