{"windPeak": 9.624619728427163, "windAvg": 4.361507800000001, "temp": 29.499999999999996, "humidity": 44.0, "direction": "N", "rainHour": 0.0, "pressure": 993.75}