{"windPeak": 8.079880170895908, "windAvg": 3.1039225399999992, "temp": 16.222222222222225, "humidity": 81.0, "direction": "N", "rainHour": 0.0, "pressure": 1005.5}