{"windPeak": 6.213265024308424e-11, "windAvg": 0.0, "temp": 23.000000000000004, "humidity": 69.0, "direction": "N", "rainHour": 0.0, "pressure": 1009.375}