{"windPeak": 2.2381514382685417, "windAvg": 0.0559225, "temp": 21.999999999999996, "humidity": 75.0, "direction": "N", "rainHour": 0.0, "pressure": 1007.5625}