{"windPeak": 7.247963017446615, "windAvg": 2.89812768, "temp": 10.88888888888889, "humidity": 71.0, "direction": "N", "rainHour": 0.0, "pressure": 1000.75}