{"windPeak": 2.489363623045716, "windAvg": 0.6187265399999999, "temp": 26.11111111111111, "humidity": 67.0, "direction": "N", "rainHour": 0.0, "pressure": 1006.6875}