{"windPeak": 2.3744721338236006, "windAvg": 0.9506825000000002, "temp": 21.38888888888889, "humidity": 69.0, "direction": "N", "rainHour": 0.0, "pressure": 992.875}