{"windPeak": 5.727295443535335e-13, "windAvg": 0.0, "temp": 18.000000000000004, "humidity": 71.0, "direction": "N", "rainHour": 0.0, "pressure": 1000.1875}