{"windPeak": 6.377478339933852e-28, "windAvg": 0.0, "temp": 20.777777777777782, "humidity": 83.0, "direction": "N", "rainHour": 0.0, "pressure": 1005.1875}