{"windPeak": 2.332974320237487e-44, "windAvg": 0.0, "temp": 21.500000000000004, "humidity": 83.0, "direction": "N", "rainHour": 0.0, "pressure": 1004.5}