{"windPeak": 4.296929424487218, "windAvg": 2.4064570199999995, "temp": 18.22222222222222, "humidity": 88.0, "direction": "N", "rainHour": 0.0, "pressure": 995.0}