{"windPeak": 0.3551090017720482, "windAvg": 0.0, "temp": 15.111111111111112, "humidity": 82.0, "direction": "N", "rainHour": 0.0, "pressure": 1005.1875}