{"windPeak": 6.982202768147582e-42, "windAvg": 0.0, "temp": 25.72222222222222, "humidity": 62.0, "direction": "N", "rainHour": 0.0, "pressure": 1003.375}