{"windPeak": 0.00022140153071594697, "windAvg": 0.0, "temp": 13.777777777777777, "humidity": 78.0, "direction": "N", "rainHour": 0.0, "pressure": 1007.5625}