{"windPeak": 3.2792158522924473e-28, "windAvg": 0.0, "temp": 13.722222222222225, "humidity": 78.0, "direction": "N", "rainHour": 0.0, "pressure": 1003.6875}