{"windPeak": 9.479274974444744, "windAvg": 5.853520359999999, "temp": 26.888888888888893, "humidity": 48.0, "direction": "N", "rainHour": 0.0, "pressure": 993.0}