{"windPeak": 4.013761662327928, "windAvg": 2.2087150599999994, "temp": 22.38888888888889, "humidity": 83.0, "direction": "N", "rainHour": 0.0, "pressure": 1007.75}