{"windPeak": 2.6280445635585243, "windAvg": 0.33329810000000004, "temp": 15.777777777777779, "humidity": 79.0, "direction": "N", "rainHour": 0.0, "pressure": 1004.875}