{"windPeak": 2.3658895851000108e-32, "windAvg": 0.0, "temp": 20.72222222222222, "humidity": 77.0, "direction": "N", "rainHour": 0.0, "pressure": 1007.75}