{"windPeak": 3.7461352456180287e-62, "windAvg": 0.0, "temp": 23.61111111111111, "humidity": 58.0, "direction": "N", "rainHour": 0.0, "pressure": 1009.25}