{"windPeak": 3.1402460446672755, "windAvg": 0.1632937, "temp": 21.999999999999996, "humidity": 86.0, "direction": "N", "rainHour": 0.0, "pressure": 1006.875}