{"windPeak": 3.7217997975330754, "windAvg": 2.3961672799999993, "temp": 26.72222222222222, "humidity": 46.0, "direction": "N", "rainHour": 0.0, "pressure": 1006.0625}