{"windPeak": 3.766746564048054, "windAvg": 1.6776750200000003, "temp": 15.277777777777779, "humidity": 79.0, "direction": "N", "rainHour": 0.0, "pressure": 1006.375}