{"windPeak": 4.5705844182229125, "windAvg": 2.4270365399999996, "temp": 18.88888888888889, "humidity": 87.0, "direction": "N", "rainHour": 0.0, "pressure": 996.375}