{"windPeak": 4.069259219778807, "windAvg": 2.7048594800000005, "temp": 26.500000000000004, "humidity": 55.0, "direction": "N", "rainHour": 0.0, "pressure": 1002.75}