{"windPeak": 0.00031998315025035575, "windAvg": 0.0, "temp": 30.61111111111111, "humidity": 46.0, "direction": "N", "rainHour": 0.0, "pressure": 1012.75}