{"windPeak": 9.040540583583635e-26, "windAvg": 0.0, "temp": 20.500000000000004, "humidity": 80.0, "direction": "N", "rainHour": 0.0, "pressure": 1004.6875}