{"windPeak": 5.418582437000971, "windAvg": 1.9586296399999994, "temp": 26.11111111111111, "humidity": 50.0, "direction": "N", "rainHour": 0.0, "pressure": 1009.0625}