{"windPeak": 3.8964934613518576, "windAvg": 2.1161074000000006, "temp": 28.277777777777782, "humidity": 48.0, "direction": "N", "rainHour": 0.0, "pressure": 996.0625}