{"windPeak": 9.83880888980897, "windAvg": 4.56730264, "temp": 18.111111111111107, "humidity": 48.0, "direction": "N", "rainHour": 0.0, "pressure": 1000.875}