{"windPeak": 6.547753135553906, "windAvg": 3.4354311400000017, "temp": 28.277777777777782, "humidity": 35.0, "direction": "N", "rainHour": 0.0, "pressure": 1005.5625}