{"windPeak": 10.703658590940321, "windAvg": 4.52614366, "temp": 14.777777777777779, "humidity": 87.0, "direction": "N", "rainHour": 0.0, "pressure": 1001.25}