{"windPeak": 0.00032327011643411036, "windAvg": 0.0, "temp": 16.61111111111111, "humidity": 87.0, "direction": "N", "rainHour": 0.0, "pressure": 1002.875}