{"windPeak": 8.19581863317435e-22, "windAvg": 0.0, "temp": 22.722222222222225, "humidity": 87.0, "direction": "N", "rainHour": 0.0, "pressure": 999.75}