{"windPeak": 5.387712077762161, "windAvg": 2.9518133200000007, "temp": 21.500000000000004, "humidity": 60.0, "direction": "N", "rainHour": 0.0, "pressure": 1006.5}