{"windPeak": 3.5525061836919565e-10, "windAvg": 0.0, "temp": 9.722222222222223, "humidity": 80.0, "direction": "N", "rainHour": 0.0, "pressure": 1001.375}