{"windPeak": 5.367170280126654e-34, "windAvg": 0.0, "temp": 23.388888888888886, "humidity": 86.0, "direction": "N", "rainHour": 0.0, "pressure": 1000.5625}