{"windPeak": 1.032109434851785e-34, "windAvg": 0.0, "temp": 16.77777777777778, "humidity": 74.0, "direction": "N", "rainHour": 0.0, "pressure": 1011.75}