{"windPeak": 1.625364488713271e-05, "windAvg": 0.0, "temp": 13.111111111111112, "humidity": 82.0, "direction": "N", "rainHour": 0.0, "pressure": 1011.0}