{"windPeak": 4.590520000033846, "windAvg": 2.735728720000001, "temp": 25.0, "humidity": 62.0, "direction": "N", "rainHour": 0.0, "pressure": 990.75}