{"windPeak": 4.316902599939496, "windAvg": 2.1769510800000003, "temp": 18.277777777777782, "humidity": 69.0, "direction": "N", "rainHour": 0.0, "pressure": 1006.375}