{"windPeak": 3.0802440392656596, "windAvg": 1.7881778599999993, "temp": 31.72222222222222, "humidity": 60.0, "direction": "N", "rainHour": 0.0, "pressure": 1012.1875}