{"windPeak": 1.5349380275431384, "windAvg": 0.0559225, "temp": 24.22222222222222, "humidity": 85.0, "direction": "N", "rainHour": 0.0, "pressure": 1001.0}