{"windPeak": 4.657051060082532, "windAvg": 2.879785140000001, "temp": 30.888888888888886, "humidity": 44.0, "direction": "N", "rainHour": 0.0, "pressure": 1001.25}