{"windPeak": 4.482644310469158, "windAvg": 1.3980625200000003, "temp": 15.111111111111112, "humidity": 80.0, "direction": "N", "rainHour": 0.0, "pressure": 1010.375}