{"windPeak": 3.8662380497717603e-31, "windAvg": 0.0, "temp": 16.500000000000004, "humidity": 77.0, "direction": "N", "rainHour": 0.0, "pressure": 1005.375}