{"windPeak": 3.440722148728719, "windAvg": 2.12416024, "temp": 28.000000000000004, "humidity": 52.0, "direction": "N", "rainHour": 0.0, "pressure": 991.6875}