{"windPeak": 4.517153539355568, "windAvg": 2.2315314599999994, "temp": 24.000000000000004, "humidity": 46.0, "direction": "N", "rainHour": 0.0, "pressure": 1004.0}