{"windPeak": 4.2171287120262e-18, "windAvg": 0.0, "temp": 25.388888888888893, "humidity": 70.0, "direction": "N", "rainHour": 0.0, "pressure": 1006.5}