{"windPeak": 2.0175413036316738e-57, "windAvg": 0.0, "temp": 26.27777777777778, "humidity": 68.0, "direction": "N", "rainHour": 0.0, "pressure": 1013.5625}