{"windPeak": 3.9627944935410375, "windAvg": 1.2893491600000004, "temp": 22.277777777777775, "humidity": 83.0, "direction": "N", "rainHour": 0.0, "pressure": 1007.75}