{"windPeak": 1.519205836854701e-20, "windAvg": 0.0, "temp": 20.777777777777782, "humidity": 73.0, "direction": "N", "rainHour": 0.0, "pressure": 1002.5}