{"windPeak": 7.653766683419221e-05, "windAvg": 0.0, "temp": 11.61111111111111, "humidity": 83.0, "direction": "N", "rainHour": 0.0, "pressure": 1009.375}