{"windPeak": 2.144729994793923, "windAvg": 0.18029414000000002, "temp": 33.611111111111114, "humidity": 43.0, "direction": "N", "rainHour": 0.0, "pressure": 1008.0}