{"windPeak": 4.760715202143332, "windAvg": 2.1836617999999994, "temp": 20.27777777777778, "humidity": 85.0, "direction": "N", "rainHour": 0.0, "pressure": 994.375}