{"windPeak": 4.4904278418532915, "windAvg": 1.58730426, "temp": 22.5, "humidity": 51.0, "direction": "N", "rainHour": 0.0, "pressure": 1002.875}