{"windPeak": 2.0589646335378676e-08, "windAvg": 0.0, "temp": 18.722222222222225, "humidity": 69.0, "direction": "N", "rainHour": 0.0, "pressure": 1000.0}