{"windPeak": 2.0293217624284248, "windAvg": 0.15300396, "temp": 15.388888888888891, "humidity": 82.0, "direction": "N", "rainHour": 0.0, "pressure": 1005.375}