{"windPeak": 2.380662773391333, "windAvg": 0.41427388, "temp": 23.722222222222225, "humidity": 80.0, "direction": "N", "rainHour": 0.0, "pressure": 1001.875}