{"windPeak": 2.8127359445129323, "windAvg": 1.1484244600000004, "temp": 27.888888888888893, "humidity": 61.0, "direction": "N", "rainHour": 0.0, "pressure": 1007.875}