{"windPeak": 3.3798183290266417, "windAvg": 1.9742879399999984, "temp": 15.111111111111112, "humidity": 75.0, "direction": "N", "rainHour": 0.0, "pressure": 1005.1875}