{"windPeak": 5.369167539712326, "windAvg": 2.5710929000000005, "temp": 27.611111111111114, "humidity": 32.0, "direction": "N", "rainHour": 0.0, "pressure": 1009.6875}