{"windPeak": 7.37584420377303e-18, "windAvg": 0.0, "temp": 21.77777777777778, "humidity": 73.0, "direction": "N", "rainHour": 0.0, "pressure": 1010.375}