{"windPeak": 3.714200807955047, "windAvg": 1.3739039800000006, "temp": 33.277777777777786, "humidity": 38.0, "direction": "N", "rainHour": 0.0, "pressure": 1002.5}