{"windPeak": 4.988131430268507e-36, "windAvg": 0.0, "temp": 21.27777777777778, "humidity": 86.0, "direction": "N", "rainHour": 0.0, "pressure": 1007.25}