{"windPeak": 2.683120120348408, "windAvg": 0.9989995400000002, "temp": 25.61111111111111, "humidity": 68.0, "direction": "N", "rainHour": 0.0, "pressure": 1006.75}