{"windPeak": 6.592300952573836e-47, "windAvg": 0.0, "temp": 30.388888888888893, "humidity": 60.0, "direction": "N", "rainHour": 0.0, "pressure": 1006.1875}