{"windPeak": 0.008741438451658336, "windAvg": 0.0, "temp": 23.277777777777782, "humidity": 84.0, "direction": "N", "rainHour": 0.0, "pressure": 1001.1875}