{"windPeak": 6.321536260106412, "windAvg": 3.404561880000001, "temp": 29.111111111111114, "humidity": 49.0, "direction": "N", "rainHour": 0.0, "pressure": 1007.6875}