{"windPeak": 8.077749664401377, "windAvg": 4.2174515800000005, "temp": 24.388888888888893, "humidity": 39.0, "direction": "N", "rainHour": 0.0, "pressure": 998.0}