{"windPeak": 3.848695342815355, "windAvg": 2.1903724799999993, "temp": 33.11111111111111, "humidity": 42.0, "direction": "N", "rainHour": 0.0, "pressure": 1007.25}