{"windPeak": 6.133665331031521e-11, "windAvg": 0.0, "temp": 9.722222222222223, "humidity": 82.0, "direction": "N", "rainHour": 0.0, "pressure": 1001.5}