{"windPeak": 0.016249715750873445, "windAvg": 0.0, "temp": 21.72222222222222, "humidity": 60.0, "direction": "N", "rainHour": 0.0, "pressure": 1008.0625}