{"windPeak": 6.644983012943897e-05, "windAvg": 0.0, "temp": 21.222222222222225, "humidity": 76.0, "direction": "N", "rainHour": 0.0, "pressure": 1007.1875}