{"windPeak": 2.233030406591725, "windAvg": 1.23163714, "temp": 24.111111111111114, "humidity": 73.0, "direction": "N", "rainHour": 0.0, "pressure": 1004.5}