{"windPeak": 2.5088259700260575e-18, "windAvg": 0.0, "temp": 22.77777777777778, "humidity": 74.0, "direction": "N", "rainHour": 0.0, "pressure": 1004.5}