{"windPeak": 4.06661620223793, "windAvg": 1.7595455399999997, "temp": 18.22222222222222, "humidity": 87.0, "direction": "N", "rainHour": 0.0, "pressure": 994.0}