{"windPeak": 5.389395464674607, "windAvg": 0.81736326, "temp": 19.499999999999996, "humidity": 81.0, "direction": "N", "rainHour": 0.0, "pressure": 998.0625}