{"windPeak": 2.529636983604443, "windAvg": 0.9793148200000001, "temp": 30.72222222222222, "humidity": 43.0, "direction": "N", "rainHour": 0.0, "pressure": 1004.1875}