{"windPeak": 3.796738428971459, "windAvg": 1.8521531999999996, "temp": 8.61111111111111, "humidity": 81.0, "direction": "N", "rainHour": 0.0, "pressure": 1000.75}