{"windPeak": 3.9036693132234745, "windAvg": 0.45095904, "temp": 21.11111111111111, "humidity": 80.0, "direction": "N", "rainHour": 0.0, "pressure": 1007.1875}