{"windPeak": 2.7565020738029846e-41, "windAvg": 0.0, "temp": 21.72222222222222, "humidity": 82.0, "direction": "N", "rainHour": 0.0, "pressure": 1004.6875}