{"windPeak": 2.3258634835817075e-22, "windAvg": 0.0, "temp": 12.722222222222221, "humidity": 84.0, "direction": "N", "rainHour": 0.0, "pressure": 1013.0}