{"windPeak": 0.0010286887348520788, "windAvg": 0.0, "temp": 23.11111111111111, "humidity": 49.0, "direction": "N", "rainHour": 0.0, "pressure": 1006.25}