{"windPeak": 1.4850639508725207e-06, "windAvg": 0.0, "temp": 23.77777777777778, "humidity": 62.0, "direction": "N", "rainHour": 0.0, "pressure": 997.375}