{"windPeak": 2.739297881255623, "windAvg": 1.34482428, "temp": 26.777777777777782, "humidity": 71.0, "direction": "N", "rainHour": 0.0, "pressure": 1013.0625}