{"windPeak": 1.22907372920174, "windAvg": 0.19058388000000004, "temp": 17.27777777777778, "humidity": 87.0, "direction": "N", "rainHour": 0.0, "pressure": 1001.875}