{"windPeak": 2.4746804055510316, "windAvg": 0.5525143, "temp": 16.722222222222225, "humidity": 87.0, "direction": "N", "rainHour": 0.0, "pressure": 995.0}