{"windPeak": 7.796240033026883e-09, "windAvg": 0.0, "temp": 28.77777777777778, "humidity": 67.0, "direction": "N", "rainHour": 0.0, "pressure": 1009.375}