{"windPeak": 5.438713389130028, "windAvg": 3.1370286200000006, "temp": 27.722222222222225, "humidity": 37.0, "direction": "N", "rainHour": 0.0, "pressure": 1004.75}