{"windPeak": 7.119609209804348, "windAvg": 3.3839823400000015, "temp": 28.5, "humidity": 41.0, "direction": "N", "rainHour": 0.0, "pressure": 1006.6875}