{"windPeak": 0.8782648911992064, "windAvg": 0.0, "temp": 23.722222222222225, "humidity": 81.0, "direction": "N", "rainHour": 0.0, "pressure": 1000.6875}