{"windPeak": 5.003684354687737, "windAvg": 1.5747776199999999, "temp": 7.222222222222222, "humidity": 81.0, "direction": "N", "rainHour": 0.0, "pressure": 1004.75}