{"windPeak": 2.409107532893707, "windAvg": 0.0, "temp": 24.111111111111114, "humidity": 75.0, "direction": "N", "rainHour": 0.0, "pressure": 1003.375}