{"windPeak": 1.8483941060711464e-09, "windAvg": 0.0, "temp": 21.77777777777778, "humidity": 73.0, "direction": "N", "rainHour": 0.0, "pressure": 1006.75}