{"windPeak": 0.000315457480160226, "windAvg": 0.0, "temp": 24.000000000000004, "humidity": 59.0, "direction": "N", "rainHour": 0.0, "pressure": 1004.6875}