{"windPeak": 1.0384321725748229e-59, "windAvg": 0.0, "temp": 28.277777777777782, "humidity": 63.0, "direction": "N", "rainHour": 0.0, "pressure": 1013.5625}