{"windPeak": 6.042519882724051e-29, "windAvg": 0.0, "temp": 19.000000000000004, "humidity": 69.0, "direction": "N", "rainHour": 0.0, "pressure": 1000.5625}