{"windPeak": 7.847238137870727, "windAvg": 4.01165666, "temp": 17.5, "humidity": 79.0, "direction": "N", "rainHour": 0.0, "pressure": 999.5625}