{"windPeak": 8.000081158070853e-48, "windAvg": 0.0, "temp": 21.77777777777778, "humidity": 80.0, "direction": "N", "rainHour": 0.0, "pressure": 1003.0}