{"windPeak": 0.2766514142370219, "windAvg": 0.0, "temp": 21.500000000000004, "humidity": 69.0, "direction": "N", "rainHour": 0.0, "pressure": 1008.1875}