{"windPeak": 3.2079248684122184, "windAvg": 2.02126284, "temp": 38.11111111111111, "humidity": 37.0, "direction": "N", "rainHour": 0.0, "pressure": 1003.0625}