{"windPeak": 0.6572529740354638, "windAvg": 0.0, "temp": 24.22222222222222, "humidity": 81.0, "direction": "N", "rainHour": 0.0, "pressure": 1002.0}