{"windPeak": 3.18008083076239, "windAvg": 0.7010444600000001, "temp": 15.277777777777779, "humidity": 79.0, "direction": "N", "rainHour": 0.0, "pressure": 1006.25}