{"windPeak": 3.156677560222121e-08, "windAvg": 0.0, "temp": 25.222222222222225, "humidity": 70.0, "direction": "N", "rainHour": 0.0, "pressure": 1007.1875}