{"windPeak": 6.726661609686255e-31, "windAvg": 0.0, "temp": 18.000000000000004, "humidity": 73.0, "direction": "N", "rainHour": 0.0, "pressure": 1011.875}