{"windPeak": 3.954856746217407, "windAvg": 1.12918712, "temp": 7.777777777777779, "humidity": 81.0, "direction": "N", "rainHour": 0.0, "pressure": 1000.75}