{"windPeak": 4.684287431484238, "windAvg": 2.978208680000001, "temp": 25.388888888888893, "humidity": 59.0, "direction": "N", "rainHour": 0.0, "pressure": 991.375}