{"windPeak": 3.7026687151950974, "windAvg": 1.1117393000000004, "temp": 25.888888888888886, "humidity": 40.0, "direction": "N", "rainHour": 0.0, "pressure": 1005.5625}