{"windPeak": 3.228329645915586, "windAvg": 1.43653718, "temp": 15.0, "humidity": 75.0, "direction": "N", "rainHour": 0.0, "pressure": 1005.0}