{"windPeak": 3.0087298813687036, "windAvg": 0.5569881, "temp": 24.777777777777775, "humidity": 62.0, "direction": "N", "rainHour": 0.0, "pressure": 1008.875}