{"windPeak": 2.876501968395535e-43, "windAvg": 0.0, "temp": 20.388888888888893, "humidity": 70.0, "direction": "N", "rainHour": 0.0, "pressure": 1012.875}