{"windPeak": 3.4889977230324414, "windAvg": 1.1475297000000004, "temp": 25.777777777777782, "humidity": 71.0, "direction": "N", "rainHour": 0.0, "pressure": 1001.5625}