{"windPeak": 3.1699662680142726, "windAvg": 1.6691747799999999, "temp": 16.77777777777778, "humidity": 64.0, "direction": "N", "rainHour": 0.0, "pressure": 1003.375}