{"windPeak": 1.9281426134195422e-64, "windAvg": 0.0, "temp": 25.888888888888886, "humidity": 54.0, "direction": "N", "rainHour": 0.0, "pressure": 1009.0625}