{"windPeak": 1.003254846490788, "windAvg": 0.04563276, "temp": 17.22222222222222, "humidity": 87.0, "direction": "N", "rainHour": 0.0, "pressure": 999.75}