{"windPeak": 4.191648814891984, "windAvg": 1.7152549199999998, "temp": 22.77777777777778, "humidity": 81.0, "direction": "N", "rainHour": 0.0, "pressure": 1003.375}