{"windPeak": 4.227416333542927, "windAvg": 2.67399026, "temp": -40.0, "humidity": 0.0, "direction": "N", "rainHour": 0.0, "pressure": 1002.5625}