{"windPeak": 2.9488143092084647, "windAvg": 1.6839383199999998, "temp": 20.27777777777778, "humidity": 62.0, "direction": "N", "rainHour": 0.0, "pressure": 1004.25}