{"windPeak": 1.393101995826768e-18, "windAvg": 0.0, "temp": 23.277777777777782, "humidity": 73.0, "direction": "N", "rainHour": 0.0, "pressure": 1009.75}