{"windPeak": 6.760540043773123e-54, "windAvg": 0.0, "temp": 21.27777777777778, "humidity": 69.0, "direction": "N", "rainHour": 0.0, "pressure": 1007.375}