{"windPeak": 0.09834632515450686, "windAvg": 0.0, "temp": 19.27777777777778, "humidity": 72.0, "direction": "N", "rainHour": 0.0, "pressure": 1009.875}