{"windPeak": 5.942720952052201, "windAvg": 3.0135517199999997, "temp": 31.72222222222222, "humidity": 43.0, "direction": "N", "rainHour": 0.0, "pressure": 1006.6875}