{"windPeak": 2.129209937103787, "windAvg": 0.10155526, "temp": 32.27777777777778, "humidity": 47.0, "direction": "N", "rainHour": 0.0, "pressure": 1003.0}