{"windPeak": 3.744304288192346e-14, "windAvg": 0.0, "temp": 26.888888888888893, "humidity": 68.0, "direction": "N", "rainHour": 0.0, "pressure": 1010.5}