{"windPeak": 5.189912141962711e-28, "windAvg": 0.0, "temp": 23.11111111111111, "humidity": 70.0, "direction": "N", "rainHour": 0.0, "pressure": 1012.1875}