{"windPeak": 4.755222111442898e-36, "windAvg": 0.0, "temp": 23.388888888888886, "humidity": 59.0, "direction": "N", "rainHour": 0.0, "pressure": 1010.75}