{"windPeak": 8.798960879757688e-20, "windAvg": 0.0, "temp": 21.11111111111111, "humidity": 71.0, "direction": "N", "rainHour": 0.0, "pressure": 1002.5}