{"windPeak": 3.8838263640861364, "windAvg": 1.50185466, "temp": 27.611111111111114, "humidity": 51.0, "direction": "N", "rainHour": 0.0, "pressure": 1008.875}