{"windPeak": 0.4073291973925229, "windAvg": 0.15300396000000002, "temp": 10.277777777777779, "humidity": 85.0, "direction": "N", "rainHour": 0.0, "pressure": 1002.5625}