{"windPeak": 3.597681951319549, "windAvg": 1.8217313600000002, "temp": 24.111111111111114, "humidity": 74.0, "direction": "N", "rainHour": 0.0, "pressure": 1003.0}