{"windPeak": 1.3669959982058001e-49, "windAvg": 0.0, "temp": 14.38888888888889, "humidity": 83.0, "direction": "N", "rainHour": 0.0, "pressure": 1004.6875}