{"windPeak": 3.751480167415253, "windAvg": 2.160845400000001, "temp": 16.88888888888889, "humidity": 76.0, "direction": "N", "rainHour": 0.0, "pressure": 1003.75}