{"windPeak": 7.483872621828459, "windAvg": 3.5589080200000005, "temp": 28.11111111111111, "humidity": 41.0, "direction": "N", "rainHour": 0.0, "pressure": 1007.0625}