{"windPeak": 3.089175604940567, "windAvg": 0.9864729000000001, "temp": 24.22222222222222, "humidity": 71.0, "direction": "N", "rainHour": 0.0, "pressure": 1007.1875}