{"windPeak": 4.648080694233367, "windAvg": 2.8900748600000012, "temp": 26.500000000000004, "humidity": 48.0, "direction": "N", "rainHour": 0.0, "pressure": 999.0625}