{"windPeak": 0.0004179466339033996, "windAvg": 0.0, "temp": 26.222222222222225, "humidity": 64.0, "direction": "N", "rainHour": 0.0, "pressure": 1003.0}