{"windPeak": 1.7378949992224766, "windAvg": 0.19282078000000002, "temp": 29.499999999999996, "humidity": 59.0, "direction": "N", "rainHour": 0.0, "pressure": 1008.0}