{"windPeak": 0.0018002608511116867, "windAvg": 0.0, "temp": 18.88888888888889, "humidity": 66.0, "direction": "N", "rainHour": 0.0, "pressure": 1004.0}