{"windPeak": 7.772259648811448e-10, "windAvg": 0.0, "temp": 24.000000000000004, "humidity": 79.0, "direction": "N", "rainHour": 0.0, "pressure": 1003.0}