{"windPeak": 2.132970924042823, "windAvg": 0.4361955, "temp": 22.5, "humidity": 75.0, "direction": "N", "rainHour": 0.0, "pressure": 1011.5}