{"windPeak": 3.7069348838500455, "windAvg": 2.0852381799999993, "temp": 21.77777777777778, "humidity": 59.0, "direction": "N", "rainHour": 0.0, "pressure": 1010.6875}