{"windPeak": 4.5742039751607155, "windAvg": 2.2579268799999994, "temp": 21.77777777777778, "humidity": 84.0, "direction": "N", "rainHour": 0.0, "pressure": 1006.875}