{"windPeak": 3.5652771930746545, "windAvg": 1.0562641800000003, "temp": 20.222222222222225, "humidity": 87.0, "direction": "N", "rainHour": 0.03, "pressure": 996.6875}