{"windPeak": 2.9699671802070338, "windAvg": 0.9131025800000002, "temp": 27.77777777777778, "humidity": 40.0, "direction": "N", "rainHour": 0.0, "pressure": 1007.75}