{"windPeak": 9.735229613761863, "windAvg": 3.091395820000001, "temp": 26.222222222222225, "humidity": 44.0, "direction": "N", "rainHour": 0.0, "pressure": 1004.875}