{"windPeak": 1.8019841139233049e-13, "windAvg": 0.0, "temp": 22.277777777777775, "humidity": 81.0, "direction": "N", "rainHour": 0.0, "pressure": 1004.1875}