{"windPeak": 3.0091682044914076, "windAvg": 0.8518115199999999, "temp": 20.111111111111114, "humidity": 60.0, "direction": "N", "rainHour": 0.0, "pressure": 1005.6875}