{"windPeak": 2.072172046314462, "windAvg": 0.31271862, "temp": 14.500000000000002, "humidity": 65.0, "direction": "N", "rainHour": 0.0, "pressure": 1000.875}