{"windPeak": 0.024452424623883102, "windAvg": 0.0, "temp": 26.999999999999996, "humidity": 55.0, "direction": "N", "rainHour": 0.0, "pressure": 1008.0}