{"windPeak": 9.66740670406006, "windAvg": 4.104264300000001, "temp": 14.222222222222223, "humidity": 60.0, "direction": "N", "rainHour": 0.0, "pressure": 1003.375}