{"windPeak": 5.184386759659784, "windAvg": 2.1939515199999997, "temp": 28.388888888888886, "humidity": 49.0, "direction": "N", "rainHour": 0.0, "pressure": 1002.375}