{"windPeak": 4.833669249756767, "windAvg": 2.7665979800000007, "temp": 30.222222222222225, "humidity": 37.0, "direction": "N", "rainHour": 0.0, "pressure": 1004.0625}