{"windPeak": 4.876157787544497, "windAvg": 2.0637639400000003, "temp": 19.388888888888893, "humidity": 57.0, "direction": "N", "rainHour": 0.0, "pressure": 1002.75}