{"windPeak": 2.961072999096322, "windAvg": 1.16587228, "temp": 19.88888888888889, "humidity": 83.0, "direction": "N", "rainHour": 0.0, "pressure": 995.875}