{"windPeak": 3.3140680242681293e-13, "windAvg": 0.0, "temp": 14.888888888888888, "humidity": 81.0, "direction": "N", "rainHour": 0.0, "pressure": 1012.375}