{"windPeak": 1.5375053257480154e-80, "windAvg": 0.0, "temp": 24.722222222222225, "humidity": 79.0, "direction": "N", "rainHour": 0.0, "pressure": 1002.875}