{"windPeak": 3.6547273266961064, "windAvg": 0.30377102000000006, "temp": 32.77777777777778, "humidity": 67.0, "direction": "N", "rainHour": 0.0, "pressure": 999.5}