{"windPeak": 1.6552751632525602, "windAvg": 0.0, "temp": 28.000000000000004, "humidity": 66.0, "direction": "N", "rainHour": 0.0, "pressure": 1009.25}