{"windPeak": 6.685119457667445, "windAvg": 3.1781876, "temp": 12.611111111111112, "humidity": 66.0, "direction": "N", "rainHour": 0.0, "pressure": 1000.5625}