{"windPeak": 2.119112338438293, "windAvg": 0.33777190000000007, "temp": 14.222222222222223, "humidity": 85.0, "direction": "N", "rainHour": 0.0, "pressure": 1005.1875}