{"windPeak": 7.243501424844941e-44, "windAvg": 0.0, "temp": 16.27777777777778, "humidity": 75.0, "direction": "N", "rainHour": 0.0, "pressure": 1010.6875}