{"windPeak": 4.5505751353089827e-38, "windAvg": 0.0, "temp": 23.61111111111111, "humidity": 66.0, "direction": "N", "rainHour": 0.0, "pressure": 1003.25}