{"windPeak": 7.176423478029285e-25, "windAvg": 0.0, "temp": 20.888888888888886, "humidity": 84.0, "direction": "N", "rainHour": 0.0, "pressure": 1004.6875}