{"windPeak": 8.238597934720675, "windAvg": 4.145423240000002, "temp": 15.0, "humidity": 84.0, "direction": "N", "rainHour": 0.0, "pressure": 1004.875}