{"windPeak": 2.818103979052187, "windAvg": 1.0227106800000003, "temp": 28.77777777777778, "humidity": 61.0, "direction": "N", "rainHour": 0.0, "pressure": 1007.5}