{"windPeak": 4.367370263587282, "windAvg": 1.2821910800000003, "temp": 27.277777777777775, "humidity": 51.0, "direction": "N", "rainHour": 0.0, "pressure": 1007.5625}