{"windPeak": 1.7158192862935884e-53, "windAvg": 0.0, "temp": 18.111111111111107, "humidity": 78.0, "direction": "N", "rainHour": 0.0, "pressure": 1004.875}