{"windPeak": 0.8407854656701682, "windAvg": 0.2867706, "temp": 22.38888888888889, "humidity": 74.0, "direction": "N", "rainHour": 0.0, "pressure": 1014.6875}