{"windPeak": 6.467980263308947e-63, "windAvg": 0.0, "temp": 24.88888888888889, "humidity": 56.0, "direction": "N", "rainHour": 0.0, "pressure": 1009.25}