{"windPeak": 0.01828983691582084, "windAvg": 0.0, "temp": 14.000000000000002, "humidity": 79.0, "direction": "N", "rainHour": 0.0, "pressure": 1011.25}