{"windPeak": 0.08612600152369587, "windAvg": 0.0, "temp": 10.777777777777777, "humidity": 84.0, "direction": "N", "rainHour": 0.0, "pressure": 1008.75}