{"windPeak": 6.397625539895449, "windAvg": 3.7955720000000026, "temp": 24.88888888888889, "humidity": 56.0, "direction": "N", "rainHour": 0.0, "pressure": 1002.6875}