{"windPeak": 1.243094308580414, "windAvg": 0.02281638, "temp": 22.38888888888889, "humidity": 72.0, "direction": "N", "rainHour": 0.0, "pressure": 1005.375}