{"windPeak": 1.3134867286852452e-51, "windAvg": 0.0, "temp": 20.777777777777782, "humidity": 70.0, "direction": "N", "rainHour": 0.0, "pressure": 1007.5}