{"windPeak": 2.674629856622962, "windAvg": 0.6768859399999999, "temp": 32.388888888888886, "humidity": 43.0, "direction": "N", "rainHour": 0.0, "pressure": 1008.5625}