{"windPeak": 0.00951370246742066, "windAvg": 0.0, "temp": 17.611111111111114, "humidity": 69.0, "direction": "N", "rainHour": 0.0, "pressure": 1011.0625}