{"windPeak": 0.9692772956297602, "windAvg": 0.0, "temp": 22.77777777777778, "humidity": 80.0, "direction": "N", "rainHour": 0.0, "pressure": 1002.75}