{"windPeak": 5.049106762578476, "windAvg": 2.51964416, "temp": 18.61111111111111, "humidity": 87.0, "direction": "N", "rainHour": 0.0, "pressure": 994.375}