{"windPeak": 1.8778239005498103, "windAvg": 0.62901628, "temp": 26.11111111111111, "humidity": 56.0, "direction": "N", "rainHour": 0.0, "pressure": 1003.6875}