{"windPeak": 2.7464994378888683, "windAvg": 0.12213474000000002, "temp": 18.111111111111107, "humidity": 85.0, "direction": "N", "rainHour": 0.01, "pressure": 998.875}