{"windPeak": 5.455701946108933, "windAvg": 3.0752901400000017, "temp": 19.61111111111111, "humidity": 87.0, "direction": "N", "rainHour": 0.0, "pressure": 995.1875}