{"windPeak": 6.383964764986964, "windAvg": 3.0032619599999997, "temp": 25.777777777777782, "humidity": 54.0, "direction": "N", "rainHour": 0.0, "pressure": 1002.375}