{"windPeak": 11.981752310704715, "windAvg": 5.585987080000001, "temp": 14.27777777777778, "humidity": 88.0, "direction": "N", "rainHour": 0.0, "pressure": 1000.75}