{"windPeak": 1.8357780521164935, "windAvg": 0.75920386, "temp": 17.0, "humidity": 87.0, "direction": "N", "rainHour": 0.0, "pressure": 994.75}