{"windPeak": 6.458646903957595, "windAvg": 3.569197760000001, "temp": 32.0, "humidity": 48.0, "direction": "N", "rainHour": 0.0, "pressure": 1006.375}