{"windPeak": 2.923802212770779e-22, "windAvg": 0.0, "temp": 24.000000000000004, "humidity": 61.0, "direction": "N", "rainHour": 0.0, "pressure": 1004.0}