{"windPeak": 3.1849903406185947, "windAvg": 0.70104446, "temp": 19.22222222222222, "humidity": 58.0, "direction": "N", "rainHour": 0.0, "pressure": 1003.25}