{"windPeak": 1.5988257599938984, "windAvg": 0.23845354000000005, "temp": 24.22222222222222, "humidity": 62.0, "direction": "N", "rainHour": 0.0, "pressure": 1009.5625}