{"windPeak": 0.03339298868856005, "windAvg": 0.0, "temp": 25.111111111111114, "humidity": 79.0, "direction": "N", "rainHour": 0.0, "pressure": 1001.6875}