{"windPeak": 1.595195733706595, "windAvg": 0.0, "temp": 22.22222222222222, "humidity": 82.0, "direction": "N", "rainHour": 0.0, "pressure": 1003.0625}