{"windPeak": 9.759166980245043e-06, "windAvg": 0.0, "temp": 22.722222222222225, "humidity": 68.0, "direction": "N", "rainHour": 0.0, "pressure": 1009.375}