{"windPeak": 3.206705012896394e-26, "windAvg": 0.0, "temp": 22.277777777777775, "humidity": 72.0, "direction": "N", "rainHour": 0.0, "pressure": 1006.5625}