{"windPeak": 2.7277964307929063, "windAvg": 0.5502773999999999, "temp": 22.22222222222222, "humidity": 82.0, "direction": "N", "rainHour": 0.0, "pressure": 1007.375}