{"windPeak": 4.17365369046051, "windAvg": 2.303559619999999, "temp": 23.388888888888886, "humidity": 86.0, "direction": "N", "rainHour": 0.0, "pressure": 994.75}