{"windPeak": 5.865730322405942, "windAvg": 3.7647028400000018, "temp": 27.38888888888889, "humidity": 51.0, "direction": "N", "rainHour": 0.0, "pressure": 1002.6875}