{"windPeak": 1.0259813549936752, "windAvg": 0.18834698, "temp": 21.77777777777778, "humidity": 54.0, "direction": "N", "rainHour": 0.0, "pressure": 1006.5625}