{"windPeak": 5.2032302178881755, "windAvg": 3.1164491000000014, "temp": 24.111111111111114, "humidity": 85.0, "direction": "N", "rainHour": 0.0, "pressure": 990.5}