{"windPeak": 1.0653113438861215e-23, "windAvg": 0.0, "temp": 21.500000000000004, "humidity": 82.0, "direction": "N", "rainHour": 0.0, "pressure": 1004.875}