{"windPeak": 4.825244606613668, "windAvg": 2.291032979999999, "temp": 17.11111111111111, "humidity": 75.0, "direction": "N", "rainHour": 0.0, "pressure": 1006.5}