{"windPeak": 3.503407140185738e-35, "windAvg": 0.0, "temp": 13.222222222222221, "humidity": 80.0, "direction": "N", "rainHour": 0.0, "pressure": 1003.5625}