{"windPeak": 6.351794532731813, "windAvg": 3.5177490400000004, "temp": 29.499999999999996, "humidity": 45.0, "direction": "N", "rainHour": 0.0, "pressure": 1007.5}