{"windPeak": 3.3968654793097235, "windAvg": 1.9161285399999994, "temp": 15.722222222222221, "humidity": 73.0, "direction": "N", "rainHour": 0.0, "pressure": 1004.6875}