{"windPeak": 6.874388802510834, "windAvg": 2.70262264, "temp": 21.888888888888893, "humidity": 79.0, "direction": "N", "rainHour": 0.0, "pressure": 995.5}