{"windPeak": 7.6856635085310545, "windAvg": 3.0650004000000006, "temp": 22.722222222222225, "humidity": 52.0, "direction": "N", "rainHour": 0.0, "pressure": 1005.6875}