{"windPeak": 4.219121281542589, "windAvg": 2.169792999999999, "temp": 30.388888888888893, "humidity": 33.0, "direction": "N", "rainHour": 0.0, "pressure": 1005.5625}