{"windPeak": 1.1187813389876198, "windAvg": 0.111845, "temp": 9.000000000000002, "humidity": 70.0, "direction": "N", "rainHour": 0.0, "pressure": 1000.0625}