{"windPeak": 6.375078908286069, "windAvg": 3.3119542200000014, "temp": 26.777777777777782, "humidity": 43.0, "direction": "N", "rainHour": 0.0, "pressure": 1004.5625}