{"windPeak": 5.63699106485874e-10, "windAvg": 0.0, "temp": 12.388888888888888, "humidity": 81.0, "direction": "N", "rainHour": 0.0, "pressure": 1004.5}