{"windPeak": 4.453709460116643, "windAvg": 0.9797622400000003, "temp": 26.222222222222225, "humidity": 52.0, "direction": "N", "rainHour": 0.0, "pressure": 1014.5625}