{"windPeak": 4.062345557525905, "windAvg": 2.2932698799999995, "temp": 32.77777777777778, "humidity": 53.0, "direction": "N", "rainHour": 0.0, "pressure": 1005.0625}