{"windPeak": 4.6407041965144244e-29, "windAvg": 0.0, "temp": 20.888888888888886, "humidity": 81.0, "direction": "N", "rainHour": 0.0, "pressure": 1004.5625}