{"windPeak": 4.40631607271311, "windAvg": 1.5197498599999992, "temp": 19.388888888888893, "humidity": 85.0, "direction": "N", "rainHour": 0.0, "pressure": 998.1875}