{"windPeak": 5.437411956617604, "windAvg": 2.1572663999999997, "temp": 20.0, "humidity": 64.0, "direction": "N", "rainHour": 0.0, "pressure": 1007.6875}