{"windPeak": 7.965759873523344e-05, "windAvg": 0.0, "temp": 23.22222222222222, "humidity": 65.0, "direction": "N", "rainHour": 0.0, "pressure": 1008.375}