{"windPeak": 6.598644899306616, "windAvg": 3.219346580000001, "temp": 29.88888888888889, "humidity": 41.0, "direction": "N", "rainHour": 0.0, "pressure": 1007.0}