{"windPeak": 1.3841405396647822e-31, "windAvg": 0.0, "temp": 17.11111111111111, "humidity": 81.0, "direction": "N", "rainHour": 0.0, "pressure": 994.25}