{"windPeak": 0.6874848696474147, "windAvg": 0.08902861999999999, "temp": 21.27777777777778, "humidity": 60.0, "direction": "N", "rainHour": 0.0, "pressure": 1005.0625}