{"windPeak": 4.859203480808716, "windAvg": 3.0855798800000014, "temp": 23.22222222222222, "humidity": 62.0, "direction": "N", "rainHour": 0.0, "pressure": 1003.0}