{"windPeak": 2.1510118086180166, "windAvg": 0.8755226600000001, "temp": 16.38888888888889, "humidity": 74.0, "direction": "N", "rainHour": 0.0, "pressure": 1004.5625}