{"windPeak": 4.795182961561615, "windAvg": 2.6637005799999995, "temp": -2.6111111111111107, "humidity": 0.0, "direction": "N", "rainHour": 0.0, "pressure": 1003.0}