{"windPeak": 3.9918233100036127, "windAvg": 1.3381135800000001, "temp": 19.88888888888889, "humidity": 49.0, "direction": "N", "rainHour": 0.0, "pressure": 999.1875}