{"windPeak": 3.2585812441230617, "windAvg": 1.1685565600000003, "temp": 31.72222222222222, "humidity": 57.0, "direction": "N", "rainHour": 0.0, "pressure": 1005.75}