{"windPeak": 1.1063784331627837e-09, "windAvg": 0.0, "temp": 30.388888888888893, "humidity": 59.0, "direction": "N", "rainHour": 0.0, "pressure": 1009.6875}