{"windPeak": 3.1896284780432764, "windAvg": 1.2571377999999997, "temp": 30.111111111111114, "humidity": 54.0, "direction": "N", "rainHour": 0.0, "pressure": 1003.375}