{"windPeak": 2.6945035966106876, "windAvg": 0.54222456, "temp": 26.611111111111114, "humidity": 66.0, "direction": "N", "rainHour": 0.0, "pressure": 1006.25}