{"windPeak": 0.0028483143372205776, "windAvg": 0.0, "temp": 34.72222222222222, "humidity": 39.0, "direction": "N", "rainHour": 0.0, "pressure": 1008.1875}