{"windPeak": 4.2194795738371305, "windAvg": 2.43732624, "temp": 32.88888888888889, "humidity": 54.0, "direction": "N", "rainHour": 0.0, "pressure": 1005.5625}