{"windPeak": 3.5946037817389382, "windAvg": 1.18645176, "temp": 28.77777777777778, "humidity": 44.0, "direction": "N", "rainHour": 0.0, "pressure": 1007.0625}