{"windPeak": 0.0015610951076650216, "windAvg": 0.0, "temp": 23.000000000000004, "humidity": 66.0, "direction": "N", "rainHour": 0.0, "pressure": 1009.0625}