{"windPeak": 6.557632978709865, "windAvg": 0.8451008399999997, "temp": 7.11111111111111, "humidity": 76.0, "direction": "N", "rainHour": 0.0, "pressure": 1005.6875}