{"windPeak": 5.731504599081698e-54, "windAvg": 0.0, "temp": 20.500000000000004, "humidity": 70.0, "direction": "N", "rainHour": 0.0, "pressure": 1014.1875}