{"windPeak": 1.47102772856546e-38, "windAvg": 0.0, "temp": 25.388888888888893, "humidity": 73.0, "direction": "N", "rainHour": 0.0, "pressure": 1006.25}