{"windPeak": 2.6913483863642216, "windAvg": 0.8312320400000001, "temp": 14.27777777777778, "humidity": 82.0, "direction": "N", "rainHour": 0.0, "pressure": 1006.25}