{"windPeak": 0.0018270717238050192, "windAvg": 0.0, "temp": 24.499999999999996, "humidity": 57.0, "direction": "N", "rainHour": 0.0, "pressure": 1004.6875}