{"windPeak": 3.0995467869399134, "windAvg": 1.765361479999999, "temp": 26.38888888888889, "humidity": 61.0, "direction": "N", "rainHour": 0.0, "pressure": 1008.0}