{"windPeak": 7.181101025869734, "windAvg": 2.80775696, "temp": 28.77777777777778, "humidity": 56.0, "direction": "N", "rainHour": 0.0, "pressure": 1006.1875}