{"windPeak": 12.388023256974922, "windAvg": 4.5055643000000005, "temp": 21.888888888888893, "humidity": 43.0, "direction": "N", "rainHour": 0.0, "pressure": 998.1875}