{"windPeak": 7.142696802758456, "windAvg": 3.7235438800000025, "temp": 19.111111111111114, "humidity": 88.0, "direction": "N", "rainHour": 0.0, "pressure": 995.875}