{"windPeak": 8.681603056505335, "windAvg": 3.57948754, "temp": 14.722222222222223, "humidity": 88.0, "direction": "N", "rainHour": 0.0, "pressure": 999.5}