{"windPeak": 3.817594367933797, "windAvg": 0.3632725600000001, "temp": 25.777777777777782, "humidity": 68.0, "direction": "N", "rainHour": 0.0, "pressure": 1007.25}