{"windPeak": 1.1121932075319136e-12, "windAvg": 0.0, "temp": 23.277777777777782, "humidity": 85.0, "direction": "N", "rainHour": 0.0, "pressure": 1000.5}