{"windPeak": 3.9125234741392116, "windAvg": 1.7121232599999996, "temp": 22.11111111111111, "humidity": 81.0, "direction": "N", "rainHour": 0.0, "pressure": 994.875