{"windPeak": 7.568850136764703, "windAvg": 3.394272140000001, "temp": 29.277777777777782, "humidity": 50.0, "direction": "N", "rainHour": 0.0, "pressure": 1007.6875}