{"windPeak": 0.0036435229165235265, "windAvg": 0.0, "temp": 27.722222222222225, "humidity": 42.0, "direction": "N", "rainHour": 0.0, "pressure": 1002.6875}