{"windPeak": 3.6774105100494645, "windAvg": 0.39279964, "temp": 24.388888888888893, "humidity": 77.0, "direction": "N", "rainHour": 0.0, "pressure": 1003.0}