{"windPeak": 1.002075155125049, "windAvg": 0.0, "temp": 22.77777777777778, "humidity": 79.0, "direction": "N", "rainHour": 0.0, "pressure": 1000.0625}