{"windPeak": 2.765263612585451, "windAvg": 0.25679611999999996, "temp": 40.777777777777786, "humidity": 45.0, "direction": "N", "rainHour": 0.0, "pressure": 1000.1875}