{"windPeak": 2.0198469941696938e-28, "windAvg": 0.0, "temp": 17.11111111111111, "humidity": 76.0, "direction": "N", "rainHour": 0.0, "pressure": 1011.375}