{"windPeak": 1.68781835380928e-30, "windAvg": 0.0, "temp": 13.722222222222225, "humidity": 78.0, "direction": "N", "rainHour": 0.0, "pressure": 1003.375}