{"windPeak": 3.26087103181629, "windAvg": 2.0154468999999997, "temp": 19.388888888888893, "humidity": 57.0, "direction": "N", "rainHour": 0.0, "pressure": 1003.25}