{"windPeak": 3.555679284520575, "windAvg": 2.0852381799999993, "temp": 25.888888888888886, "humidity": 70.0, "direction": "N", "rainHour": 0.0, "pressure": 1003.1875}