{"windPeak": 4.554429078229127, "windAvg": 2.920944060000001, "temp": 23.11111111111111, "humidity": 75.0, "direction": "N", "rainHour": 0.0, "pressure": 1000.5}