{"windPeak": 1.5963474567340357e-20, "windAvg": 0.0, "temp": 18.111111111111107, "humidity": 74.0, "direction": "N", "rainHour": 0.0, "pressure": 1004.875}