{"windPeak": 10.819778430698, "windAvg": 5.349322940000002, "temp": 18.77777777777778, "humidity": 46.0, "direction": "N", "rainHour": 0.0, "pressure": 1000.75}