{"windPeak": 4.02062943306752, "windAvg": 1.96981414, "temp": 21.611111111111114, "humidity": 85.0, "direction": "N", "rainHour": 0.01, "pressure": 1006.875}