{"windPeak": 5.591536146623201, "windAvg": 1.8329159, "temp": 18.722222222222225, "humidity": 86.0, "direction": "N", "rainHour": 0.01, "pressure": 998.5}