{"windPeak": 1.8910191586178498e-42, "windAvg": 0.0, "temp": 20.500000000000004, "humidity": 73.0, "direction": "N", "rainHour": 0.0, "pressure": 1003.0625}