{"windPeak": 2.594211411200851, "windAvg": 0.0, "temp": 29.88888888888889, "humidity": 54.0, "direction": "N", "rainHour": 0.0, "pressure": 1002.6875}