{"windPeak": 0.009041575834361002, "windAvg": 0.0, "temp": 23.22222222222222, "humidity": 66.0, "direction": "N", "rainHour": 0.0, "pressure": 1009.0625}