{"windPeak": 1.899261528664211e-27, "windAvg": 0.0, "temp": 13.222222222222221, "humidity": 80.0, "direction": "N", "rainHour": 0.0, "pressure": 1003.6875}