{"windPeak": 3.3911119561166614, "windAvg": 0.3892206, "temp": 23.77777777777778, "humidity": 81.0, "direction": "N", "rainHour": 0.0, "pressure": 1002.0}