{"windPeak": 4.732559289314334, "windAvg": 1.95728752, "temp": 29.22222222222222, "humidity": 67.0, "direction": "N", "rainHour": 0.0, "pressure": 1008.0625}