{"windPeak": 4.631594613100523, "windAvg": 2.8797850800000004, "temp": 35.888888888888886, "humidity": 34.0, "direction": "N", "rainHour": 0.0, "pressure": 1006.1875}