{"windPeak": 8.329464233806161e-07, "windAvg": 0.0, "temp": 26.222222222222225, "humidity": 74.0, "direction": "N", "rainHour": 0.0, "pressure": 1002.375}