{"windPeak": 0.5810784556765034, "windAvg": 0.15300396, "temp": 18.61111111111111, "humidity": 84.0, "direction": "N", "rainHour": 0.0, "pressure": 1003.75}