{"windPeak": 7.012635005390892, "windAvg": 3.04442094, "temp": 26.72222222222222, "humidity": 63.0, "direction": "N", "rainHour": 0.0, "pressure": 1006.0625}