{"windPeak": 3.226204835976003, "windAvg": 0.28677058, "temp": 18.61111111111111, "humidity": 84.0, "direction": "N", "rainHour": 0.0, "pressure": 1001.0625}