{"windPeak": 2.876504283586774, "windAvg": 1.3667459000000006, "temp": 21.222222222222225, "humidity": 85.0, "direction": "N", "rainHour": 0.0, "pressure": 1007.0}