{"windPeak": 3.321390857868385e-15, "windAvg": 0.0, "temp": 21.611111111111114, "humidity": 67.0, "direction": "N", "rainHour": 0.0, "pressure": 1002.6875}