{"windPeak": 1.3791956904808094, "windAvg": 0.3265874, "temp": 23.11111111111111, "humidity": 85.0, "direction": "N", "rainHour": 0.0, "pressure": 997.0625}