{"windPeak": 10.742431160381932, "windAvg": 5.26700496, "temp": 16.61111111111111, "humidity": 51.0, "direction": "N", "rainHour": 0.0, "pressure": 1001.5625}