{"windPeak": 7.811296472433939, "windAvg": 3.383982400000001, "temp": 19.388888888888893, "humidity": 64.0, "direction": "N", "rainHour": 0.0, "pressure": 1005.75}