{"windPeak": 0.007362788638592405, "windAvg": 0.0, "temp": 22.22222222222222, "humidity": 55.0, "direction": "N", "rainHour": 0.0, "pressure": 1006.75}