{"windPeak": 4.277907393429699, "windAvg": 1.8239682599999998, "temp": 18.88888888888889, "humidity": 67.0, "direction": "N", "rainHour": 0.0, "pressure": 1010.6875}