{"windPeak": 3.5466385415304456, "windAvg": 1.4982756200000003, "temp": 16.38888888888889, "humidity": 56.0, "direction": "N", "rainHour": 0.0, "pressure": 1000.5}