{"windPeak": 5.897438546572947, "windAvg": 3.8058618400000013, "temp": 29.22222222222222, "humidity": 40.0, "direction": "N", "rainHour": 0.0, "pressure": 1006.375}