{"windPeak": 4.407038200764309, "windAvg": 2.5710928599999994, "temp": 27.77777777777778, "humidity": 46.0, "direction": "N", "rainHour": 0.0, "pressure": 1007.6875}