{"windPeak": 1.2770741408790982e-37, "windAvg": 0.0, "temp": 27.277777777777775, "humidity": 61.0, "direction": "N", "rainHour": 0.0, "pressure": 1006.5}