{"windPeak": 2.866981465433971, "windAvg": 1.57119856, "temp": 21.0, "humidity": 80.0, "direction": "N", "rainHour": 0.0, "pressure": 991.6875}