{"windPeak": 0.9906869702878902, "windAvg": 0.0, "temp": 22.38888888888889, "humidity": 82.0, "direction": "N", "rainHour": 0.0, "pressure": 1001.5}