{"windPeak": 5.4066710027648694, "windAvg": 0.9591827399999999, "temp": 13.777777777777777, "humidity": 61.0, "direction": "N", "rainHour": 0.0, "pressure": 1000.6875}