{"windPeak": 2.4238458745369535, "windAvg": 0.15747776000000002, "temp": 22.38888888888889, "humidity": 74.0, "direction": "N", "rainHour": 0.0, "pressure": 1011.5625}