{"windPeak": 3.601384747575323e-48, "windAvg": 0.0, "temp": 29.499999999999996, "humidity": 67.0, "direction": "N", "rainHour": 0.0, "pressure": 1007.875}