{"windPeak": 5.84113769983782, "windAvg": 3.919048960000002, "temp": 26.500000000000004, "humidity": 51.0, "direction": "N", "rainHour": 0.0, "pressure": 1002.6875}