{"windPeak": 0.006137529006226482, "windAvg": 0.0, "temp": 28.77777777777778, "humidity": 61.0, "direction": "N", "rainHour": 0.0, "pressure": 1008.0}