{"windPeak": 1.4403797717774503e-36, "windAvg": 0.0, "temp": 11.222222222222225, "humidity": 85.0, "direction": "N", "rainHour": 0.0, "pressure": 1004.0625}