{"windPeak": 4.060019435179633, "windAvg": 2.3755877999999995, "temp": 34.888888888888886, "humidity": 38.0, "direction": "N", "rainHour": 0.0, "pressure": 1006.5}