{"windPeak": 2.1293215068517353, "windAvg": 0.12213473999999999, "temp": 22.22222222222222, "humidity": 76.0, "direction": "N", "rainHour": 0.0, "pressure": 1007.6875}