{"windPeak": 4.245302867486421, "windAvg": 2.6739902600000005, "temp": 28.277777777777782, "humidity": 39.0, "direction": "N", "rainHour": 0.0, "pressure": 1004.0625}