{"windPeak": 6.750834451030083, "windAvg": 3.0457630800000004, "temp": 18.22222222222222, "humidity": 87.0, "direction": "N", "rainHour": 0.0, "pressure": 997.6875}