{"windPeak": 3.8639775463612307, "windAvg": 1.05850108, "temp": 17.888888888888893, "humidity": 85.0, "direction": "N", "rainHour": 0.0, "pressure": 999.875}