{"windPeak": 6.1365039264732335, "windAvg": 3.5074593200000015, "temp": 19.88888888888889, "humidity": 75.0, "direction": "N", "rainHour": 0.0, "pressure": 999.6875}