{"windPeak": 5.181515642386112, "windAvg": 3.2399260200000004, "temp": 21.38888888888889, "humidity": 61.0, "direction": "N", "rainHour": 0.0, "pressure": 997.6875}