{"windPeak": 6.55065636063059, "windAvg": 3.774992620000001, "temp": 27.5, "humidity": 58.0, "direction": "N", "rainHour": 0.0, "pressure": 1006.0}