{"windPeak": 0.26977358978099336, "windAvg": 0.0, "temp": 25.61111111111111, "humidity": 67.0, "direction": "N", "rainHour": 0.0, "pressure": 1005.1875}