{"windPeak": 0.00016269866247847338, "windAvg": 0.0, "temp": 22.11111111111111, "humidity": 55.0, "direction": "N", "rainHour": 0.0, "pressure": 1002.75}