{"windPeak": 9.8616509424927, "windAvg": 4.618751300000001, "temp": 16.11111111111111, "humidity": 54.0, "direction": "N", "rainHour": 0.0, "pressure": 999.875}