{"windPeak": 6.566653474405614, "windAvg": 3.311954200000001, "temp": 31.500000000000004, "humidity": 42.0, "direction": "N", "rainHour": 0.0, "pressure": 1007.375}