{"windPeak": 4.248183867881111, "windAvg": 1.2629537400000002, "temp": 25.27777777777778, "humidity": 60.0, "direction": "N", "rainHour": 0.0, "pressure": 1014.5}