{"windPeak": 6.799502756647451e-26, "windAvg": 0.0, "temp": 19.388888888888893, "humidity": 67.0, "direction": "N", "rainHour": 0.0, "pressure": 1000.5}