{"windPeak": 1.1080107538664765, "windAvg": 0.13466138, "temp": 17.38888888888889, "humidity": 68.0, "direction": "N", "rainHour": 0.0, "pressure": 1006.375}