{"windPeak": 5.199567929081887, "windAvg": 2.59167234, "temp": 22.888888888888893, "humidity": 77.0, "direction": "N", "rainHour": 0.0, "pressure": 1000.0}