{"windPeak": 2.6744358505147, "windAvg": 1.39627298, "temp": 35.72222222222222, "humidity": 39.0, "direction": "N", "rainHour": 0.0, "pressure": 1001.5625}