{"windPeak": 0.045247423828501075, "windAvg": 0.0, "temp": 24.722222222222225, "humidity": 81.0, "direction": "N", "rainHour": 0.0, "pressure": 1003.0625}