{"windPeak": 1.4381437597912427e-07, "windAvg": 0.0, "temp": 25.388888888888893, "humidity": 75.0, "direction": "N", "rainHour": 0.0, "pressure": 1002.375}