{"windPeak": 4.115432614897263, "windAvg": 1.93223422, "temp": 21.999999999999996, "humidity": 88.0, "direction": "N", "rainHour": 0.0, "pressure": 996.5625}