{"windPeak": 5.05749534592007, "windAvg": 2.33219196, "temp": 17.11111111111111, "humidity": 74.0, "direction": "N", "rainHour": 0.0, "pressure": 1006.375}