{"windPeak": 7.349705911395562e-41, "windAvg": 0.0, "temp": 18.88888888888889, "humidity": 85.0, "direction": "N", "rainHour": 0.0, "pressure": 1000.5}