{"windPeak": 6.032764330696137, "windAvg": 3.857310600000001, "temp": 31.888888888888893, "humidity": 43.0, "direction": "N", "rainHour": 0.0, "pressure": 1006.375}