{"windPeak": 1.0951954881517068e-07, "windAvg": 0.0, "temp": 12.722222222222221, "humidity": 78.0, "direction": "N", "rainHour": 0.0, "pressure": 1004.375}