{"windPeak": 3.5695547268157104e-26, "windAvg": 0.0, "temp": 8.88888888888889, "humidity": 83.0, "direction": "N", "rainHour": 0.0, "pressure": 1002.375}