{"windPeak": 1.0704198360539572, "windAvg": 0.41695816, "temp": 20.888888888888886, "humidity": 64.0, "direction": "N", "rainHour": 0.0, "pressure": 1006.375}