{"windPeak": 1.69794866758209, "windAvg": 0.04563276, "temp": 21.888888888888893, "humidity": 75.0, "direction": "N", "rainHour": 0.0, "pressure": 1007.6875}