{"windPeak": 0.8997037060343609, "windAvg": 0.04563276, "temp": 17.27777777777778, "humidity": 61.0, "direction": "N", "rainHour": 0.0, "pressure": 1006.6875}