{"windPeak": 10.98240327835549, "windAvg": 4.742228300000002, "temp": 20.777777777777782, "humidity": 45.0, "direction": "N", "rainHour": 0.0, "pressure": 998.5625}