{"windPeak": 3.514380698834824, "windAvg": 1.50409156, "temp": 18.61111111111111, "humidity": 85.0, "direction": "N", "rainHour": 0.0, "pressure": 1001.0625}