{"windPeak": 9.77553357618205e-30, "windAvg": 0.0, "temp": 13.499999999999998, "humidity": 79.0, "direction": "N", "rainHour": 0.0, "pressure": 1003.375}