{"windPeak": 0.010582063491511832, "windAvg": 0.0, "temp": 24.388888888888893, "humidity": 57.0, "direction": "N", "rainHour": 0.0, "pressure": 1004.6875}