{"windPeak": 4.691933589362571, "windAvg": 2.7254390599999994, "temp": 25.222222222222225, "humidity": 66.0, "direction": "N", "rainHour": 0.0, "pressure": 1007.875}