{"windPeak": 4.668882930097315, "windAvg": 2.38587756, "temp": 21.72222222222222, "humidity": 58.0, "direction": "N", "rainHour": 0.0, "pressure": 1010.6875}