{"windPeak": 4.067491946701263, "windAvg": 0.43395859999999997, "temp": 24.000000000000004, "humidity": 82.0, "direction": "N", "rainHour": 0.0, "pressure": 1001.875}