{"windPeak": 8.960768125440238e-29, "windAvg": 0.0, "temp": 22.888888888888893, "humidity": 69.0, "direction": "N", "rainHour": 0.0, "pressure": 1012.1875}