{"windPeak": 3.964449204324684e-15, "windAvg": 0.0, "temp": 24.499999999999996, "humidity": 81.0, "direction": "N", "rainHour": 0.0, "pressure": 1001.0}