{"windPeak": 7.725740859142767, "windAvg": 3.476590100000001, "temp": 19.72222222222222, "humidity": 63.0, "direction": "N", "rainHour": 0.0, "pressure": 1005.75}