{"windPeak": 2.7101679998834953, "windAvg": 0.15300396, "temp": 19.61111111111111, "humidity": 84.0, "direction": "N", "rainHour": 0.0, "pressure": 995.875}