{"windPeak": 6.97378580539245, "windAvg": 3.630936180000001, "temp": 33.611111111111114, "humidity": 33.0, "direction": "N", "rainHour": 0.0, "pressure": 1006.0}