{"windPeak": 2.049265074867245, "windAvg": 0.10960809999999999, "temp": 18.388888888888886, "humidity": 85.0, "direction": "N", "rainHour": 0.0, "pressure": 998.875}