{"windPeak": 3.870883885079199, "windAvg": 2.3035596199999997, "temp": 22.11111111111111, "humidity": 72.0, "direction": "N", "rainHour": 0.0, "pressure": 990.875}