{"windPeak": 5.120653101254814e-35, "windAvg": 0.0, "temp": 22.277777777777775, "humidity": 71.0, "direction": "N", "rainHour": 0.0, "pressure": 1003.25}