{"windPeak": 3.9440256543398826, "windAvg": 1.7975728399999997, "temp": 28.722222222222225, "humidity": 44.0, "direction": "N", "rainHour": 0.0, "pressure": 1008.5}