{"windPeak": 6.570824934780028, "windAvg": 2.8386261599999996, "temp": 18.111111111111107, "humidity": 59.0, "direction": "N", "rainHour": 0.0, "pressure": 1002.875}