{"windPeak": 5.163693752034383, "windAvg": 2.2762694399999996, "temp": 21.11111111111111, "humidity": 54.0, "direction": "N", "rainHour": 0.0, "pressure": 1002.75}