{"windPeak": 5.621316461817275, "windAvg": 3.0238414600000003, "temp": 26.999999999999996, "humidity": 40.0, "direction": "N", "rainHour": 0.0, "pressure": 1004.0625}