{"windPeak": 4.41141315789783, "windAvg": 1.8123363999999988, "temp": 18.88888888888889, "humidity": 85.0, "direction": "N", "rainHour": 0.0, "pressure": 998.25}