{"windPeak": 5.970202502607874, "windAvg": 3.219346560000001, "temp": 30.111111111111114, "humidity": 41.0, "direction": "N", "rainHour": 0.0, "pressure": 1009.25}