{"windPeak": 4.595794018932036e-17, "windAvg": 0.0, "temp": 20.500000000000004, "humidity": 85.0, "direction": "N", "rainHour": 0.0, "pressure": 1007.375}