{"windPeak": 4.220859528523078, "windAvg": 2.838626100000001, "temp": 27.888888888888893, "humidity": 63.0, "direction": "N", "rainHour": 0.0, "pressure": 1007.5}