{"windPeak": 1.1477607145610364e-37, "windAvg": 0.0, "temp": 17.38888888888889, "humidity": 78.0, "direction": "N", "rainHour": 0.0, "pressure": 995.1875}