{"windPeak": 4.925083366762434e-10, "windAvg": 0.0, "temp": 21.11111111111111, "humidity": 80.0, "direction": "N", "rainHour": 0.0, "pressure": 1002.75}