{"windPeak": 10.488807559058774, "windAvg": 4.906864260000002, "temp": 29.000000000000004, "humidity": 41.0, "direction": "N", "rainHour": 0.0, "pressure": 993.375}