{"windPeak": 3.125455327938534, "windAvg": 0.30824482, "temp": 20.888888888888886, "humidity": 54.0, "direction": "N", "rainHour": 0.0, "pressure": 1003.1875}