{"windPeak": 4.3741470749317415, "windAvg": 1.91747068, "temp": 33.00000000000001, "humidity": 45.0, "direction": "N", "rainHour": 0.0, "pressure": 1003.0625}