{"windPeak": 2.5073121976841004e-57, "windAvg": 0.0, "temp": 17.38888888888889, "humidity": 77.0, "direction": "N", "rainHour": 0.0, "pressure": 1005.0625}