{"windPeak": 3.9870385345963206, "windAvg": 2.34471858, "temp": 32.27777777777778, "humidity": 34.0, "direction": "N", "rainHour": 0.0, "pressure": 1006.0625}