{"windPeak": 0.02666395850714904, "windAvg": 0.0, "temp": 27.722222222222225, "humidity": 47.0, "direction": "N", "rainHour": 0.0, "pressure": 1002.75}