{"windPeak": 7.088308908324048, "windAvg": 4.443825800000002, "temp": 26.611111111111114, "humidity": 39.0, "direction": "N", "rainHour": 0.0, "pressure": 1004.75}