{"windPeak": 4.583554147171124, "windAvg": 0.88849668, "temp": 17.0, "humidity": 87.0, "direction": "N", "rainHour": 0.0, "pressure": 993.75}