{"windPeak": 3.6201414425135026, "windAvg": 2.2315314399999995, "temp": 17.22222222222222, "humidity": 88.0, "direction": "N", "rainHour": 0.0, "pressure": 993.5625}