{"windPeak": 6.286185714272684, "windAvg": 3.394272140000001, "temp": 24.111111111111114, "humidity": 50.0, "direction": "N", "rainHour": 0.0, "pressure": 1005.75}