{"windPeak": 2.1307227166631284, "windAvg": 0.17805724, "temp": 24.499999999999996, "humidity": 54.0, "direction": "N", "rainHour": 0.0, "pressure": 1009.5625}