{"windPeak": 4.346142332059388, "windAvg": 1.29605986, "temp": 26.888888888888893, "humidity": 55.0, "direction": "N", "rainHour": 0.0, "pressure": 1014.6875}