{"windPeak": 8.480758943353677e-07, "windAvg": 0.0, "temp": 25.777777777777782, "humidity": 65.0, "direction": "N", "rainHour": 0.0, "pressure": 1008.5625}