{"windPeak": 5.298136442586562, "windAvg": 3.0444209400000006, "temp": 17.611111111111114, "humidity": 71.0, "direction": "N", "rainHour": 0.0, "pressure": 1006.5625}