{"windPeak": 4.1447893161334095, "windAvg": 2.61001492, "temp": 21.72222222222222, "humidity": 78.0, "direction": "N", "rainHour": 0.0, "pressure": 996.375}