{"windPeak": 4.273315368925763, "windAvg": 2.6534107799999997, "temp": 33.88888888888889, "humidity": 31.0, "direction": "N", "rainHour": 0.0, "pressure": 1004.0625}