{"windPeak": 2.4415031284943186e-58, "windAvg": 0.0, "temp": 24.499999999999996, "humidity": 57.0, "direction": "N", "rainHour": 0.0, "pressure": 1009.6875}