{"windPeak": 2.6691967836067665, "windAvg": 1.1757146400000005, "temp": 35.777777777777786, "humidity": 36.0, "direction": "N", "rainHour": 0.0, "pressure": 1002.0}