{"windPeak": 4.256531097117416, "windAvg": 2.890074800000001, "temp": -40.0, "humidity": 0.0, "direction": "N", "rainHour": 0.0, "pressure": 1007.5}