{"windPeak": 2.132575339132684, "windAvg": 0.7041761200000001, "temp": 33.11111111111111, "humidity": 42.0, "direction": "N", "rainHour": 0.0, "pressure": 1002.875}