{"windPeak": 0.8802869639842069, "windAvg": 0.02281638, "temp": 23.88888888888889, "humidity": 76.0, "direction": "N", "rainHour": 0.0, "pressure": 1004.0}