{"windPeak": 4.467827521287746, "windAvg": 2.6225415799999996, "temp": 23.11111111111111, "humidity": 65.0, "direction": "N", "rainHour": 0.0, "pressure": 1002.0625}