{"windPeak": 2.069764106199005e-21, "windAvg": 0.0, "temp": 21.500000000000004, "humidity": 81.0, "direction": "N", "rainHour": 0.0, "pressure": 1005.1875}