{"windPeak": 4.300417983161419e-08, "windAvg": 0.0, "temp": 28.11111111111111, "humidity": 70.0, "direction": "N", "rainHour": 0.0, "pressure": 1009.1875}