{"windPeak": 1.0574845312086788e-18, "windAvg": 0.0, "temp": 17.22222222222222, "humidity": 82.0, "direction": "N", "rainHour": 0.0, "pressure": 993.1875}