{"windPeak": 2.4455087231477797e-18, "windAvg": 0.0, "temp": 21.611111111111114, "humidity": 81.0, "direction": "N", "rainHour": 0.0, "pressure": 1005.5625}