{"windPeak": 4.46814188736623e-07, "windAvg": 0.0, "temp": 16.38888888888889, "humidity": 81.0, "direction": "N", "rainHour": 0.0, "pressure": 1010.1875}