{"windPeak": 3.09881833927115, "windAvg": 1.2101629000000005, "temp": 39.888888888888886, "humidity": 45.0, "direction": "N", "rainHour": 0.0, "pressure": 1000.0}