{"windPeak": 4.286327136125825, "windAvg": 1.1748199000000001, "temp": 24.277777777777782, "humidity": 63.0, "direction": "N", "rainHour": 0.0, "pressure": 1008.875}