{"windPeak": 10.028186319616967, "windAvg": 3.363403020000001, "temp": 26.888888888888893, "humidity": 43.0, "direction": "N", "rainHour": 0.0, "pressure": 1004.75}