{"windPeak": 6.692651823696899, "windAvg": 2.8797850800000004, "temp": 33.00000000000001, "humidity": 41.0, "direction": "N", "rainHour": 0.0, "pressure": 1006.5625}