{"windPeak": 2.8438798592862264, "windAvg": 0.9681303200000001, "temp": 7.5, "humidity": 83.0, "direction": "N", "rainHour": 0.0, "pressure": 1000.6875}