{"windPeak": 1.6256254472401441, "windAvg": 0.19058388, "temp": 22.22222222222222, "humidity": 68.0, "direction": "N", "rainHour": 0.0, "pressure": 1009.75}