{"windPeak": 3.877351244618794e-14, "windAvg": 0.0, "temp": 22.22222222222222, "humidity": 58.0, "direction": "N", "rainHour": 0.0, "pressure": 1013.0625}