{"windPeak": 3.733274258517435, "windAvg": 1.9541558400000003, "temp": 19.27777777777778, "humidity": 62.0, "direction": "N", "rainHour": 0.0, "pressure": 1004.1875}