{"windPeak": 3.766253417580675e-22, "windAvg": 0.0, "temp": 13.111111111111112, "humidity": 76.0, "direction": "N", "rainHour": 0.0, "pressure": 1003.875}