{"windPeak": 2.161937759884979, "windAvg": 0.39145750000000007, "temp": 24.499999999999996, "humidity": 76.0, "direction": "N", "rainHour": 0.0, "pressure": 1008.5625}