{"windPeak": 3.712139571130989, "windAvg": 2.3344288399999997, "temp": 32.77777777777778, "humidity": 41.0, "direction": "N", "rainHour": 0.0, "pressure": 1007.1875}