{"windPeak": 2.1662803883111224, "windAvg": 0.11989784, "temp": 32.0, "humidity": 62.0, "direction": "N", "rainHour": 0.0, "pressure": 1001.0625}