{"windPeak": 2.57750043705044, "windAvg": 0.3561144800000001, "temp": 25.222222222222225, "humidity": 74.0, "direction": "N", "rainHour": 0.0, "pressure": 1003.1875}