{"windPeak": 8.077516681859501, "windAvg": 3.9704977400000026, "temp": 21.999999999999996, "humidity": 45.0, "direction": "N", "rainHour": 0.0, "pressure": 997.75}