{"windPeak": 5.818168739639359, "windAvg": 2.2203469799999995, "temp": 25.777777777777782, "humidity": 67.0, "direction": "N", "rainHour": 0.0, "pressure": 1007.6875}