{"windPeak": 2.6422217410748e-36, "windAvg": 0.0, "temp": 18.22222222222222, "humidity": 83.0, "direction": "N", "rainHour": 0.0, "pressure": 1000.0}