{"windPeak": 4.393151611572264, "windAvg": 2.81804664, "temp": 23.77777777777778, "humidity": 70.0, "direction": "N", "rainHour": 0.0, "pressure": 996.0625}