{"windPeak": 10.110170293101676, "windAvg": 2.4592479199999993, "temp": 22.77777777777778, "humidity": 59.0, "direction": "N", "rainHour": 0.0, "pressure": 1008.1875}