{"windPeak": 2.2551401390539847, "windAvg": 0.9314451600000004, "temp": 36.111111111111114, "humidity": 38.0, "direction": "N", "rainHour": 0.0, "pressure": 1002.1875}