{"windPeak": 2.744178920432674, "windAvg": 0.19058388, "temp": 20.27777777777778, "humidity": 79.0, "direction": "N", "rainHour": 0.0, "pressure": 1006.25}