{"windPeak": 4.187186460642765, "windAvg": 2.6431210400000005, "temp": 33.11111111111111, "humidity": 59.0, "direction": "N", "rainHour": 0.0, "pressure": 1000.5625}