{"windPeak": 8.075267043967106, "windAvg": 2.867258519999999, "temp": 14.722222222222223, "humidity": 88.0, "direction": "N", "rainHour": 0.0, "pressure": 999.5}