{"windPeak": 2.303956717013255, "windAvg": 0.15747776000000002, "temp": 7.277777777777779, "humidity": 80.0, "direction": "N", "rainHour": 0.0, "pressure": 1005.375}