{"windPeak": 4.276913435922548, "windAvg": 2.67399026, "temp": 17.11111111111111, "humidity": 88.0, "direction": "N", "rainHour": 0.0, "pressure": 994.375}