{"windPeak": 1.0705558809178151e-08, "windAvg": 0.0, "temp": 21.500000000000004, "humidity": 74.0, "direction": "N", "rainHour": 0.0, "pressure": 1007.1875}