{"windPeak": 4.158276075007415, "windAvg": 2.2167678999999993, "temp": 27.611111111111114, "humidity": 50.0, "direction": "N", "rainHour": 0.0, "pressure": 1002.6875