{"windPeak": 3.8769540609587082e-44, "windAvg": 0.0, "temp": 21.222222222222225, "humidity": 67.0, "direction": "N", "rainHour": 0.0, "pressure": 1002.1875}