{"windPeak": 2.5611510290927995e-29, "windAvg": 0.0, "temp": 17.72222222222222, "humidity": 79.0, "direction": "N", "rainHour": 0.0, "pressure": 993.75}