{"windPeak": 2.5398384445065303e-39, "windAvg": 0.0, "temp": 25.777777777777782, "humidity": 73.0, "direction": "N", "rainHour": 0.0, "pressure": 1006.25}