{"windPeak": 2.790232892912521, "windAvg": 1.3416926200000001, "temp": 19.61111111111111, "humidity": 85.0, "direction": "N", "rainHour": 0.0, "pressure": 1005.6875}