{"windPeak": 1.0083664963879797, "windAvg": 0.04563276, "temp": 22.77777777777778, "humidity": 65.0, "direction": "N", "rainHour": 0.0, "pressure": 1009.5625}