{"windPeak": 0.058388488002427255, "windAvg": 0.0, "temp": 21.77777777777778, "humidity": 72.0, "direction": "N", "rainHour": 0.0, "pressure": 1005.6875}