{"windPeak": 3.747254763139915e-10, "windAvg": 0.0, "temp": 16.222222222222225, "humidity": 71.0, "direction": "N", "rainHour": 0.0, "pressure": 1007.6875}