{"windPeak": 3.7053142277049025, "windAvg": 2.35500832, "temp": 18.88888888888889, "humidity": 84.0, "direction": "N", "rainHour": 0.0, "pressure": 1001.75}