{"windPeak": 10.593660609736684, "windAvg": 4.546723260000002, "temp": 29.61111111111111, "humidity": 42.0, "direction": "N", "rainHour": 0.0, "pressure": 993.6875}