{"windPeak": 3.9144772478579006, "windAvg": 2.3733508999999997, "temp": 22.888888888888893, "humidity": 86.0, "direction": "N", "rainHour": 0.0, "pressure": 995.0625}