{"windPeak": 7.410151167833017, "windAvg": 2.7084385799999997, "temp": 26.27777777777778, "humidity": 41.0, "direction": "N", "rainHour": 0.0, "pressure": 1006.875}