{"windPeak": 4.632364539064168, "windAvg": 2.9106543200000004, "temp": 24.499999999999996, "humidity": 56.0, "direction": "N", "rainHour": 0.0, "pressure": 1002.6875}