{"windPeak": 0.5751594368380026, "windAvg": 0.22950594000000002, "temp": 28.11111111111111, "humidity": 56.0, "direction": "N", "rainHour": 0.0, "pressure": 1003.875}