{"windPeak": 1.053783998165146, "windAvg": 0.0, "temp": 30.111111111111114, "humidity": 55.0, "direction": "N", "rainHour": 0.0, "pressure": 1000.875}