{"windPeak": 3.71893322166979, "windAvg": 1.3121655400000003, "temp": 28.388888888888886, "humidity": 38.0, "direction": "N", "rainHour": 0.0, "pressure": 1009.5625}