{"windPeak": 13.462376676244844, "windAvg": 4.824546180000001, "temp": 14.888888888888888, "humidity": 88.0, "direction": "N", "rainHour": 0.0, "pressure": 1000.1875}