{"windPeak": 3.9887233296164744, "windAvg": 1.7349396999999995, "temp": 25.111111111111114, "humidity": 48.0, "direction": "N", "rainHour": 0.0, "pressure": 1006.375}