{"windPeak": 0.8230294267683315, "windAvg": 0.0, "temp": 27.77777777777778, "humidity": 72.0, "direction": "N", "rainHour": 0.0, "pressure": 1003.1875}