{"windPeak": 3.4751757880622836, "windAvg": 2.0319999600000003, "temp": 32.22222222222222, "humidity": 54.0, "direction": "N", "rainHour": 0.0, "pressure": 1007.875}