{"windPeak": 4.213260453976991, "windAvg": 2.2087150600000003, "temp": -40.0, "humidity": 0.0, "direction": "N", "rainHour": 0.0, "pressure": 1003.0}