{"windPeak": 4.748934314145712, "windAvg": 2.62254158, "temp": 27.611111111111114, "humidity": 64.0, "direction": "N", "rainHour": 0.0, "pressure": 1006.875}