{"windPeak": 1.6356074388243438, "windAvg": 0.07873888, "temp": 21.72222222222222, "humidity": 56.0, "direction": "N", "rainHour": 0.0, "pressure": 1006.6875}