{"windPeak": 5.045629111873457, "windAvg": 0.8884967000000001, "temp": 19.22222222222222, "humidity": 83.0, "direction": "N", "rainHour": 0.0, "pressure": 998.1875}