{"windPeak": 2.2144025284366102, "windAvg": 0.45319594, "temp": 6.611111111111111, "humidity": 79.0, "direction": "N", "rainHour": 0.0, "pressure": 1005.5625}