{"windPeak": 0.06485892637897671, "windAvg": 0.0, "temp": 31.111111111111114, "humidity": 49.0, "direction": "N", "rainHour": 0.0, "pressure": 1002.875}