{"windPeak": 5.9492375772891434e-18, "windAvg": 0.0, "temp": 19.388888888888893, "humidity": 67.0, "direction": "N", "rainHour": 0.0, "pressure": 1013.0}