{"windPeak": 7.048336820031727, "windAvg": 3.12673892, "temp": 22.22222222222222, "humidity": 79.0, "direction": "N", "rainHour": 0.0, "pressure": 995.25}