{"windPeak": 3.143393377323839, "windAvg": 0.5972523000000001, "temp": 21.72222222222222, "humidity": 81.0, "direction": "N", "rainHour": 0.0, "pressure": 996.25}