{"windPeak": 1.9042013217895613, "windAvg": 0.45766974, "temp": 20.888888888888886, "humidity": 85.0, "direction": "N", "rainHour": 0.0, "pressure": 989.5625}