{"windPeak": 2.132081693019332e-06, "windAvg": 0.0, "temp": 21.999999999999996, "humidity": 73.0, "direction": "N", "rainHour": 0.0, "pressure": 1012.0}