{"windPeak": 2.587865628105948e-06, "windAvg": 0.0, "temp": 16.722222222222225, "humidity": 79.0, "direction": "N", "rainHour": 0.0, "pressure": 1010.0}