{"windPeak": 1.4144963118348864e-05, "windAvg": 0.0, "temp": 17.27777777777778, "humidity": 70.0, "direction": "N", "rainHour": 0.0, "pressure": 1008.375}