{"windPeak": 2.6341364339844415, "windAvg": 1.54704004, "temp": 23.22222222222222, "humidity": 48.0, "direction": "N", "rainHour": 0.0, "pressure": 1005.875}