{"windPeak": 0.23564805631349492, "windAvg": 0.0, "temp": 26.777777777777782, "humidity": 74.0, "direction": "N", "rainHour": 0.0, "pressure": 1002.5625}