{"windPeak": 2.513727980860784, "windAvg": 0.42814266, "temp": 20.222222222222225, "humidity": 82.0, "direction": "N", "rainHour": 0.0, "pressure": 1007.0625}