{"windPeak": 1.5049973438609495e-11, "windAvg": 0.0, "temp": 26.222222222222225, "humidity": 76.0, "direction": "N", "rainHour": 0.0, "pressure": 1003.0}