{"windPeak": 4.651023765316453, "windAvg": 1.6114627599999998, "temp": 18.61111111111111, "humidity": 75.0, "direction": "N", "rainHour": 0.0, "pressure": 1003.0}