{"windPeak": 0.35273879029478544, "windAvg": 0.0, "temp": 24.61111111111111, "humidity": 46.0, "direction": "N", "rainHour": 0.0, "pressure": 1004.375}