{"windPeak": 4.903683351318614, "windAvg": 2.4122729999999994, "temp": 8.111111111111112, "humidity": 70.0, "direction": "N", "rainHour": 0.0, "pressure": 1006.1875}