{"windPeak": 6.187661238295705, "windAvg": 2.4865380999999998, "temp": 21.11111111111111, "humidity": 80.0, "direction": "N", "rainHour": 0.0, "pressure": 996.0}