{"windPeak": 1.8551940391721555, "windAvg": 0.08902861999999999, "temp": 20.27777777777778, "humidity": 70.0, "direction": "N", "rainHour": 0.0, "pressure": 1009.5}