{"windPeak": 5.806229352154622, "windAvg": 2.9003645600000003, "temp": 22.38888888888889, "humidity": 83.0, "direction": "N", "rainHour": 0.0, "pressure": 1002.1875}