{"windPeak": 1.648731795053084, "windAvg": 0.26708586, "temp": 20.0, "humidity": 64.0, "direction": "N", "rainHour": 0.0, "pressure": 1004.5}