{"windPeak": 4.257128699777324, "windAvg": 2.5312760400000007, "temp": -40.0, "humidity": 0.0, "direction": "N", "rainHour": 0.0, "pressure": 1002.6875}