{"windPeak": 0.05218755957775158, "windAvg": 0.0, "temp": 11.500000000000002, "humidity": 84.0, "direction": "N", "rainHour": 0.0, "pressure": 1007.6875}