{"windPeak": 4.015775758377781e-23, "windAvg": 0.0, "temp": 12.277777777777779, "humidity": 85.0, "direction": "N", "rainHour": 0.0, "pressure": 1013.1875}