{"windPeak": 8.668909836007353, "windAvg": 4.443825680000001, "temp": 33.611111111111114, "humidity": 37.0, "direction": "N", "rainHour": 0.0, "pressure": 994.25}