{"windPeak": 0.0005534875628880762, "windAvg": 0.0, "temp": 16.88888888888889, "humidity": 62.0, "direction": "N", "rainHour": 0.0, "pressure": 1007.25}