{"windPeak": 0.0009241797796522244, "windAvg": 0.0, "temp": 16.222222222222225, "humidity": 79.0, "direction": "N", "rainHour": 0.0, "pressure": 1001.5}