{"windPeak": 4.939650288210412, "windAvg": 2.9826824800000007, "temp": 25.27777777777778, "humidity": 50.0, "direction": "N", "rainHour": 0.0, "pressure": 999.25}