{"windPeak": 7.87145226515962e-32, "windAvg": 0.0, "temp": 20.388888888888893, "humidity": 79.0, "direction": "N", "rainHour": 0.0, "pressure": 1005.1875}