{"windPeak": 4.030915258880589, "windAvg": 2.2212416999999993, "temp": 32.388888888888886, "humidity": 58.0, "direction": "N", "rainHour": 0.0, "pressure": 1000.375}