{"windPeak": 4.887394001234328, "windAvg": 3.013551700000001, "temp": 26.888888888888893, "humidity": 75.0, "direction": "N", "rainHour": 0.0, "pressure": 1002.0}