{"windPeak": 11.769771751452087, "windAvg": 4.968602720000001, "temp": 17.77777777777778, "humidity": 80.0, "direction": "N", "rainHour": 0.0, "pressure": 998.875}