{"windPeak": 2.3852950960220642, "windAvg": 0.9439718, "temp": 27.11111111111111, "humidity": 71.0, "direction": "N", "rainHour": 0.0, "pressure": 1013.0625}