{"windPeak": 2.317054079717254, "windAvg": 0.33106119999999994, "temp": 27.277777777777775, "humidity": 44.0, "direction": "N", "rainHour": 0.0, "pressure": 1007.875}