{"windPeak": 0.006950318657977393, "windAvg": 0.0, "temp": 24.277777777777782, "humidity": 74.0, "direction": "N", "rainHour": 0.0, "pressure": 1001.6875}