{"windPeak": 5.955124711531106, "windAvg": 3.1781876400000004, "temp": 27.11111111111111, "humidity": 39.0, "direction": "N", "rainHour": 0.0, "pressure": 1004.5625}