{"windPeak": 1.1195119176236927e-29, "windAvg": 0.0, "temp": 20.27777777777778, "humidity": 72.0, "direction": "N", "rainHour": 0.0, "pressure": 1002.875}