{"windPeak": 2.682002948796558, "windAvg": 0.56056714, "temp": 28.277777777777782, "humidity": 64.0, "direction": "N", "rainHour": 0.0, "pressure": 1007.875}