{"windPeak": 4.214876129690791, "windAvg": 1.0620801200000003, "temp": 16.0, "humidity": 87.0, "direction": "N", "rainHour": 0.0, "pressure": 1006.1875}