{"windPeak": 1.5572382768999512e-14, "windAvg": 0.0, "temp": 22.888888888888893, "humidity": 74.0, "direction": "N", "rainHour": 0.0, "pressure": 1004.875}