{"windPeak": 4.618727404357094, "windAvg": 2.7151492200000003, "temp": 18.388888888888886, "humidity": 66.0, "direction": "N", "rainHour": 0.0, "pressure": 1004.25}