{"windPeak": 4.2310111866604485, "windAvg": 2.095527919999999, "temp": 26.777777777777782, "humidity": 43.0, "direction": "N", "rainHour": 0.0, "pressure": 1010.875}