{"windPeak": 7.102695440580303, "windAvg": 3.1987670800000014, "temp": 26.611111111111114, "humidity": 35.0, "direction": "N", "rainHour": 0.0, "pressure": 1006.6875}