{"windPeak": 0.009220622605168313, "windAvg": 0.0, "temp": 28.77777777777778, "humidity": 63.0, "direction": "N", "rainHour": 0.0, "pressure": 1005.75}