{"windPeak": 2.3630955375828044, "windAvg": 0.23979568, "temp": 24.111111111111114, "humidity": 79.0, "direction": "N", "rainHour": 0.0, "pressure": 1002.1875}