{"windPeak": 9.254235312736473, "windAvg": 3.83673102, "temp": 14.27777777777778, "humidity": 89.0, "direction": "N", "rainHour": 0.0, "pressure": 1000.1875}