{"windPeak": 1.6703363396469126, "windAvg": 0.52388198, "temp": 25.500000000000004, "humidity": 54.0, "direction": "N", "rainHour": 0.0, "pressure": 1006.5625}