{"windPeak": 1.28226680115332e-12, "windAvg": 0.0, "temp": 21.500000000000004, "humidity": 70.0, "direction": "N", "rainHour": 0.0, "pressure": 1004.5625}