{"windPeak": 1.6975785101773606e-13, "windAvg": 0.0, "temp": 28.277777777777782, "humidity": 64.0, "direction": "N", "rainHour": 0.0, "pressure": 1009.875}