{"windPeak": 3.334216479832971, "windAvg": 1.8154680399999996, "temp": 18.000000000000004, "humidity": 66.0, "direction": "N", "rainHour": 0.0, "pressure": 1004.0}