{"windPeak": 3.1495895249472974, "windAvg": 1.5528559799999997, "temp": 20.111111111111114, "humidity": 63.0, "direction": "N", "rainHour": 0.0, "pressure": 996.25}