{"windPeak": 4.517394322996487, "windAvg": 2.2726904, "temp": 26.0, "humidity": 77.0, "direction": "N", "rainHour": 0.0, "pressure": 1001.5}