{"windPeak": 1.280591333201152e-07, "windAvg": 0.0, "temp": 21.72222222222222, "humidity": 61.0, "direction": "N", "rainHour": 0.0, "pressure": 1003.25}