{"windPeak": 5.337779762107169e-53, "windAvg": 0.0, "temp": 22.277777777777775, "humidity": 67.0, "direction": "N", "rainHour": 0.0, "pressure": 1010.25}