{"windPeak": 1.5680071777406335e-14, "windAvg": 0.0, "temp": 11.722222222222223, "humidity": 84.0, "direction": "N", "rainHour": 0.0, "pressure": 1004.5625}