{"windPeak": 3.062083384081233e-20, "windAvg": 0.0, "temp": 21.38888888888889, "humidity": 61.0, "direction": "N", "rainHour": 0.0, "pressure": 1012.875}