{"windPeak": 7.522306591410546, "windAvg": 2.6695164799999986, "temp": 25.888888888888886, "humidity": 38.0, "direction": "N", "rainHour": 0.0, "pressure": 998.25}