{"windPeak": 2.8242828402849978, "windAvg": 0.8482324800000001, "temp": 13.0, "humidity": 59.0, "direction": "N", "rainHour": 0.0, "pressure": 1000.25}