{"windPeak": 6.730673505646231, "windAvg": 3.651515700000001, "temp": 25.222222222222225, "humidity": 58.0, "direction": "N", "rainHour": 0.0, "pressure": 1002.5625}