{"windPeak": 2.791605581665243e-17, "windAvg": 0.0, "temp": 21.611111111111114, "humidity": 76.0, "direction": "N", "rainHour": 0.0, "pressure": 1009.0625}