{"windPeak": 4.580828724425109, "windAvg": 2.4064570400000003, "temp": 29.000000000000004, "humidity": 44.0, "direction": "N", "rainHour": 0.0, "pressure": 1007.375}