{"windPeak": 0.6908948054789649, "windAvg": 0.16553059999999997, "temp": 17.11111111111111, "humidity": 87.0, "direction": "N", "rainHour": 0.0, "pressure": 994.6875}