{"windPeak": 10.577251722277197, "windAvg": 5.730043439999999, "temp": 10.999999999999998, "humidity": 58.0, "direction": "N", "rainHour": 0.0, "pressure": 1005.0}