{"windPeak": 2.3297148489636674, "windAvg": 0.19416292000000002, "temp": 26.500000000000004, "humidity": 75.0, "direction": "N", "rainHour": 0.0, "pressure": 987.75}