{"windPeak": 3.870458710766254, "windAvg": 2.2829801400000003, "temp": 33.11111111111111, "humidity": 38.0, "direction": "N", "rainHour": 0.0, "pressure": 1006.5625}