{"windPeak": 3.3233672650965396, "windAvg": 1.7036230399999994, "temp": 25.388888888888893, "humidity": 65.0, "direction": "N", "rainHour": 0.0, "pressure": 1007.875}