{"windPeak": 4.121338850542851, "windAvg": 2.5608031200000005, "temp": -40.0, "humidity": 0.0, "direction": "N", "rainHour": 0.0, "pressure": 1007.375}