{"windPeak": 2.712661202017939, "windAvg": 1.2329792800000003, "temp": 32.111111111111114, "humidity": 51.0, "direction": "N", "rainHour": 0.0, "pressure": 1002.25}