{"windPeak": 5.701709881131212, "windAvg": 2.57243502, "temp": 34.111111111111114, "humidity": 38.0, "direction": "N", "rainHour": 0.0, "pressure": 1006.5625}