{"windPeak": 2.7219231522197206e-36, "windAvg": 0.0, "temp": 23.88888888888889, "humidity": 78.0, "direction": "N", "rainHour": 0.0, "pressure": 1006.0625}