{"windPeak": 4.111085237175015, "windAvg": 1.1819779600000002, "temp": 24.000000000000004, "humidity": 83.0, "direction": "N", "rainHour": 0.0, "pressure": 1001.875}