{"windPeak": 3.66323820371283, "windAvg": 2.3630611599999995, "temp": 21.72222222222222, "humidity": 84.0, "direction": "N", "rainHour": 0.01, "pressure": 1006.875}