{"windPeak": 3.709632096089245, "windAvg": 1.2777172800000005, "temp": 24.777777777777775, "humidity": 56.0, "direction": "N", "rainHour": 0.0, "pressure": 1005.0}