{"windPeak": 3.225380835371155, "windAvg": 1.8521531999999992, "temp": 31.500000000000004, "humidity": 56.0, "direction": "N", "rainHour": 0.0, "pressure": 1007.75}