{"windPeak": 1.910806223622335, "windAvg": 0.16776750000000004, "temp": 16.88888888888889, "humidity": 64.0, "direction": "N", "rainHour": 0.0, "pressure": 1006.75}