{"windPeak": 0.07828100685732453, "windAvg": 0.0, "temp": 18.88888888888889, "humidity": 84.0, "direction": "N", "rainHour": 0.0, "pressure": 1004.5}