{"windPeak": 6.9552328966525545, "windAvg": 3.1884773200000005, "temp": 24.88888888888889, "humidity": 55.0, "direction": "N", "rainHour": 0.0, "pressure": 1005.0}