{"windPeak": 5.215028270268776, "windAvg": 3.0650004200000005, "temp": 25.27777777777778, "humidity": 49.0, "direction": "N", "rainHour": 0.0, "pressure": 1007.75}