{"windPeak": 2.403333248019725, "windAvg": 0.27290179999999997, "temp": 22.722222222222225, "humidity": 72.0, "direction": "N", "rainHour": 0.0, "pressure": 1005.75}