{"windPeak": 5.204150532818311, "windAvg": 2.6592267200000004, "temp": 36.611111111111114, "humidity": 36.0, "direction": "N", "rainHour": 0.0, "pressure": 1001.5625}