{"windPeak": 2.0798279194942997, "windAvg": 0.71222896, "temp": 20.27777777777778, "humidity": 63.0, "direction": "N", "rainHour": 0.0, "pressure": 1004.5}