{"windPeak": 5.058274643087693, "windAvg": 3.6515156800000015, "temp": 25.222222222222225, "humidity": 76.0, "direction": "N", "rainHour": 0.0, "pressure": 989.5625}