{"windPeak": 0.21611645085034517, "windAvg": 0.0, "temp": 27.222222222222225, "humidity": 56.0, "direction": "N", "rainHour": 0.0, "pressure": 1014.0625}