{"windPeak": 0.08817708490623206, "windAvg": 0.0, "temp": 20.27777777777778, "humidity": 80.0, "direction": "N", "rainHour": 0.0, "pressure": 1005.5625}