{"windPeak": 0.0003362228582537568, "windAvg": 0.0, "temp": 25.222222222222225, "humidity": 72.0, "direction": "N", "rainHour": 0.0, "pressure": 1007.875}