{"windPeak": 7.913567830744886e-83, "windAvg": 0.0, "temp": 23.88888888888889, "humidity": 80.0, "direction": "N", "rainHour": 0.0, "pressure": 1002.75}