{"windPeak": 8.210243557127319e-37, "windAvg": 0.0, "temp": 23.722222222222225, "humidity": 57.0, "direction": "N", "rainHour": 0.0, "pressure": 1010.75}