{"windPeak": 7.379648723226085, "windAvg": 2.8981276800000004, "temp": 29.722222222222225, "humidity": 40.0, "direction": "N", "rainHour": 0.0, "pressure": 1007.6875}