{"windPeak": 7.066764015988306, "windAvg": 3.1473184000000005, "temp": 29.499999999999996, "humidity": 48.0, "direction": "N", "rainHour": 0.0, "pressure": 1007.5625}