{"windPeak": 2.6172384162797344e-19, "windAvg": 0.0, "temp": 13.277777777777777, "humidity": 81.0, "direction": "N", "rainHour": 0.0, "pressure": 1013.0}