{"windPeak": 3.7172430353412858, "windAvg": 1.7447819999999998, "temp": 31.777777777777782, "humidity": 53.0, "direction": "N", "rainHour": 0.0, "pressure": 1004.75}