{"windPeak": 0.0001647703326827241, "windAvg": 0.0, "temp": 24.388888888888893, "humidity": 67.0, "direction": "N", "rainHour": 0.0, "pressure": 1009.0}