{"windPeak": 2.301916931261374, "windAvg": 1.4249053, "temp": 28.22222222222222, "humidity": 56.0, "direction": "N", "rainHour": 0.0, "pressure": 1003.875}