{"windPeak": 3.81484021415819, "windAvg": 1.5953570799999994, "temp": 20.0, "humidity": 73.0, "direction": "N", "rainHour": 0.0, "pressure": 1009.0625}