{"windPeak": 2.8331089351440175, "windAvg": 0.6518326600000001, "temp": 19.27777777777778, "humidity": 83.0, "direction": "N", "rainHour": 0.0, "pressure": 998.5625}