{"windPeak": 0.0002446727718444286, "windAvg": 0.0, "temp": 26.27777777777778, "humidity": 58.0, "direction": "N", "rainHour": 0.0, "pressure": 1009.1875}