{"windPeak": 12.11664196070042, "windAvg": 4.99947178, "temp": 19.61111111111111, "humidity": 45.0, "direction": "N", "rainHour": 0.0, "pressure": 999.1875}