{"windPeak": 6.661844946501268, "windAvg": 3.672095140000002, "temp": 24.111111111111114, "humidity": 60.0, "direction": "N", "rainHour": 0.0, "pressure": 993.0625}