{"windPeak": 6.211390887930587, "windAvg": 2.8386261000000004, "temp": 33.11111111111111, "humidity": 38.0, "direction": "N", "rainHour": 0.0, "pressure": 995.1875}