{"windPeak": 1.55957158591126, "windAvg": 0.111845, "temp": 23.722222222222225, "humidity": 70.0, "direction": "N", "rainHour": 0.0, "pressure": 1008.25}