{"windPeak": 4.0678582278363296, "windAvg": 0.71491324, "temp": 25.72222222222222, "humidity": 77.0, "direction": "N", "rainHour": 0.0, "pressure": 987.0625}