{"windPeak": 1.0979904510799133e-15, "windAvg": 0.0, "temp": 20.500000000000004, "humidity": 77.0, "direction": "N", "rainHour": 0.0, "pressure": 1005.5625}