{"windPeak": 0.6237085670312885, "windAvg": 0.0, "temp": 14.500000000000002, "humidity": 84.0, "direction": "N", "rainHour": 0.0, "pressure": 1005.0}