{"windPeak": 0.1304118324253365, "windAvg": 0.0, "temp": 24.722222222222225, "humidity": 76.0, "direction": "N", "rainHour": 0.0, "pressure": 1002.25}