{"windPeak": 8.280928190589147, "windAvg": 3.0855799199999994, "temp": 25.72222222222222, "humidity": 40.0, "direction": "N", "rainHour": 0.0, "pressure": 998.25}