{"windPeak": 0.9470583802291687, "windAvg": 0.04563276, "temp": 18.5, "humidity": 72.0, "direction": "N", "rainHour": 0.0, "pressure": 1005.0}