{"windPeak": 4.345503065400678, "windAvg": 2.7540712800000007, "temp": 28.000000000000004, "humidity": 49.0, "direction": "N", "rainHour": 0.0, "pressure": 1004.6875}