{"windPeak": 2.94179159623972e-22, "windAvg": 0.0, "temp": 28.722222222222225, "humidity": 63.0, "direction": "N", "rainHour": 0.0, "pressure": 1004.375}