{"windPeak": 2.9157450884532805, "windAvg": 1.5801461599999995, "temp": 21.0, "humidity": 82.0, "direction": "N", "rainHour": 0.0, "pressure": 994.375}