{"windPeak": 2.6267232730446404, "windAvg": 0.0, "temp": 21.611111111111114, "humidity": 59.0, "direction": "N", "rainHour": 0.0, "pressure": 1010.25}