{"windPeak": 2.656849135889842, "windAvg": 0.8688119600000002, "temp": 22.22222222222222, "humidity": 63.0, "direction": "N", "rainHour": 0.0, "pressure": 1009.375}