{"windPeak": 6.02645182471092e-36, "windAvg": 0.0, "temp": 21.38888888888889, "humidity": 83.0, "direction": "N", "rainHour": 0.0, "pressure": 1004.375}