{"windPeak": 3.550717051582653, "windAvg": 1.8418634599999997, "temp": 7.5, "humidity": 73.0, "direction": "N", "rainHour": 0.0, "pressure": 1006.0625}