{"windPeak": 4.866043261794534, "windAvg": 2.0982122599999995, "temp": 7.5, "humidity": 80.0, "direction": "N", "rainHour": 0.0, "pressure": 1004.6875}