{"windPeak": 5.869984735769885e-07, "windAvg": 0.0, "temp": 22.77777777777778, "humidity": 52.0, "direction": "N", "rainHour": 0.0, "pressure": 1002.75}