{"windPeak": 0.00013214992724190337, "windAvg": 0.0, "temp": 24.777777777777775, "humidity": 60.0, "direction": "N", "rainHour": 0.0, "pressure": 1008.375}