{"windPeak": 1.4530658735542177e-17, "windAvg": 0.0, "temp": 23.22222222222222, "humidity": 73.0, "direction": "N", "rainHour": 0.0, "pressure": 1004.875}