{"windPeak": 5.220027339594426, "windAvg": 2.4579057200000003, "temp": 35.777777777777786, "humidity": 25.0, "direction": "N", "rainHour": 0.0, "pressure": 1005.5625}