{"windPeak": 0.00010254810815198273, "windAvg": 0.0, "temp": 18.88888888888889, "humidity": 84.0, "direction": "N", "rainHour": 0.0, "pressure": 1003.0}