{"windPeak": 2.9001251383587414, "windAvg": 0.8835755000000001, "temp": 22.611111111111114, "humidity": 73.0, "direction": "N", "rainHour": 0.0, "pressure": 1011.6875}