{"windPeak": 4.084597262479686, "windAvg": 2.293269899999999, "temp": 16.722222222222225, "humidity": 64.0, "direction": "N", "rainHour": 0.0, "pressure": 1006.375}