{"windPeak": 3.6940703039736866, "windAvg": 2.365298059999999, "temp": 27.611111111111114, "humidity": 46.0, "direction": "N", "rainHour": 0.0, "pressure": 1008.5}