{"windPeak": 8.841187256362328e-36, "windAvg": 0.0, "temp": 22.722222222222225, "humidity": 71.0, "direction": "N", "rainHour": 0.0, "pressure": 1003.25}