{"windPeak": 3.4903847762681033, "windAvg": 2.039605419999999, "temp": 31.888888888888893, "humidity": 43.0, "direction": "N", "rainHour": 0.0, "pressure": 1001.6875}