{"windPeak": 3.926736208539106, "windAvg": 1.04284278, "temp": 20.0, "humidity": 85.0, "direction": "N", "rainHour": 0.0, "pressure": 995.875}