{"windPeak": 3.6583698530045967, "windAvg": 2.02484188, "temp": 32.111111111111114, "humidity": 36.0, "direction": "N", "rainHour": 0.0, "pressure": 1009.6875}