{"windPeak": 8.220502784535425, "windAvg": 3.6103567400000007, "temp": 27.722222222222225, "humidity": 39.0, "direction": "N", "rainHour": 0.0, "pressure": 1004.6875}