{"windPeak": 2.22375825925131, "windAvg": 0.51493438, "temp": 31.27777777777778, "humidity": 52.0, "direction": "N", "rainHour": 0.0, "pressure": 1003.25}