{"windPeak": 0.8664754934232008, "windAvg": 0.08902861999999999, "temp": 17.27777777777778, "humidity": 87.0, "direction": "N", "rainHour": 0.0, "pressure": 999.5625}