{"windPeak": 5.454945400253937, "windAvg": 3.0547107000000007, "temp": 24.88888888888889, "humidity": 64.0, "direction": "N", "rainHour": 0.0, "pressure": 996.0625}