{"windPeak": 4.451983372777054, "windAvg": 2.910654280000001, "temp": 32.611111111111114, "humidity": 33.0, "direction": "N", "rainHour": 0.0, "pressure": 1006.0625}