{"windPeak": 5.1739678167693216e-11, "windAvg": 0.0, "temp": 19.499999999999996, "humidity": 65.0, "direction": "N", "rainHour": 0.0, "pressure": 1006.25}