{"windPeak": 1.1149248809801207, "windAvg": 0.19639981999999997, "temp": 29.277777777777782, "humidity": 77.0, "direction": "N", "rainHour": 0.0, "pressure": 1000.0}