{"windPeak": 3.198483244458861, "windAvg": 1.8691536399999995, "temp": 21.999999999999996, "humidity": 82.0, "direction": "N", "rainHour": 0.0, "pressure": 1006.375}