{"windPeak": 5.7289815287569496e-30, "windAvg": 0.0, "temp": 20.388888888888893, "humidity": 86.0, "direction": "N", "rainHour": 0.0, "pressure": 1007.25}