{"windPeak": 4.365682761711789, "windAvg": 1.9689193799999998, "temp": 21.888888888888893, "humidity": 58.0, "direction": "N", "rainHour": 0.0, "pressure": 1006.0}