{"windPeak": 8.83690617085755, "windAvg": 3.713254220000002, "temp": 22.11111111111111, "humidity": 62.0, "direction": "N", "rainHour": 0.0, "pressure": 1008.0625}