{"windPeak": 0.004196185878420695, "windAvg": 0.0, "temp": 25.61111111111111, "humidity": 74.0, "direction": "N", "rainHour": 0.0, "pressure": 1008.5}