{"windPeak": 1.5748087445872319, "windAvg": 0.06844914, "temp": 15.222222222222221, "humidity": 61.0, "direction": "N", "rainHour": 0.0, "pressure": 1000.5625}