{"windPeak": 5.053008260198614, "windAvg": 3.003261980000001, "temp": 22.22222222222222, "humidity": 59.0, "direction": "N", "rainHour": 0.0, "pressure": 998.25}