{"windPeak": 0.0018485198841259793, "windAvg": 0.0, "temp": 21.38888888888889, "humidity": 62.0, "direction": "N", "rainHour": 0.0, "pressure": 1006.25}