{"windPeak": 3.6262036710542382, "windAvg": 2.50711752, "temp": 15.888888888888891, "humidity": 87.0, "direction": "N", "rainHour": 0.01, "pressure": 1004.5625}