{"windPeak": 1.4833715856960608e-28, "windAvg": 0.0, "temp": 17.77777777777778, "humidity": 80.0, "direction": "N", "rainHour": 0.0, "pressure": 993.875}