{"windPeak": 2.1839170748767547, "windAvg": 0.74757198, "temp": 16.722222222222225, "humidity": 74.0, "direction": "N", "rainHour": 0.0, "pressure": 1004.75}