{"windPeak": 2.4416668066851486, "windAvg": 0.32300836000000005, "temp": 35.72222222222222, "humidity": 49.0, "direction": "N", "rainHour": 0.0, "pressure": 1008.0}