{"windPeak": 2.7013222633378704, "windAvg": 0.4863020600000001, "temp": 19.000000000000004, "humidity": 85.0, "direction": "N", "rainHour": 0.0, "pressure": 995.75}