{"windPeak": 1.8780405036910683, "windAvg": 0.0, "temp": 17.27777777777778, "humidity": 87.0, "direction": "N", "rainHour": 0.0, "pressure": 993.875}