{"windPeak": 1.5218236043582793, "windAvg": 0.12437163999999999, "temp": 21.222222222222225, "humidity": 69.0, "direction": "N", "rainHour": 0.0, "pressure": 1008.75}