{"windPeak": 2.484683568066502, "windAvg": 0.35611447999999996, "temp": 18.000000000000004, "humidity": 85.0, "direction": "N", "rainHour": 0.0, "pressure": 999.0625}