{"windPeak": 4.072415531242491, "windAvg": 2.85920558, "temp": 31.611111111111114, "humidity": 53.0, "direction": "N", "rainHour": 0.0, "pressure": 1002.6875}