{"windPeak": 2.3419390523922448, "windAvg": 0.08902861999999999, "temp": 20.777777777777782, "humidity": 80.0, "direction": "N", "rainHour": 0.0, "pressure": 991.5}