{"windPeak": 0.29457811644159065, "windAvg": 0.0, "temp": 29.777777777777775, "humidity": 61.0, "direction": "N", "rainHour": 0.0, "pressure": 1005.6875}