{"windPeak": 6.155822141237926e-14, "windAvg": 0.0, "temp": 23.61111111111111, "humidity": 70.0, "direction": "N", "rainHour": 0.0, "pressure": 1003.375}