{"windPeak": 0.16797922473309587, "windAvg": 0.0, "temp": 19.000000000000004, "humidity": 59.0, "direction": "N", "rainHour": 0.0, "pressure": 1007.5625}