{"windPeak": 4.231251555804123, "windAvg": 2.74601844, "temp": 28.11111111111111, "humidity": 45.0, "direction": "N", "rainHour": 0.0, "pressure": 1004.5}