{"windPeak": 4.654447339013126e-39, "windAvg": 0.0, "temp": 23.61111111111111, "humidity": 82.0, "direction": "N", "rainHour": 0.0, "pressure": 1007.75}