{"windPeak": 10.672370389349274, "windAvg": 4.268900180000003, "temp": 26.11111111111111, "humidity": 39.0, "direction": "N", "rainHour": 0.0, "pressure": 1004.875}