{"windPeak": 8.390266531151305, "windAvg": 3.03413098, "temp": 28.277777777777782, "humidity": 59.0, "direction": "N", "rainHour": 0.0, "pressure": 1006.375}