{"windPeak": 5.209006611258899, "windAvg": 1.7188339599999998, "temp": 15.111111111111112, "humidity": 69.0, "direction": "N", "rainHour": 0.0, "pressure": 1003.0}