{"windPeak": 12.985457352619665, "windAvg": 4.60846168, "temp": 13.277777777777777, "humidity": 60.0, "direction": "N", "rainHour": 0.0, "pressure": 1004.0625}