{"windPeak": 2.800182170486935, "windAvg": 0.16553059999999997, "temp": 21.72222222222222, "humidity": 68.0, "direction": "N", "rainHour": 0.0, "pressure": 1008.375}