{"windPeak": 1.1021784845797125, "windAvg": 0.06621223999999999, "temp": 20.222222222222225, "humidity": 69.0, "direction": "N", "rainHour": 0.0, "pressure": 1004.1875}