{"windPeak": 9.291263833572373, "windAvg": 3.826441260000002, "temp": 19.27777777777778, "humidity": 67.0, "direction": "N", "rainHour": 0.0, "pressure": 1005.875}