{"windPeak": 4.1214449952528565, "windAvg": 0.7833624000000001, "temp": 20.388888888888893, "humidity": 82.0, "direction": "N", "rainHour": 0.0, "pressure": 1007.1875}