{"windPeak": 0.6796593605487973, "windAvg": 0.02281638, "temp": 21.72222222222222, "humidity": 51.0, "direction": "N", "rainHour": 0.0, "pressure": 1006.875}