{"windPeak": 4.205674246788403, "windAvg": 2.43732624, "temp": 28.277777777777782, "humidity": 48.0, "direction": "N", "rainHour": 0.0, "pressure": 1002.5625}