{"windPeak": 2.0814353391229852e-43, "windAvg": 0.0, "temp": 26.500000000000004, "humidity": 62.0, "direction": "N", "rainHour": 0.0, "pressure": 1003.25}