{"windPeak": 1.3069045809169285e-28, "windAvg": 0.0, "temp": 19.27777777777778, "humidity": 68.0, "direction": "N", "rainHour": 0.0, "pressure": 1012.0}