{"windPeak": 5.773959945918666e-37, "windAvg": 0.0, "temp": 23.88888888888889, "humidity": 78.0, "direction": "N", "rainHour": 0.0, "pressure": 1004.0}