{"windPeak": 3.293577799564403e-20, "windAvg": 0.0, "temp": 17.77777777777778, "humidity": 64.0, "direction": "N", "rainHour": 0.0, "pressure": 1006.0}