{"windPeak": 7.0176460365461715, "windAvg": 3.2707952400000018, "temp": 24.61111111111111, "humidity": 51.0, "direction": "N", "rainHour": 0.0, "pressure": 1007.75}