{"windPeak": 4.034400736216765, "windAvg": 2.5196441600000004, "temp": 27.5, "humidity": 38.0, "direction": "N", "rainHour": 0.0, "pressure": 1003.875}