{"windPeak": 7.915664704349458e-09, "windAvg": 0.0, "temp": 18.000000000000004, "humidity": 79.0, "direction": "N", "rainHour": 0.0, "pressure": 993.0}