{"windPeak": 6.064044897856924, "windAvg": 3.260505539999999, "temp": 30.388888888888893, "humidity": 41.0, "direction": "N", "rainHour": 0.0, "pressure": 1009.1875}