{"windPeak": 1.2146488323904578e-11, "windAvg": 0.0, "temp": 29.388888888888893, "humidity": 60.0, "direction": "N", "rainHour": 0.0, "pressure": 1004.375}