{"windPeak": 4.780922357362818e-09, "windAvg": 0.0, "temp": 26.222222222222225, "humidity": 76.0, "direction": "N", "rainHour": 0.0, "pressure": 1001.0625}