{"windPeak": 0.0002695346452677182, "windAvg": 0.0, "temp": 22.77777777777778, "humidity": 67.0, "direction": "N", "rainHour": 0.0, "pressure": 1009.1875}