{"windPeak": 3.300209858694895, "windAvg": 0.7627829000000002, "temp": 20.0, "humidity": 58.0, "direction": "N", "rainHour": 0.0, "pressure": 1002.5}