{"windPeak": 2.2985188074424086, "windAvg": 1.09294934, "temp": 27.222222222222225, "humidity": 56.0, "direction": "N", "rainHour": 0.0, "pressure": 1008.0625}