{"windPeak": 0.052655251370401016, "windAvg": 0.0, "temp": 19.388888888888893, "humidity": 75.0, "direction": "N", "rainHour": 0.0, "pressure": 993.5625}