{"windPeak": 1.8877172208743787, "windAvg": 0.15747776000000002, "temp": 22.611111111111114, "humidity": 81.0, "direction": "N", "rainHour": 0.0, "pressure": 1003.25}