{"windPeak": 6.5399953234650745, "windAvg": 3.4560106400000006, "temp": 19.388888888888893, "humidity": 74.0, "direction": "N", "rainHour": 0.0, "pressure": 1001.75}