{"windPeak": 3.011367777609461, "windAvg": 0.9216028, "temp": 32.22222222222222, "humidity": 53.0, "direction": "N", "rainHour": 0.0, "pressure": 1006.1875}