{"windPeak": 5.644247863191595e-39, "windAvg": 0.0, "temp": 13.111111111111112, "humidity": 82.0, "direction": "N", "rainHour": 0.0, "pressure": 1003.5625}