{"windPeak": 2.1574829661298716, "windAvg": 0.06844914, "temp": 24.22222222222222, "humidity": 80.0, "direction": "N", "rainHour": 0.0, "pressure": 1002.0625}