{"windPeak": 5.427348957585933, "windAvg": 3.4354311200000014, "temp": 24.111111111111114, "humidity": 47.0, "direction": "N", "rainHour": 0.0, "pressure": 1005.5625}