{"windPeak": 2.6537935452730506, "windAvg": 0.8813386000000001, "temp": 28.277777777777782, "humidity": 68.0, "direction": "N", "rainHour": 0.0, "pressure": 