{"windPeak": 2.673138542358756, "windAvg": 1.1247133200000001, "temp": 29.722222222222225, "humidity": 46.0, "direction": "N", "rainHour": 0.0, "pressure": 1007.6875}