{"windPeak": 6.811520611169933e-05, "windAvg": 0.0, "temp": 22.11111111111111, "humidity": 73.0, "direction": "N", "rainHour": 0.0, "pressure": 1011.6875}