{"windPeak": 3.1570086838295194e-13, "windAvg": 0.0, "temp": 9.777777777777779, "humidity": 79.0, "direction": "N", "rainHour": 0.0, "pressure": 1001.6875}