{"windPeak": 4.593077641425595e-13, "windAvg": 0.0, "temp": 18.722222222222225, "humidity": 75.0, "direction": "N", "rainHour": 0.0, "pressure": 1004.0}