{"windPeak": 5.287641852209308, "windAvg": 3.0032619800000004, "temp": 22.888888888888893, "humidity": 76.0, "direction": "N", "rainHour": 0.0, "pressure": 1000.25}