{"windPeak": 1.439433855052161e-11, "windAvg": 0.0, "temp": 24.111111111111114, "humidity": 72.0, "direction": "N", "rainHour": 0.0, "pressure": 1004.0625}