{"windPeak": 3.0020442652938137, "windAvg": 1.5322765, "temp": 30.111111111111114, "humidity": 47.0, "direction": "N", "rainHour": 0.0, "pressure": 1013.5625}