{"windPeak": 1.2569952614054998, "windAvg": 0.0, "temp": 16.27777777777778, "humidity": 87.0, "direction": "N", "rainHour": 0.0, "pressure": 1003.875}