{"windPeak": 4.889412643178006e-49, "windAvg": 0.0, "temp": 16.722222222222225, "humidity": 80.0, "direction": "N", "rainHour": 0.0, "pressure": 1013.375}