{"windPeak": 2.816502853481111, "windAvg": 0.0, "temp": 24.61111111111111, "humidity": 78.0, "direction": "N", "rainHour": 0.0, "pressure": 986.5625}