{"windPeak": 1.1420487277016673, "windAvg": 0.111845, "temp": 30.500000000000004, "humidity": 53.0, "direction": "N", "rainHour": 0.0, "pressure": 1000.75}