{"windPeak": 0.0006712320696044059, "windAvg": 0.0, "temp": 24.722222222222225, "humidity": 77.0, "direction": "N", "rainHour": 0.0, "pressure": 1002.5625}