{"windPeak": 2.2117289533494677, "windAvg": 0.5261188800000001, "temp": 18.000000000000004, "humidity": 71.0, "direction": "N", "rainHour": 0.0, "pressure": 1000.5625}