{"windPeak": 3.395272915145101, "windAvg": 1.7514926999999991, "temp": 16.77777777777778, "humidity": 71.0, "direction": "N", "rainHour": 0.0, "pressure": 1004.0}