{"windPeak": 4.711596435326812, "windAvg": 3.023841420000001, "temp": 24.111111111111114, "humidity": 52.0, "direction": "N", "rainHour": 0.0, "pressure": 1007.75}