{"windPeak": 2.770298965401274, "windAvg": 0.0559225, "temp": 27.277777777777775, "humidity": 58.0, "direction": "N", "rainHour": 0.0, "pressure": 1009.1875}