{"windPeak": 4.991536686750452, "windAvg": 3.065000380000001, "temp": 33.72222222222223, "humidity": 31.0, "direction": "N", "rainHour": 0.0, "pressure": 1006.0}