{"windPeak": 2.6699415074919663, "windAvg": 1.6244367799999992, "temp": 20.27777777777778, "humidity": 61.0, "direction": "N", "rainHour": 0.0, "pressure": 1004.25}