{"windPeak": 0.03554743953325787, "windAvg": 0.0, "temp": 29.722222222222225, "humidity": 59.0, "direction": "N", "rainHour": 0.0, "pressure": 1008.0}