{"windPeak": 1.932920333348669e-30, "windAvg": 0.0, "temp": 20.111111111111114, "humidity": 73.0, "direction": "N", "rainHour": 0.0, "pressure": 1003.0}