{"windPeak": 2.3953556798196316, "windAvg": 0.9900519400000003, "temp": 26.38888888888889, "humidity": 58.0, "direction": "N", "rainHour": 0.0, "pressure": 1013.875}