{"windPeak": 4.688404279082955, "windAvg": 2.447616, "temp": 21.0, "humidity": 80.0, "direction": "N", "rainHour": 0.0, "pressure": 991.75}