{"windPeak": 9.714500090745451, "windAvg": 4.41295658, "temp": 21.27777777777778, "humidity": 40.0, "direction": "N", "rainHour": 0.0, "pressure": 999.875}