{"windPeak": 2.6472244585581746, "windAvg": 0.7180449000000002, "temp": 26.500000000000004, "humidity": 66.0, "direction": "N", "rainHour": 0.0, "pressure": 1006.6875}