{"windPeak": 1.285024715096193, "windAvg": 0.02281638, "temp": 23.88888888888889, "humidity": 64.0, "direction": "N", "rainHour": 0.0, "pressure": 1009.0}