{"windPeak": 9.238857053794232, "windAvg": 2.62030474, "temp": 17.77777777777778, "humidity": 79.0, "direction": "N", "rainHour": 0.0, "pressure": 1006.25}