{"windPeak": 3.8298223059068937, "windAvg": 1.3546667, "temp": 24.777777777777775, "humidity": 78.0, "direction": "N", "rainHour": 0.0, "pressure": 1002.5}