{"windPeak": 3.1397130016410997, "windAvg": 1.0307635200000005, "temp": 24.22222222222222, "humidity": 45.0, "direction": "N", "rainHour": 0.0, "pressure": 1008.6875}