{"windPeak": 1.0476355779188533e-26, "windAvg": 0.0, "temp": 13.499999999999998, "humidity": 78.0, "direction": "N", "rainHour": 0.0, "pressure": 1004.0}