{"windPeak": 4.558281602676497, "windAvg": 2.67399026, "temp": 27.611111111111114, "humidity": 42.0, "direction": "N", "rainHour": 0.0, "pressure": 1010.1875}