{"windPeak": 9.822430829824393, "windAvg": 5.071500000000002, "temp": 18.111111111111107, "humidity": 48.0, "direction": "N", "rainHour": 0.0, "pressure": 999.5}