{"windPeak": 1.99567972637662e-16, "windAvg": 0.0, "temp": 18.88888888888889, "humidity": 69.0, "direction": "N", "rainHour": 0.0, "pressure": 1013.0625}