{"windPeak": 0.5015215176742519, "windAvg": 0.0, "temp": 23.88888888888889, "humidity": 75.0, "direction": "N", "rainHour": 0.0, "pressure": 1004.0}