{"windPeak": 5.4466072947478424e-05, "windAvg": 0.0, "temp": 23.388888888888886, "humidity": 61.0, "direction": "N", "rainHour": 0.0, "pressure": 1004.6875}