{"windPeak": 7.334595339771032, "windAvg": 2.3254813000000003, "temp": 32.5, "humidity": 41.0, "direction": "N", "rainHour": 0.0, "pressure": 1006.6875}