{"windPeak": 6.808060633050874e-30, "windAvg": 0.0, "temp": 19.88888888888889, "humidity": 65.0, "direction": "N", "rainHour": 0.0, "pressure": 1005.5625}