{"windPeak": 7.690911702368667e-22, "windAvg": 0.0, "temp": 21.38888888888889, "humidity": 83.0, "direction": "N", "rainHour": 0.0, "pressure": 1004.6875}