{"windPeak": 1.696505867484551, "windAvg": 0.31271862, "temp": 25.222222222222225, "humidity": 68.0, "direction": "N", "rainHour": 0.0, "pressure": 1006.5}