{"windPeak": 6.355859789682067e-08, "windAvg": 0.0, "temp": 22.11111111111111, "humidity": 74.0, "direction": "N", "rainHour": 0.0, "pressure": 1011.875}