{"windPeak": 2.458774383131439, "windAvg": 0.4898810999999999, "temp": 28.722222222222225, "humidity": 62.0, "direction": "N", "rainHour": 0.0, "pressure": 1007.6875}