{"windPeak": 7.121576937513716, "windAvg": 3.39427214, "temp": 14.38888888888889, "humidity": 88.0, "direction": "N", "rainHour": 0.0, "pressure": 999.6875}