{"windPeak": 4.430929901055279, "windAvg": 1.9165759199999997, "temp": 23.000000000000004, "humidity": 68.0, "direction": "N", "rainHour": 0.0, "pressure": 990.5625}