{"windPeak": 3.1291750421184155, "windAvg": 1.5609088199999999, "temp": 21.38888888888889, "humidity": 77.0, "direction": "N", "rainHour": 0.0, "pressure": 1006.25}