{"windPeak": 2.3421892854028836e-40, "windAvg": 0.0, "temp": 25.388888888888893, "humidity": 61.0, "direction": "N", "rainHour": 0.0, "pressure": 1003.375}