{"windPeak": 4.522279269311618, "windAvg": 2.766597920000001, "temp": 23.277777777777782, "humidity": 74.0, "direction": "N", "rainHour": 0.0, "pressure": 1000.75}