{"windPeak": 3.575051574770197, "windAvg": 1.941181819999999, "temp": 32.0, "humidity": 57.0, "direction": "N", "rainHour": 0.0, "pressure": 1006.875}