{"windPeak": 0.012122630154364301, "windAvg": 0.0, "temp": 20.500000000000004, "humidity": 59.0, "direction": "N", "rainHour": 0.0, "pressure": 1006.75}