{"windPeak": 8.5937619587627e-06, "windAvg": 0.0, "temp": 25.777777777777782, "humidity": 56.0, "direction": "N", "rainHour": 0.0, "pressure": 1003.5}