{"windPeak": 1.3632578298497907e-31, "windAvg": 0.0, "temp": 26.11111111111111, "humidity": 64.0, "direction": "N", "rainHour": 0.0, "pressure": 1011.6875}