{"windPeak": 4.2012987803204656, "windAvg": 2.4681954600000005, "temp": 30.111111111111114, "humidity": 38.0, "direction": "N", "rainHour": 0.0, "pressure": 1006.1875}