{"windPeak": 10.015444384489532, "windAvg": 3.898469580000001, "temp": 14.777777777777779, "humidity": 84.0, "direction": "N", "rainHour": 0.0, "pressure": 1004.0}