{"windPeak": 0.0685900049854565, "windAvg": 0.0, "temp": 24.499999999999996, "humidity": 75.0, "direction": "N", "rainHour": 0.0, "pressure": 1007.875}