{"windPeak": 9.275263746535282, "windAvg": 3.970497760000002, "temp": 15.722222222222221, "humidity": 82.0, "direction": "N", "rainHour": 0.0, "pressure": 1005.1875}