{"windPeak": 3.816409634925528, "windAvg": 2.4681954599999996, "temp": 26.38888888888889, "humidity": 65.0, "direction": "N", "rainHour": 0.0, "pressure": 1007.5}