{"windPeak": 6.424267278294967, "windAvg": 4.23803104, "temp": 26.38888888888889, "humidity": 38.0, "direction": "N", "rainHour": 0.0, "pressure": 1004.75}