{"windPeak": 3.3440844559678555, "windAvg": 1.34303476, "temp": 31.888888888888893, "humidity": 58.0, "direction": "N", "rainHour": 0.0, "pressure": 1011.875}