{"windPeak": 0.003027948601920945, "windAvg": 0.0, "temp": 25.777777777777782, "humidity": 61.0, "direction": "N", "rainHour": 0.0, "pressure": 1008.5625}