{"windPeak": 6.23486856282448, "windAvg": 3.1965301999999998, "temp": 29.111111111111114, "humidity": 43.0, "direction": "N", "rainHour": 0.0, "pressure": 996.75}