{"windPeak": 1.2771271649522655e-05, "windAvg": 0.0, "temp": 10.999999999999998, "humidity": 75.0, "direction": "N", "rainHour": 0.0, "pressure": 1001.1875}