{"windPeak": 1.6062378791158647, "windAvg": 0.13689828, "temp": 20.611111111111107, "humidity": 74.0, "direction": "N", "rainHour": 0.0, "pressure": 1009.0625}