{"windPeak": 5.163171871288649, "windAvg": 3.1061594399999994, "temp": 26.38888888888889, "humidity": 62.0, "direction": "N", "rainHour": 0.0, "pressure": 1007.875}