{"windPeak": 3.0600500521807197, "windAvg": 0.41561602000000003, "temp": 23.388888888888886, "humidity": 48.0, "direction": "N", "rainHour": 0.0, "pressure": 1004.5625}