{"windPeak": 2.4629699281675728, "windAvg": 1.4235631600000007, "temp": 18.111111111111107, "humidity": 85.0, "direction": "N", "rainHour": 0.0, "pressure": 999.0}