{"windPeak": 3.155432528814156, "windAvg": 0.7341505799999999, "temp": 22.888888888888893, "humidity": 80.0, "direction": "N", "rainHour": 0.0, "pressure": 989.1875}