{"windPeak": 1.5810198610406445, "windAvg": 0.32524526000000004, "temp": 23.722222222222225, "humidity": 57.0, "direction": "N", "rainHour": 0.0, "pressure": 1004.5625}