{"windPeak": 5.6949203798432626e-15, "windAvg": 0.0, "temp": 21.888888888888893, "humidity": 74.0, "direction": "N", "rainHour": 0.0, "pressure": 1009.0}