{"windPeak": 10.715300379561143, "windAvg": 4.464405120000001, "temp": 14.222222222222223, "humidity": 88.0, "direction": "N", "rainHour": 0.0, "pressure": 1000.1875}