{"windPeak": 1.713497562809281, "windAvg": 0.4496169, "temp": 24.61111111111111, "humidity": 57.0, "direction": "N", "rainHour": 0.0, "pressure": 1006.6875}