{"windPeak": 3.80111941913472, "windAvg": 2.2521109199999993, "temp": -40.0, "humidity": 0.0, "direction": "N", "rainHour": 0.0, "pressure": 1002.75}