{"windPeak": 4.509569514263011, "windAvg": 1.5094601199999993, "temp": 26.611111111111114, "humidity": 51.0, "direction": "N", "rainHour": 0.0, "pressure": 1014.5625}