{"windPeak": 3.636582811416284, "windAvg": 2.2109519599999996, "temp": 31.222222222222225, "humidity": 44.0, "direction": "N", "rainHour": 0.0, "pressure": 1006.0}