{"windPeak": 5.421026677371707e-07, "windAvg": 0.0, "temp": 25.500000000000004, "humidity": 78.0, "direction": "N", "rainHour": 0.0, "pressure": 1007.875}