{"windPeak": 1.7351342457230265, "windAvg": 0.48317041999999993, "temp": -40.0, "humidity": 0.0, "direction": "N", "rainHour": 0.0, "pressure": 1002.5}