{"windPeak": 4.1743445816069045, "windAvg": 2.67399026, "temp": 29.499999999999996, "humidity": 45.0, "direction": "N", "rainHour": 0.0, "pressure": 1007.875}