{"windPeak": 4.158730121674948e-07, "windAvg": 0.0, "temp": 24.88888888888889, "humidity": 72.0, "direction": "N", "rainHour": 0.0, "pressure": 1004.5}