{"windPeak": 2.750651185459706e-18, "windAvg": 0.0, "temp": 16.61111111111111, "humidity": 75.0, "direction": "N", "rainHour": 0.0, "pressure": 1000.375}