{"windPeak": 2.9368296494124126, "windAvg": 0.37445706, "temp": 23.5, "humidity": 85.0, "direction": "N", "rainHour": 0.0, "pressure": 997.5}