{"windPeak": 1.722039441730179e-32, "windAvg": 0.0, "temp": 18.277777777777782, "humidity": 82.0, "direction": "N", "rainHour": 0.0, "pressure": 999.5}