{"windPeak": 1.375347505258244e-05, "windAvg": 0.0, "temp": 22.38888888888889, "humidity": 67.0, "direction": "N", "rainHour": 0.0, "pressure": 1008.375}