{"windPeak": 1.1163858640867508, "windAvg": 0.033106119999999996, "temp": 16.38888888888889, "humidity": 86.0, "direction": "N", "rainHour": 0.0, "pressure": 1010.0625}