{"windPeak": 3.750063332460976, "windAvg": 2.085238179999999, "temp": 19.777777777777775, "humidity": 56.0, "direction": "N", "rainHour": 0.0, "pressure": 1003.25}