{"windPeak": 4.828600177195654e-10, "windAvg": 0.0, "temp": 25.72222222222222, "humidity": 67.0, "direction": "N", "rainHour": 0.0, "pressure": 1004.0}