{"windPeak": 1.7735023953613008e-19, "windAvg": 0.0, "temp": 19.22222222222222, "humidity": 68.0, "direction": "N", "rainHour": 0.0, "pressure": 1013.0625}