{"windPeak": 3.558462133582483, "windAvg": 1.9367080199999998, "temp": 18.722222222222225, "humidity": 59.0, "direction": "N", "rainHour": 0.0, "pressure": 1003.25}