{"windPeak": 5.59904941139524, "windAvg": 3.1267388600000006, "temp": 28.11111111111111, "humidity": 58.0, "direction": "N", "rainHour": 0.0, "pressure": 1007.75}