{"windPeak": 1.8491273498611816e-41, "windAvg": 0.0, "temp": 18.111111111111107, "humidity": 72.0, "direction": "N", "rainHour": 0.0, "pressure": 996.0}