{"windPeak": 5.752489729779842, "windAvg": 3.085579900000001, "temp": 24.777777777777775, "humidity": 63.0, "direction": "N", "rainHour": 0.0, "pressure": 996.0}