{"windPeak": 6.482546060381145e-33, "windAvg": 0.0, "temp": 12.888888888888891, "humidity": 80.0, "direction": "N", "rainHour": 0.0, "pressure": 1003.5625}