{"windPeak": 0.00044329209377991273, "windAvg": 0.0, "temp": 11.38888888888889, "humidity": 84.0, "direction": "N", "rainHour": 0.0, "pressure": 1009.375}