{"windPeak": 1.3991003814059157, "windAvg": 0.53104006, "temp": 23.722222222222225, "humidity": 51.0, "direction": "N", "rainHour": 0.0, "pressure": 1012.5}