{"windPeak": 5.4756610264292955e-30, "windAvg": 0.0, "temp": 12.222222222222223, "humidity": 84.0, "direction": "N", "rainHour": 0.0, "pressure": 1013.0}