{"windPeak": 4.264159390067547, "windAvg": 2.091054120000001, "temp": 21.611111111111114, "humidity": 77.0, "direction": "N", "rainHour": 0.0, "pressure": 992.75}