{"windPeak": 8.904948154810027e-80, "windAvg": 0.0, "temp": 24.388888888888893, "humidity": 80.0, "direction": "N", "rainHour": 0.0, "pressure": 1003.0}