{"windPeak": 2.9675375584918722e-05, "windAvg": 0.0, "temp": 25.500000000000004, "humidity": 78.0, "direction": "N", "rainHour": 0.0, "pressure": 1001.25}