{"windPeak": 2.99910092107253e-31, "windAvg": 0.0, "temp": 10.277777777777779, "humidity": 85.0, "direction": "N", "rainHour": 0.0, "pressure": 1004.25}