{"windPeak": 4.182243692805026e-20, "windAvg": 0.0, "temp": 20.72222222222222, "humidity": 71.0, "direction": "N", "rainHour": 0.0, "pressure": 1007.6875}