{"windPeak": 4.194813293406182, "windAvg": 2.62254156, "temp": 24.22222222222222, "humidity": 84.0, "direction": "N", "rainHour": 0.0, "pressure": 988.0}