{"windPeak": 0.9441621166302279, "windAvg": 0.0, "temp": 24.722222222222225, "humidity": 75.0, "direction": "N", "rainHour": 0.0, "pressure": 1008.875}