{"windPeak": 2.9026118187133183, "windAvg": 2.0874750799999995, "temp": 18.388888888888886, "humidity": 69.0, "direction": "N", "rainHour": 0.0, "pressure": 1007.25}