{"windPeak": 2.3253967516791327, "windAvg": 0.13242447999999998, "temp": 23.000000000000004, "humidity": 52.0, "direction": "N", "rainHour": 0.0, "pressure": 1010.75}