{"windPeak": 2.5008505207959244, "windAvg": 0.4988286999999999, "temp": 21.27777777777778, "humidity": 69.0, "direction": "N", "rainHour": 0.0, "pressure": 1008.5625}