{"windPeak": 6.7926899266410675e-12, "windAvg": 0.0, "temp": 20.888888888888886, "humidity": 71.0, "direction": "N", "rainHour": 0.0, "pressure": 998.0}