{"windPeak": 6.924087102539343, "windAvg": 2.4225627199999993, "temp": 18.22222222222222, "humidity": 88.0, "direction": "N", "rainHour": 0.0, "pressure": 994.1875}