{"windPeak": 3.7040215949486903, "windAvg": 1.2025574400000003, "temp": 16.27777777777778, "humidity": 87.0, "direction": "N", "rainHour": 0.0, "pressure": 1006.0}