{"windPeak": 1.1729324090231102e-11, "windAvg": 0.0, "temp": 16.61111111111111, "humidity": 70.0, "direction": "N", "rainHour": 0.0, "pressure": 1007.1875}