{"windPeak": 1.6077721505237441, "windAvg": 0.24874328000000007, "temp": 17.38888888888889, "humidity": 70.0, "direction": "N", "rainHour": 0.0, "pressure": 1003.875}