{"windPeak": 8.271014877379015, "windAvg": 5.277294859999999, "temp": 28.77777777777778, "humidity": 45.0, "direction": "N", "rainHour": 0.0, "pressure": 993.5625}