{"windPeak": 9.485801767117318, "windAvg": 3.6515158, "temp": 26.72222222222222, "humidity": 41.0, "direction": "N", "rainHour": 0.0, "pressure": 1004.75}