{"windPeak": 9.54335682425778e-77, "windAvg": 0.0, "temp": 23.722222222222225, "humidity": 80.0, "direction": "N", "rainHour": 0.0, "pressure": 1003.5625}