{"windPeak": 1.4136221838553564, "windAvg": 0.0, "temp": 36.27777777777778, "humidity": 47.0, "direction": "N", "rainHour": 0.0, "pressure": 1002.0625}