{"windPeak": 3.31004417125871e-20, "windAvg": 0.0, "temp": 17.11111111111111, "humidity": 82.0, "direction": "N", "rainHour": 0.0, "pressure": 993.0625}