{"windPeak": 9.766862869220742e-09, "windAvg": 0.0, "temp": 22.22222222222222, "humidity": 82.0, "direction": "N", "rainHour": 0.0, "pressure": 1007.0625}