{"windPeak": 1.2944954539842348e-09, "windAvg": 0.0, "temp": 21.611111111111114, "humidity": 73.0, "direction": "N", "rainHour": 0.0, "pressure": 1009.0625}