{"windPeak": 1.6872046198522521, "windAvg": 0.13466138, "temp": 18.277777777777782, "humidity": 85.0, "direction": "N", "rainHour": 0.0, "pressure": 1003.1875}