{"windPeak": 2.2374287788907063e-32, "windAvg": 0.0, "temp": 26.777777777777782, "humidity": 60.0, "direction": "N", "rainHour": 0.0, "pressure": 1008.5}