{"windPeak": 3.954865918364503, "windAvg": 2.29326988, "temp": 33.5, "humidity": 55.0, "direction": "N", "rainHour": 0.0, "pressure": 1005.25}