{"windPeak": 4.919648197852516, "windAvg": 2.43732626, "temp": 18.277777777777782, "humidity": 87.0, "direction": "N", "rainHour": 0.0, "pressure": 994.6875}