{"windPeak": 0.049873471249586, "windAvg": 0.0, "temp": 23.388888888888886, "humidity": 66.0, "direction": "N", "rainHour": 0.0, "pressure": 1009.0625}