{"windPeak": 3.182867855933389, "windAvg": 2.19037248, "temp": 27.722222222222225, "humidity": 53.0, "direction": "N", "rainHour": 0.0, "pressure": 1014.1875}