{"windPeak": 0.935904672735304, "windAvg": 0.0, "temp": 27.38888888888889, "humidity": 55.0, "direction": "N", "rainHour": 0.0, "pressure": 1007.75}