{"windPeak": 3.325358050903653, "windAvg": 1.2625063600000006, "temp": 17.888888888888893, "humidity": 86.0, "direction": "N", "rainHour": 0.0, "pressure": 989.5625}