{"windPeak": 5.556758560957135, "windAvg": 2.1836618, "temp": 30.777777777777782, "humidity": 63.0, "direction": "N", "rainHour": 0.0, "pressure": 1007.875}