{"windPeak": 1.6568368161068585, "windAvg": 0.0, "temp": 37.88888888888889, "humidity": 46.0, "direction": "N", "rainHour": 0.0, "pressure": 1008.0}