{"windPeak": 6.878124428321807, "windAvg": 3.4457208200000013, "temp": 25.388888888888893, "humidity": 45.0, "direction": "N", "rainHour": 0.0, "pressure": 1006.5625}