{"windPeak": 5.283704291859767, "windAvg": 2.5907776200000012, "temp": 28.388888888888886, "humidity": 38.0, "direction": "N", "rainHour": 0.0, "pressure": 1006.75}