{"windPeak": 1.0257489962940918, "windAvg": 0.02281638, "temp": 25.111111111111114, "humidity": 62.0, "direction": "N", "rainHour": 0.0, "pressure": 1008.875}