{"windPeak": 1.5913944823680085e-09, "windAvg": 0.0, "temp": 14.722222222222223, "humidity": 85.0, "direction": "N", "rainHour": 0.0, "pressure": 1005.25}