{"windPeak": 0.00015875474589708262, "windAvg": 0.0, "temp": 21.888888888888893, "humidity": 70.0, "direction": "N", "rainHour": 0.0, "pressure": 1002.75}