{"windPeak": 2.9172850702209425, "windAvg": 0.18387318, "temp": 21.222222222222225, "humidity": 80.0, "direction": "N", "rainHour": 0.0, "pressure": 1007.25}