{"windPeak": 4.819914023732755e-18, "windAvg": 0.0, "temp": 21.77777777777778, "humidity": 76.0, "direction": "N", "rainHour": 0.0, "pressure": 1009.0625}