{"windPeak": 3.64338406971777, "windAvg": 2.2521109199999993, "temp": 37.77777777777778, "humidity": 34.0, "direction": "N", "rainHour": 0.0, "pressure": 1007.5}