{"windPeak": 0.4654102291855402, "windAvg": 0.0, "temp": 10.222222222222221, "humidity": 67.0, "direction": "N", "rainHour": 0.0, "pressure": 1000.1875}