{"windPeak": 4.865532977055675, "windAvg": 2.81804664, "temp": 28.11111111111111, "humidity": 34.0, "direction": "N", "rainHour": 0.0, "pressure": 1005.375}