{"windPeak": 8.454550042134927e-06, "windAvg": 0.0, "temp": 16.88888888888889, "humidity": 71.0, "direction": "N", "rainHour": 0.0, "pressure": 1010.875}