{"windPeak": 3.852532032451182, "windAvg": 2.1425028199999994, "temp": -40.0, "humidity": 0.0, "direction": "N", "rainHour": 0.0, "pressure": 1007.6875}