{"windPeak": 1.2161840125385903, "windAvg": 0.0, "temp": 25.72222222222222, "humidity": 71.0, "direction": "N", "rainHour": 0.0, "pressure": 1006.75}