{"windPeak": 7.4689211501799715, "windAvg": 3.754413120000001, "temp": 19.000000000000004, "humidity": 82.0, "direction": "N", "rainHour": 0.0, "pressure": 997.6875}