{"windPeak": 2.0550052829236345e-56, "windAvg": 0.0, "temp": 15.611111111111112, "humidity": 82.0, "direction": "N", "rainHour": 0.0, "pressure": 1004.1875}