{"windPeak": 3.3867993748518277, "windAvg": 1.5327238799999998, "temp": 25.888888888888886, "humidity": 78.0, "direction": "N", "rainHour": 0.0, "pressure": 988.0625}