{"windPeak": 4.536492126688621, "windAvg": 2.5151703800000003, "temp": 23.88888888888889, "humidity": 54.0, "direction": "N", "rainHour": 0.0, "pressure": 1007.75}