{"windPeak": 5.166238804881432e-30, "windAvg": 0.0, "temp": 23.277777777777782, "humidity": 70.0, "direction": "N", "rainHour": 0.0, "pressure": 1006.75}