{"windPeak": 0.9165566092156241, "windAvg": 0.02281638, "temp": 14.11111111111111, "humidity": 83.0, "direction": "N", "rainHour": 0.0, "pressure": 1006.0}