{"windPeak": 1.6961494185884145, "windAvg": 0.0559225, "temp": 29.88888888888889, "humidity": 50.0, "direction": "N", "rainHour": 0.0, "pressure": 1001.75}