{"windPeak": 10.947209119718163, "windAvg": 5.843230579999999, "temp": 20.500000000000004, "humidity": 42.0, "direction": "N", "rainHour": 0.0, "pressure": 1000.5}