{"windPeak": 2.4842444797770873, "windAvg": 0.36774636, "temp": 22.888888888888893, "humidity": 78.0, "direction": "N", "rainHour": 0.0, "pressure": 999.875}