{"windPeak": 4.381821475910493, "windAvg": 0.6576486199999999, "temp": 13.611111111111112, "humidity": 85.0, "direction": "N", "rainHour": 0.0, "pressure": 1005.5}