{"windPeak": 0.3756509763635682, "windAvg": 0.0, "temp": 36.111111111111114, "humidity": 39.0, "direction": "N", "rainHour": 0.0, "pressure": 1003.0}