{"windPeak": 1.176243418410164, "windAvg": 1.1408190000000002, "temp": -40.0, "humidity": 0.0, "direction": "N", "rainHour": 0.0, "pressure": 1006.75}