{"windPeak": 4.985272242293868, "windAvg": 3.486879820000002, "temp": 18.277777777777782, "humidity": 87.0, "direction": "N", "rainHour": 0.0, "pressure": 998.6875}