{"windPeak": 0.6543086330471863, "windAvg": 0.07426508, "temp": 22.722222222222225, "humidity": 44.0, "direction": "N", "rainHour": 0.0, "pressure": 1010.75}