{"windPeak": 4.109323184456234, "windAvg": 2.08076438, "temp": 25.888888888888886, "humidity": 48.0, "direction": "N", "rainHour": 0.0, "pressure": 1000.0625}