{"windPeak": 3.9443979515064753, "windAvg": 2.5894354400000004, "temp": 18.61111111111111, "humidity": 87.0, "direction": "N", "rainHour": 0.0, "pressure": 997.0}