{"windPeak": 4.812316460428824, "windAvg": 2.4887749400000003, "temp": 28.000000000000004, "humidity": 53.0, "direction": "N", "rainHour": 0.0, "pressure": 996.1875}