{"windPeak": 0.5862798750970147, "windAvg": 0.0, "temp": 30.111111111111114, "humidity": 74.0, "direction": "N", "rainHour": 0.0, "pressure": 999.75}