{"windPeak": 4.094334405135492, "windAvg": 1.7586507799999995, "temp": 25.72222222222222, "humidity": 63.0, "direction": "N", "rainHour": 0.0, "pressure": 1009.375}