{"windPeak": 5.069126222680049, "windAvg": 2.9003645400000018, "temp": 23.88888888888889, "humidity": 41.0, "direction": "N", "rainHour": 0.0, "pressure": 1007.375}