{"windPeak": 2.5445003260112875, "windAvg": 1.0303161400000003, "temp": -40.0, "humidity": 0.0, "direction": "N", "rainHour": 0.0, "pressure": 1007.75}