{"windPeak": 5.693543194265706, "windAvg": 3.5589080600000016, "temp": 24.22222222222222, "humidity": 72.0, "direction": "N", "rainHour": 0.0, "pressure": 990.0}