{"windPeak": 0.7635622662787114, "windAvg": 0.0, "temp": 21.999999999999996, "humidity": 56.0, "direction": "N", "rainHour": 0.0, "pressure": 1004.6875}