{"windPeak": 5.078882129950681, "windAvg": 3.1884772800000007, "temp": 27.11111111111111, "humidity": 53.0, "direction": "N", "rainHour": 0.0, "pressure": 1003.0625}