{"windPeak": 1.3812733295147068e-48, "windAvg": 0.0, "temp": 21.72222222222222, "humidity": 81.0, "direction": "N", "rainHour": 0.0, "pressure": 1003.0}