{"windPeak": 4.192183840700606, "windAvg": 2.5299339000000005, "temp": 19.111111111111114, "humidity": 66.0, "direction": "N", "rainHour": 0.0, "pressure": 1004.5625}