{"windPeak": 5.127795682824794, "windAvg": 2.651173919999999, "temp": 27.77777777777778, "humidity": 71.0, "direction": "N", "rainHour": 0.0, "pressure": 1008.0}