{"windPeak": 9.924185043861114e-67, "windAvg": 0.0, "temp": 27.888888888888893, "humidity": 49.0, "direction": "N", "rainHour": 0.0, "pressure": 1008.75}