{"windPeak": 5.598311954204395, "windAvg": 2.65117394, "temp": 29.22222222222222, "humidity": 32.0, "direction": "N", "rainHour": 0.0, "pressure": 1005.5625}