{"windPeak": 4.345078481270086e-52, "windAvg": 0.0, "temp": 19.777777777777775, "humidity": 70.0, "direction": "N", "rainHour": 0.0, "pressure": 1013.25}