{"windPeak": 7.035022706978435e-11, "windAvg": 0.0, "temp": 28.11111111111111, "humidity": 62.0, "direction": "N", "rainHour": 0.0, "pressure": 1004.375}