{"windPeak": 3.202129324585958, "windAvg": 1.9550505999999996, "temp": 17.38888888888889, "humidity": 80.0, "direction": "N", "rainHour": 0.0, "pressure": 1007.5625}