{"windPeak": 3.203494624538853, "windAvg": 1.4020889200000002, "temp": 22.11111111111111, "humidity": 74.0, "direction": "N", "rainHour": 0.0, "pressure": 1011.75}