{"windPeak": 4.706707003361742, "windAvg": 3.1884773200000005, "temp": 24.111111111111114, "humidity": 53.0, "direction": "N", "rainHour": 0.0, "pressure": 1007.6875}