{"windPeak": 1.3227193732597153e-27, "windAvg": 0.0, "temp": 19.88888888888889, "humidity": 65.0, "direction": "N", "rainHour": 0.0, "pressure": 1005.5625}