{"windPeak": 1.829741847492462e-11, "windAvg": 0.0, "temp": 17.77777777777778, "humidity": 71.0, "direction": "N", "rainHour": 0.0, "pressure": 1000.0625}