{"windPeak": 0.22447799240475247, "windAvg": 0.0, "temp": 22.38888888888889, "humidity": 72.0, "direction": "N", "rainHour": 0.0, "pressure": 1005.1875}