{"windPeak": 7.835408907682042e-28, "windAvg": 0.0, "temp": 21.999999999999996, "humidity": 80.0, "direction": "N", "rainHour": 0.0, "pressure": 1003.6875}