{"windPeak": 2.470273744103015, "windAvg": 0.8813386000000001, "temp": 25.111111111111114, "humidity": 75.0, "direction": "N", "rainHour": 0.0, "pressure": 1013.1875}