{"windPeak": 4.184788543552626, "windAvg": 2.59167234, "temp": 28.388888888888886, "humidity": 42.0, "direction": "N", "rainHour": 0.0, "pressure": 1008.0}