{"windPeak": 5.102413388560491, "windAvg": 1.42893172, "temp": -40.0, "humidity": 0.0, "direction": "N", "rainHour": 0.0, "pressure": 1007.0625}