{"windPeak": 3.452745459844642e-06, "windAvg": 0.0, "temp": 21.77777777777778, "humidity": 69.0, "direction": "N", "rainHour": 0.0, "pressure": 1009.5}