{"windPeak": 2.6935691908007495, "windAvg": 1.8177049399999998, "temp": 22.277777777777775, "humidity": 67.0, "direction": "N", "rainHour": 0.0, "pressure": 1005.75}