{"windPeak": 1.2028711891263094e-40, "windAvg": 0.0, "temp": 12.777777777777779, "humidity": 82.0, "direction": "N", "rainHour": 0.0, "pressure": 1013.1875}