{"windPeak": 2.237273544238691, "windAvg": 1.6096732400000002, "temp": 25.222222222222225, "humidity": 68.0, "direction": "N", "rainHour": 0.0, "pressure": 1004.6875}