{"windPeak": 4.111704561739227, "windAvg": 1.98234078, "temp": 26.0, "humidity": 70.0, "direction": "N", "rainHour": 0.0, "pressure": 1003.0625}