{"windPeak": 4.67693020412443, "windAvg": 1.74836106, "temp": 28.388888888888886, "humidity": 44.0, "direction": "N", "rainHour": 0.0, "pressure": 1014.5625}