{"windPeak": 5.2704984568880295, "windAvg": 2.8797850800000004, "temp": 24.388888888888893, "humidity": 85.0, "direction": "N", "rainHour": 0.0, "pressure": 990.6875}