{"windPeak": 6.176251922985035, "windAvg": 3.744123360000002, "temp": 26.611111111111114, "humidity": 51.0, "direction": "N", "rainHour": 0.0, "pressure": 1002.75}