{"windPeak": 7.764732582047548e-19, "windAvg": 0.0, "temp": 25.111111111111114, "humidity": 70.0, "direction": "N", "rainHour": 0.0, "pressure": 1010.875}