{"windPeak": 3.042018383748164e-23, "windAvg": 0.0, "temp": 27.222222222222225, "humidity": 64.0, "direction": "N", "rainHour": 0.0, "pressure": 1011.0625}