{"windPeak": 4.790642063190912, "windAvg": 3.198767020000002, "temp": 17.888888888888893, "humidity": 87.0, "direction": "N", "rainHour": 0.0, "pressure": 997.25}