{"windPeak": 3.4005350182092324, "windAvg": 1.1703460800000003, "temp": 27.5, "humidity": 52.0, "direction": "N", "rainHour": 0.0, "pressure": 1007.6875}