{"windPeak": 5.434726507989892, "windAvg": 2.67399028, "temp": 23.277777777777782, "humidity": 72.0, "direction": "N", "rainHour": 0.0, "pressure": 996.1875}