{"windPeak": 6.70572283844446e-08, "windAvg": 0.0, "temp": 24.22222222222222, "humidity": 60.0, "direction": "N", "rainHour": 0.0, "pressure": 1007.875}