{"windPeak": 0.0016553828573525186, "windAvg": 0.0, "temp": 23.388888888888886, "humidity": 69.0, "direction": "N", "rainHour": 0.0, "pressure": 1008.875}