{"windPeak": 8.21094378719256, "windAvg": 4.1351336000000005, "temp": 17.611111111111114, "humidity": 80.0, "direction": "N", "rainHour": 0.0, "pressure": 999.375}