{"windPeak": 8.843951767343982e-20, "windAvg": 0.0, "temp": 15.777777777777779, "humidity": 80.0, "direction": "N", "rainHour": 0.0, "pressure": 1001.75}