{"windPeak": 3.7681285389950383, "windAvg": 1.94118182, "temp": 29.499999999999996, "humidity": 64.0, "direction": "N", "rainHour": 0.0, "pressure": 1000.6875}