{"windPeak": 0.0064650687170679155, "windAvg": 0.0, "temp": 26.777777777777782, "humidity": 68.0, "direction": "N", "rainHour": 0.0, "pressure": 1000.875}