{"windPeak": 6.725316485873465, "windAvg": 3.744123340000002, "temp": 18.77777777777778, "humidity": 78.0, "direction": "N", "rainHour": 0.0, "pressure": 1001.5}