{"windPeak": 8.482997472914315e-09, "windAvg": 0.0, "temp": 25.61111111111111, "humidity": 72.0, "direction": "N", "rainHour": 0.0, "pressure": 1007.5625}