{"windPeak": 5.266197420521338, "windAvg": 2.70485948, "temp": 29.277777777777782, "humidity": 44.0, "direction": "N", "rainHour": 0.0, "pressure": 1007.75}