{"windPeak": 3.5010563936931036, "windAvg": 0.36774636, "temp": 21.999999999999996, "humidity": 82.0, "direction": "N", "rainHour": 0.0, "pressure": 1000.0}