{"windPeak": 13.251646811132677, "windAvg": 5.17439762, "temp": 19.72222222222222, "humidity": 46.0, "direction": "N", "rainHour": 0.0, "pressure": 999.0}