{"windPeak": 2.335781062006493e-29, "windAvg": 0.0, "temp": 22.11111111111111, "humidity": 80.0, "direction": "N", "rainHour": 0.0, "pressure": 1003.6875}