{"windPeak": 5.215464659654299, "windAvg": 3.250215740000001, "temp": 24.388888888888893, "humidity": 66.0, "direction": "N", "rainHour": 0.0, "pressure": 990.5625}