{"windPeak": 1.3092154597661161e-32, "windAvg": 0.0, "temp": 24.000000000000004, "humidity": 80.0, "direction": "N", "rainHour": 0.0, "pressure": 1002.75}