{"windPeak": 0.26099938390608984, "windAvg": 0.0, "temp": 22.277777777777775, "humidity": 82.0, "direction": "N", "rainHour": 0.0, "pressure": 1003.25}