{"windPeak": 6.309679899033218, "windAvg": 2.4843011999999995, "temp": 25.111111111111114, "humidity": 55.0, "direction": "N", "rainHour": 0.0, "pressure": 1005.1875}