{"windPeak": 1.1003809442645864, "windAvg": 0.06844914, "temp": 24.388888888888893, "humidity": 54.0, "direction": "N", "rainHour": 0.0, "pressure": 1004.25}