{"windPeak": 3.3815890745672885e-13, "windAvg": 0.0, "temp": 22.77777777777778, "humidity": 65.0, "direction": "N", "rainHour": 0.0, "pressure": 1007.5625}