{"windPeak": 4.524233904751843, "windAvg": 2.34471858, "temp": 26.0, "humidity": 70.0, "direction": "N", "rainHour": 0.0, "pressure": 1007.0}