{"windPeak": 3.1052624313505506, "windAvg": 1.5345133999999996, "temp": 24.277777777777782, "humidity": 71.0, "direction": "N", "rainHour": 0.0, "pressure": 1006.25}