{"windPeak": 4.122055243112304, "windAvg": 2.48877494, "temp": 20.0, "humidity": 77.0, "direction": "N", "rainHour": 0.0, "pressure": 990.875}