{"windPeak": 0.04992129101125792, "windAvg": 0.0, "temp": 20.27777777777778, "humidity": 72.0, "direction": "N", "rainHour": 0.0, "pressure": 1009.25}