{"windPeak": 6.257139423424799e-11, "windAvg": 0.0, "temp": 22.77777777777778, "humidity": 66.0, "direction": "N", "rainHour": 0.0, "pressure": 1007.6875}