{"windPeak": 6.749093104673671, "windAvg": 3.14731838, "temp": 20.500000000000004, "humidity": 57.0, "direction": "N", "rainHour": 0.0, "pressure": 1006.0625}