{"windPeak": 3.405152422951283, "windAvg": 2.4990646800000005, "temp": 34.77777777777778, "humidity": 52.0, "direction": "N", "rainHour": 0.0, "pressure": 1000.875}