{"windPeak": 3.7133263424845997, "windAvg": 2.3035596199999997, "temp": 30.61111111111111, "humidity": 47.0, "direction": "N", "rainHour": 0.0, "pressure": 1009.0625}