{"windPeak": 2.2159036946329325, "windAvg": 0.4863020599999999, "temp": 17.27777777777778, "humidity": 86.0, "direction": "N", "rainHour": 0.0, "pressure": 1002.875}