{"windPeak": 2.074891181080188e-26, "windAvg": 0.0, "temp": 21.38888888888889, "humidity": 70.0, "direction": "N", "rainHour": 0.0, "pressure": 1003.1875}