{"windPeak": 1.3524340112399893, "windAvg": 0.11408190000000001, "temp": 18.111111111111107, "humidity": 63.0, "direction": "N", "rainHour": 0.0, "pressure": 1006.5}