{"windPeak": 3.3085362283345523, "windAvg": 1.88525932, "temp": 17.72222222222222, "humidity": 88.0, "direction": "N", "rainHour": 0.0, "pressure": 993.375}