{"windPeak": 1.7782143007036573e-08, "windAvg": 0.0, "temp": 24.88888888888889, "humidity": 79.0, "direction": "N", "rainHour": 0.0, "pressure": 1002.75}