{"windPeak": 5.823447488259088, "windAvg": 3.3839824400000014, "temp": 29.499999999999996, "humidity": 45.0, "direction": "N", "rainHour": 0.0, "pressure": 1002.375}