{"windPeak": 5.717240072592214, "windAvg": 2.68204314, "temp": 18.77777777777778, "humidity": 59.0, "direction": "N", "rainHour": 0.0, "pressure": 1003.0625}