{"windPeak": 5.262293788781108, "windAvg": 2.8672584600000004, "temp": 24.388888888888893, "humidity": 55.0, "direction": "N", "rainHour": 0.0, "pressure": 1005.0625}