{"windPeak": 3.596437527095339, "windAvg": 1.3622721000000002, "temp": 18.5, "humidity": 71.0, "direction": "N", "rainHour": 0.0, "pressure": 1005.1875}