{"windPeak": 3.7131981531088254, "windAvg": 1.809652099999999, "temp": 35.777777777777786, "humidity": 37.0, "direction": "N", "rainHour": 0.0, "pressure": 1003.75}