{"windPeak": 2.353030422151651, "windAvg": 0.36416732, "temp": 28.22222222222222, "humidity": 71.0, "direction": "N", "rainHour": 0.0, "pressure": 1003.0625}