{"windPeak": 4.147948618797565e-12, "windAvg": 0.0, "temp": 25.888888888888886, "humidity": 79.0, "direction": "N", "rainHour": 0.0, "pressure": 1002.6875}