{"windPeak": 4.417383418251261, "windAvg": 2.5196441800000007, "temp": 21.38888888888889, "humidity": 84.0, "direction": "N", "rainHour": 0.0, "pressure": 1007.5625}