{"windPeak": 2.8063123043883336e-06, "windAvg": 0.0, "temp": 13.499999999999998, "humidity": 81.0, "direction": "N", "rainHour": 0.0, "pressure": 1011.0}