{"windPeak": 3.7104658069384935, "windAvg": 1.908075699999999, "temp": 24.111111111111114, "humidity": 54.0, "direction": "N", "rainHour": 0.0, "pressure": 997.5625}