{"windPeak": 1.8738389153792914e-07, "windAvg": 0.0, "temp": 12.888888888888891, "humidity": 80.0, "direction": "N", "rainHour": 0.0, "pressure": 1007.5625}