{"windPeak": 2.5503963809670158e-06, "windAvg": 0.0, "temp": 22.11111111111111, "humidity": 74.0, "direction": "N", "rainHour": 0.0, "pressure": 991.0}