{"windPeak": 5.059332254518769, "windAvg": 2.9312338000000007, "temp": 21.999999999999996, "humidity": 60.0, "direction": "N", "rainHour": 0.0, "pressure": 998.1875}