{"windPeak": 8.028246764737583e-09, "windAvg": 0.0, "temp": 24.277777777777782, "humidity": 74.0, "direction": "N", "rainHour": 0.0, "pressure": 1005.75}