{"windPeak": 1.3615993367916037, "windAvg": 0.62812152, "temp": 21.999999999999996, "humidity": 51.0, "direction": "N", "rainHour": 0.0, "pressure": 1003.0625}