{"windPeak": 6.086385504206715, "windAvg": 1.3998520200000002, "temp": 6.888888888888888, "humidity": 76.0, "direction": "N", "rainHour": 0.0, "pressure": 1005.875}