{"windPeak": 1.4989638335766784, "windAvg": 0.11408190000000001, "temp": 27.11111111111111, "humidity": 73.0, "direction": "N", "rainHour": 0.0, "pressure": 1001.5}