{"windPeak": 6.444933901317709e-16, "windAvg": 0.0, "temp": 22.722222222222225, "humidity": 79.0, "direction": "N", "rainHour": 0.0, "pressure": 1003.75}