{"windPeak": 5.740083379874027, "windAvg": 3.466300340000002, "temp": 26.888888888888893, "humidity": 58.0, "direction": "N", "rainHour": 0.0, "pressure": 1007.75}