{"windPeak": 3.9379263105166458, "windAvg": 1.5278026999999996, "temp": 18.77777777777778, "humidity": 84.0, "direction": "N", "rainHour": 0.0, "pressure": 998.5}