{"windPeak": 1.7538114902540332, "windAvg": 0.0, "temp": 18.61111111111111, "humidity": 84.0, "direction": "N", "rainHour": 0.0, "pressure": 988.875}