{"windPeak": 5.110188759480245, "windAvg": 3.013551700000001, "temp": 23.000000000000004, "humidity": 66.0, "direction": "N", "rainHour": 0.0, "pressure": 993.0625}