{"windPeak": 3.401930472924984, "windAvg": 0.9945257400000003, "temp": -40.0, "humidity": 0.0, "direction": "N", "rainHour": 0.0, "pressure": 1002.6875}