{"windPeak": 1.4678468791123927e-05, "windAvg": 0.0, "temp": 19.61111111111111, "humidity": 85.0, "direction": "N", "rainHour": 0.0, "pressure": 1004.5625}