{"windPeak": 0.1333149577036502, "windAvg": 0.0, "temp": 21.500000000000004, "humidity": 82.0, "direction": "N", "rainHour": 0.0, "pressure": 1007.25}