{"windPeak": 1.6895347863254533, "windAvg": 0.111845, "temp": 19.61111111111111, "humidity": 65.0, "direction": "N", "rainHour": 0.0, "pressure": 1004.5}