{"windPeak": 2.4901765830850855, "windAvg": 0.6061998999999999, "temp": 22.5, "humidity": 84.0, "direction": "N", "rainHour": 0.0, "pressure": 1004.0}