{"windPeak": 3.737237211399952, "windAvg": 1.7174918199999993, "temp": 26.38888888888889, "humidity": 71.0, "direction": "N", "rainHour": 0.0, "pressure": 1002.0}