{"windPeak": 0.4330795807191301, "windAvg": 0.0, "temp": 21.500000000000004, "humidity": 75.0, "direction": "N", "rainHour": 0.0, "pressure": 1007.5625}