{"windPeak": 8.59141548567661e-28, "windAvg": 0.0, "temp": 17.27777777777778, "humidity": 81.0, "direction": "N", "rainHour": 0.0, "pressure": 993.5625}