{"windPeak": 2.9363507637732936e-07, "windAvg": 0.0, "temp": 24.000000000000004, "humidity": 65.0, "direction": "N", "rainHour": 0.0, "pressure": 1002.375}