{"windPeak": 1.394635652049404, "windAvg": 0.06844914, "temp": 19.88888888888889, "humidity": 64.0, "direction": "N", "rainHour": 0.0, "pressure": 1006.75}