{"windPeak": 3.4645919358041803, "windAvg": 0.66570144, "temp": 13.777777777777777, "humidity": 84.0, "direction": "N", "rainHour": 0.0, "pressure": 1006.1875}