{"windPeak": 1.617476220416041, "windAvg": 0.0, "temp": 23.77777777777778, "humidity": 84.0, "direction": "N", "rainHour": 0.0, "pressure": 1000.875}