{"windPeak": 0.00028360901536585614, "windAvg": 0.0, "temp": 16.722222222222225, "humidity": 72.0, "direction": "N", "rainHour": 0.0, "pressure": 1011.0}