{"windPeak": 0.0004393925387690442, "windAvg": 0.0, "temp": 22.611111111111114, "humidity": 66.0, "direction": "N", "rainHour": 0.0, "pressure": 1008.375}