{"windPeak": 4.262813467745786, "windAvg": 2.6019620800000007, "temp": 29.277777777777782, "humidity": 42.0, "direction": "N", "rainHour": 0.0, "pressure": 1007.1875}