{"windPeak": 3.573065348753297, "windAvg": 1.1108445400000002, "temp": 18.5, "humidity": 85.0, "direction": "N", "rainHour": 0.0, "pressure": 999.0}