{"windPeak": 0.0001236677112945065, "windAvg": 0.0, "temp": 25.888888888888886, "humidity": 60.0, "direction": "N", "rainHour": 0.0, "pressure": 1010.5}