{"windPeak": 6.511806240202849e-26, "windAvg": 0.0, "temp": 22.77777777777778, "humidity": 77.0, "direction": "N", "rainHour": 0.0, "pressure": 1003.75}