{"windPeak": 2.8460157989887342, "windAvg": 1.1546877800000002, "temp": 22.611111111111114, "humidity": 77.0, "direction": "N", "rainHour": 0.0, "pressure": 1001.0625}