{"windPeak": 0.06453578910459024, "windAvg": 0.0, "temp": 16.88888888888889, "humidity": 64.0, "direction": "N", "rainHour": 0.0, "pressure": 1006.75}