{"windPeak": 4.778122745694395, "windAvg": 2.6431210400000005, "temp": 9.777777777777779, "humidity": 76.0, "direction": "N", "rainHour": 0.0, "pressure": 1001.0}