{"windPeak": 0.0117376567904055, "windAvg": 0.0, "temp": 25.500000000000004, "humidity": 69.0, "direction": "N", "rainHour": 0.0, "pressure": 1005.1875}