{"windPeak": 3.1632217254516504, "windAvg": 1.9617612999999994, "temp": 19.000000000000004, "humidity": 66.0, "direction": "N", "rainHour": 0.0, "pressure": 1007.1875}