{"windPeak": 2.9020441921395044e-34, "windAvg": 0.0, "temp": 18.61111111111111, "humidity": 69.0, "direction": "N", "rainHour": 0.0, "pressure": 1001.0625}