{"windPeak": 6.200462825559369e-08, "windAvg": 0.0, "temp": 21.222222222222225, "humidity": 75.0, "direction": "N", "rainHour": 0.0, "pressure": 1007.0625}