{"windPeak": 2.091605904299838, "windAvg": 0.23397974, "temp": 24.277777777777782, "humidity": 57.0, "direction": "N", "rainHour": 0.0, "pressure": 1008.75}