{"windPeak": 1.853552836954479, "windAvg": 0.42680052, "temp": 19.777777777777775, "humidity": 65.0, "direction": "N", "rainHour": 0.0, "pressure": 1004.375}