{"windPeak": 4.660491226823384e-09, "windAvg": 0.0, "temp": 16.27777777777778, "humidity": 79.0, "direction": "N", "rainHour": 0.0, "pressure": 1001.75}