{"windPeak": 3.8052965228710827, "windAvg": 2.445379080000001, "temp": 27.277777777777775, "humidity": 53.0, "direction": "N", "rainHour": 0.0, "pressure": 1002.875}