{"windPeak": 8.079882357970604e-05, "windAvg": 0.0, "temp": 24.388888888888893, "humidity": 74.0, "direction": "N", "rainHour": 0.0, "pressure": 1004.5625}