{"windPeak": 3.5408260410087355, "windAvg": 1.28442798, "temp": 29.722222222222225, "humidity": 45.0, "direction": "N", "rainHour": 0.0, "pressure": 1010.0625}