{"windPeak": 1.3558621466016878e-20, "windAvg": 0.0, "temp": 21.999999999999996, "humidity": 77.0, "direction": "N", "rainHour": 0.0, "pressure": 1004.1875}