{"windPeak": 1.2177276656022654e-34, "windAvg": 0.0, "temp": 21.77777777777778, "humidity": 77.0, "direction": "N", "rainHour": 0.0, "pressure": 1008.0625}