{"windPeak": 0.6683462033761508, "windAvg": 0.0, "temp": 18.000000000000004, "humidity": 85.0, "direction": "N", "rainHour": 0.0, "pressure": 1003.0}