{"windPeak": 4.1375680770527605, "windAvg": 2.62254156, "temp": 32.27777777777778, "humidity": 57.0, "direction": "N", "rainHour": 0.0, "pressure": 1000.6875}