{"windPeak": 1.6166370004692971, "windAvg": 0.07650198, "temp": 18.61111111111111, "humidity": 71.0, "direction": "N", "rainHour": 0.0, "pressure": 1005.0}