{"windPeak": 1.6838118387397605, "windAvg": 0.15747776000000002, "temp": 21.72222222222222, "humidity": 65.0, "direction": "N", "rainHour": 0.0, "pressure": 1006.6875}