{"windPeak": 1.4368444620799036e-19, "windAvg": 0.0, "temp": 21.77777777777778, "humidity": 75.0, "direction": "N", "rainHour": 0.0, "pressure": 1009.0625}