{"windPeak": 1.6403286883371888, "windAvg": 0.04563276, "temp": 28.388888888888886, "humidity": 53.0, "direction": "N", "rainHour": 0.0, "pressure": 1008.0625}