{"windPeak": 0.005628870629645992, "windAvg": 0.0, "temp": 33.11111111111111, "humidity": 60.0, "direction": "N", "rainHour": 0.0, "pressure": 1000.875}