{"windPeak": 2.1686321994341057e-13, "windAvg": 0.0, "temp": 28.388888888888886, "humidity": 64.0, "direction": "N", "rainHour": 0.0, "pressure": 1010.375}