{"windPeak": 5.895660871066089, "windAvg": 3.2090568200000007, "temp": 24.61111111111111, "humidity": 53.0, "direction": "N", "rainHour": 0.0, "pressure": 1008.5}