{"windPeak": 1.647731316086818e-77, "windAvg": 0.0, "temp": 24.111111111111114, "humidity": 79.0, "direction": "N", "rainHour": 0.0, "pressure": 1003.1875}