{"windPeak": 0.09768554896472761, "windAvg": 0.0, "temp": 23.277777777777782, "humidity": 58.0, "direction": "N", "rainHour": 0.0, "pressure": 1009.875}