{"windPeak": 2.3645727078889784, "windAvg": 1.1945046000000001, "temp": 21.72222222222222, "humidity": 61.0, "direction": "N", "rainHour": 0.0, "pressure": 1010.5}