{"windPeak": 2.997062188708691, "windAvg": 0.7511510200000001, "temp": 24.000000000000004, "humidity": 84.0, "direction": "N", "rainHour": 0.0, "pressure": 1001.25}