{"windPeak": 1.8160526217071389, "windAvg": 0.6142527399999999, "temp": 8.111111111111112, "humidity": 77.0, "direction": "N", "rainHour": 0.0, "pressure": 1000.1875}