{"windPeak": 5.321300137799065, "windAvg": 3.311954200000001, "temp": 31.27777777777778, "humidity": 54.0, "direction": "N", "rainHour": 0.0, "pressure": 1007.25}