{"windPeak": 5.213966366667058e-44, "windAvg": 0.0, "temp": 22.38888888888889, "humidity": 80.0, "direction": "N", "rainHour": 0.0, "pressure": 1002.75}