{"windPeak": 1.8282896029354762e-07, "windAvg": 0.0, "temp": 25.111111111111114, "humidity": 71.0, "direction": "N", "rainHour": 0.0, "pressure": 1007.5}