{"windPeak": 0.02143132865611545, "windAvg": 0.0, "temp": 22.38888888888889, "humidity": 67.0, "direction": "N", "rainHour": 0.0, "pressure": 1009.875}