{"windPeak": 5.651376789803154e-18, "windAvg": 0.0, "temp": 19.61111111111111, "humidity": 81.0, "direction": "N", "rainHour": 0.0, "pressure": 1005.0}