{"windPeak": 2.1226604167223795e-34, "windAvg": 0.0, "temp": 21.611111111111114, "humidity": 83.0, "direction": "N", "rainHour": 0.0, "pressure": 1004.1875}