{"windPeak": 10.032086676584319, "windAvg": 4.258610380000002, "temp": 18.22222222222222, "humidity": 83.0, "direction": "N", "rainHour": 0.0, "pressure": 998.25}