{"windPeak": 4.082849897494482, "windAvg": 2.62254156, "temp": 21.77777777777778, "humidity": 77.0, "direction": "N", "rainHour": 0.0, "pressure": 996.1875}