{"windPeak": 3.6672682987052845, "windAvg": 2.005157159999999, "temp": 18.77777777777778, "humidity": 85.0, "direction": "N", "rainHour": 0.0, "pressure": 1002.1875}