{"windPeak": 0.002479867133645533, "windAvg": 0.0, "temp": 24.000000000000004, "humidity": 69.0, "direction": "N", "rainHour": 0.0, "pressure": 1008.1875}