{"windPeak": 1.4796250918080371, "windAvg": 0.12213473999999998, "temp": 17.38888888888889, "humidity": 87.0, "direction": "N", "rainHour": 0.0, "pressure": 999.6875}