{"windPeak": 5.834645078676009, "windAvg": 3.3325336200000013, "temp": 27.11111111111111, "humidity": 51.0, "direction": "N", "rainHour": 0.0, "pressure": 1002.5}