{"windPeak": 1.7502999186526782, "windAvg": 0.18834698, "temp": 19.61111111111111, "humidity": 72.0, "direction": "N", "rainHour": 0.0, "pressure": 1010.0625}