{"windPeak": 3.633789133657292, "windAvg": 1.2477428200000003, "temp": 33.00000000000001, "humidity": 43.0, "direction": "N", "rainHour": 0.0, "pressure": 1003.0}