{"windPeak": 2.0940782336369835e-19, "windAvg": 0.0, "temp": 21.500000000000004, "humidity": 74.0, "direction": "N", "rainHour": 0.0, "pressure": 1010.25}