{"windPeak": 0.10249050474201438, "windAvg": 0.0, "temp": 12.000000000000002, "humidity": 82.0, "direction": "N", "rainHour": 0.0, "pressure": 1008.0625}