{"windPeak": 4.173046416780871, "windAvg": 2.5402236400000002, "temp": 20.388888888888893, "humidity": 58.0, "direction": "N", "rainHour": 0.0, "pressure": 996.5}