{"windPeak": 0.6292094600735562, "windAvg": 0.0, "temp": 16.222222222222225, "humidity": 78.0, "direction": "N", "rainHour": 0.0, "pressure": 1000.25}