{"windPeak": 9.398361309118766e-21, "windAvg": 0.0, "temp": 28.22222222222222, "humidity": 63.0, "direction": "N", "rainHour": 0.0, "pressure": 1004.25}