{"windPeak": 12.063659493871834, "windAvg": 4.773097440000002, "temp": 16.38888888888889, "humidity": 79.0, "direction": "N", "rainHour": 0.0, "pressure": 1000.0625}