{"windPeak": 5.598419856013475, "windAvg": 1.6615693200000001, "temp": 17.27777777777778, "humidity": 86.0, "direction": "N", "rainHour": 0.0, "pressure": 998.6875}