{"windPeak": 1.0990416629481665e-05, "windAvg": 0.0, "temp": 22.888888888888893, "humidity": 80.0, "direction": "N", "rainHour": 0.0, "pressure": 1007.0625}