{"windPeak": 4.031077240405455, "windAvg": 2.18813558, "temp": 28.5, "humidity": 67.0, "direction": "N", "rainHour": 0.0, "pressure": 1000.75}