{"windPeak": 3.297390806321064, "windAvg": 1.7470188999999996, "temp": 30.72222222222222, "humidity": 55.0, "direction": "N", "rainHour": 0.0, "pressure": 1004.75}