{"windPeak": 0.022185965045803422, "windAvg": 0.0, "temp": 24.61111111111111, "humidity": 77.0, "direction": "N", "rainHour": 0.0, "pressure": 1001.0}