{"windPeak": 0.1335102421627591, "windAvg": 0.0, "temp": 17.77777777777778, "humidity": 69.0, "direction": "N", "rainHour": 0.0, "pressure": 1004.0}