{"windPeak": 4.430517721451653, "windAvg": 2.6945697400000004, "temp": 32.611111111111114, "humidity": 52.0, "direction": "N", "rainHour": 0.0, "pressure": 1002.75}