{"windPeak": 4.37807686767273, "windAvg": 2.50935444, "temp": 32.77777777777778, "humidity": 59.0, "direction": "N", "rainHour": 0.0, "pressure": 1000.5625}