{"windPeak": 1.0852930466305792e-06, "windAvg": 0.0, "temp": 13.388888888888891, "humidity": 77.0, "direction": "N", "rainHour": 0.0, "pressure": 1007.5625}