{"windPeak": 2.1848410458343017, "windAvg": 1.12784498, "temp": 34.611111111111114, "humidity": 42.0, "direction": "N", "rainHour": 0.0, "pressure": 1002.5625}