{"windPeak": 7.311254454752273e-31, "windAvg": 0.0, "temp": 22.888888888888893, "humidity": 78.0, "direction": "N", "rainHour": 0.0, "pressure": 1003.5625}