{"windPeak": 3.0667957818648452, "windAvg": 1.0092892800000002, "temp": 17.5, "humidity": 87.0, "direction": "N", "rainHour": 0.0, "pressure": 995.25}