{"windPeak": 4.720873708630435e-40, "windAvg": 0.0, "temp": 17.38888888888889, "humidity": 71.0, "direction": "N", "rainHour": 0.0, "pressure": 1011.0625}