{"windPeak": 3.241983299805792, "windAvg": 1.7412029599999994, "temp": 23.61111111111111, "humidity": 78.0, "direction": "N", "rainHour": 0.0, "pressure": 1006.0}