{"windPeak": 3.0115146603402183e-22, "windAvg": 0.0, "temp": 22.11111111111111, "humidity": 76.0, "direction": "N", "rainHour": 0.0, "pressure": 1004.875}