{"windPeak": 3.6076036997651424e-34, "windAvg": 0.0, "temp": 15.388888888888891, "humidity": 82.0, "direction": "N", "rainHour": 0.0, "pressure": 1005.5}