{"windPeak": 3.6495141409704166, "windAvg": 2.3344288399999997, "temp": 31.222222222222225, "humidity": 61.0, "direction": "N", "rainHour": 0.0, "pressure": 1011.875}