{"windPeak": 1.5060159398697048, "windAvg": 0.22369, "temp": 20.72222222222222, "humidity": 55.0, "direction": "N", "rainHour": 0.0, "pressure": 1007.1875}