{"windPeak": 8.816997792521304e-25, "windAvg": 0.0, "temp": 21.38888888888889, "humidity": 79.0, "direction": "N", "rainHour": 0.0, "pressure": 1003.375}