{"windPeak": 4.262898905077605, "windAvg": 1.17974108, "temp": 21.222222222222225, "humidity": 81.0, "direction": "N", "rainHour": 0.0, "pressure": 997.75}