{"windPeak": 3.0637739190948334, "windAvg": 1.0696855800000002, "temp": 23.77777777777778, "humidity": 78.0, "direction": "N", "rainHour": 0.0, "pressure": 1009.375}