{"windPeak": 1.5934168065311654, "windAvg": 0.12213473999999998, "temp": 21.11111111111111, "humidity": 70.0, "direction": "N", "rainHour": 0.0, "pressure": 1009.0625}