{"windPeak": 4.810122491890947, "windAvg": 1.8570744, "temp": 17.72222222222222, "humidity": 61.0, "direction": "N", "rainHour": 0.0, "pressure": 1003.0}