{"windPeak": 3.8406324895323602, "windAvg": 0.5641461799999999, "temp": 26.888888888888893, "humidity": 83.0, "direction": "N", "rainHour": 0.0, "pressure": 1000.25}