{"windPeak": 0.0038305713656914355, "windAvg": 0.0, "temp": 24.277777777777782, "humidity": 80.0, "direction": "N", "rainHour": 0.0, "pressure": 1001.0625}