{"windPeak": 6.669905592543329e-34, "windAvg": 0.0, "temp": 25.888888888888886, "humidity": 62.0, "direction": "N", "rainHour": 0.0, "pressure": 1008.0625}