{"windPeak": 0.00017187431915375762, "windAvg": 0.0, "temp": 25.27777777777778, "humidity": 79.0, "direction": "N", "rainHour": 0.0, "pressure": 1001.375}