{"windPeak": 3.6433784618540015, "windAvg": 0.44872214, "temp": 26.72222222222222, "humidity": 73.0, "direction": "N", "rainHour": 0.0, "pressure": 1001.5}