{"windPeak": 1.340210558061027, "windAvg": 0.07873888, "temp": 14.27777777777778, "humidity": 80.0, "direction": "N", "rainHour": 0.0, "pressure": 1011.25}