{"windPeak": 3.843454393136487, "windAvg": 1.3940361000000003, "temp": 23.61111111111111, "humidity": 62.0, "direction": "N", "rainHour": 0.0, "pressure": 1005.5625}