{"windPeak": 1.7000825203583614, "windAvg": 0.111845, "temp": 15.611111111111112, "humidity": 81.0, "direction": "N", "rainHour": 0.0, "pressure": 1005.0}