{"windPeak": 7.667879658579562, "windAvg": 4.114554040000002, "temp": 29.777777777777775, "humidity": 52.0, "direction": "N", "rainHour": 0.0, "pressure": 1006.375}