{"windPeak": 2.1914192340203145, "windAvg": 0.14495112, "temp": 23.388888888888886, "humidity": 65.0, "direction": "N", "rainHour": 0.0, "pressure": 1008.75}