{"windPeak": 2.4126783312868176, "windAvg": 0.8983390400000001, "temp": 18.388888888888886, "humidity": 69.0, "direction": "N", "rainHour": 0.0, "pressure": 1000.6875}