{"windPeak": 6.371958540450355e-47, "windAvg": 0.0, "temp": 27.222222222222225, "humidity": 80.0, "direction": "N", "rainHour": 0.0, "pressure": 1000.0625}