{"windPeak": 4.314224460569298, "windAvg": 2.13355524, "temp": 24.000000000000004, "humidity": 79.0, "direction": "N", "rainHour": 0.0, "pressure": 1006.5625}