{"windPeak": 1.1943955607968347e-42, "windAvg": 0.0, "temp": 13.222222222222221, "humidity": 81.0, "direction": "N", "rainHour": 0.0, "pressure": 1004.1875}