{"windPeak": 2.1200811338283105, "windAvg": 0.06621223999999999, "temp": 23.277777777777782, "humidity": 78.0, "direction": "N", "rainHour": 0.0, "pressure": 1003.5}