{"windPeak": 2.0190010781640186, "windAvg": 0.0, "temp": 29.499999999999996, "humidity": 53.0, "direction": "N", "rainHour": 0.0, "pressure": 1003.5625}