{"windPeak": 6.192183199608094, "windAvg": 3.311954200000002, "temp": 32.5, "humidity": 32.0, "direction": "N", "rainHour": 0.0, "pressure": 1005.875}