{"windPeak": 2.4346817792910946, "windAvg": 0.14495112, "temp": 26.0, "humidity": 75.0, "direction": "N", "rainHour": 0.0, "pressure": 1001.6875}