{"windPeak": 3.9707914470955474, "windAvg": 1.2517692599999999, "temp": 14.722222222222223, "humidity": 74.0, "direction": "N", "rainHour": 0.0, "pressure": 1003.875}