{"windPeak": 6.441618565701635e-12, "windAvg": 0.0, "temp": 23.388888888888886, "humidity": 85.0, "direction": "N", "rainHour": 0.0, "pressure": 1000.375}