{"windPeak": 9.114969933665517, "windAvg": 3.07305334, "temp": 15.5, "humidity": 87.0, "direction": "N", "rainHour": 0.0, "pressure": 999.0625}