{"windPeak": 6.229249622612044, "windAvg": 3.5897771800000022, "temp": 30.222222222222225, "humidity": 43.0, "direction": "N", "rainHour": 0.0, "pressure": 1002.375}