{"windPeak": 5.90061156770874, "windAvg": 1.8418634599999992, "temp": 14.27777777777778, "humidity": 61.0, "direction": "N", "rainHour": 0.0, "pressure": 1000.75}