{"windPeak": 5.328714563291017, "windAvg": 2.9209440600000005, "temp": 30.777777777777782, "humidity": 31.0, "direction": "N", "rainHour": 0.0, "pressure": 1007.0}