{"windPeak": 3.4896487280031985, "windAvg": 1.9241813799999994, "temp": 19.111111111111114, "humidity": 85.0, "direction": "N", "rainHour": 0.0, "pressure": 998.375}