{"windPeak": 2.278616948482544e-10, "windAvg": 0.0, "temp": 21.500000000000004, "humidity": 70.0, "direction": "N", "rainHour": 0.0, "pressure": 997.75}