{"windPeak": 1.0638511187606047e-27, "windAvg": 0.0, "temp": 12.277777777777779, "humidity": 85.0, "direction": "N", "rainHour": 0.0, "pressure": 1012.875}