{"windPeak": 5.503786815178712, "windAvg": 2.71291234, "temp": 37.27777777777778, "humidity": 35.0, "direction": "N", "rainHour": 0.0, "pressure": 1007.5}