{"windPeak": 2.991506773797903e-40, "windAvg": 0.0, "temp": 15.222222222222221, "humidity": 82.0, "direction": "N", "rainHour": 0.0, "pressure": 1005.75}