{"windPeak": 2.5783879262522453, "windAvg": 1.0267371, "temp": 23.277777777777782, "humidity": 81.0, "direction": "N", "rainHour": 0.0, "pressure": 1002.0625}