{"windPeak": 3.6116027409392086, "windAvg": 0.7533879199999999, "temp": 14.38888888888889, "humidity": 76.0, "direction": "N", "rainHour": 0.0, "pressure": 1004.0}