{"windPeak": 3.3119701291531847, "windAvg": 1.8794433799999992, "temp": 21.999999999999996, "humidity": 83.0, "direction": "N", "rainHour": 0.0, "pressure": 1007.5}