{"windPeak": 4.680558409423217, "windAvg": 1.8821276799999995, "temp": 27.38888888888889, "humidity": 73.0, "direction": "N", "rainHour": 0.0, "pressure": 1008.0}