{"windPeak": 7.138131230855377e-38, "windAvg": 0.0, "temp": 19.88888888888889, "humidity": 73.0, "direction": "N", "rainHour": 0.0, "pressure": 1002.875}