{"windPeak": 3.790139448984983, "windAvg": 2.03378948, "temp": 22.38888888888889, "humidity": 80.0, "direction": "N", "rainHour": 0.0, "pressure": 1007.5}