{"windPeak": 3.224926637218109, "windAvg": 2.0132099999999995, "temp": 27.11111111111111, "humidity": 56.0, "direction": "N", "rainHour": 0.0, "pressure": 1007.75}