{"windPeak": 4.675940676965816, "windAvg": 2.3035596199999997, "temp": 7.888888888888891, "humidity": 72.0, "direction": "N", "rainHour": 0.0, "pressure": 1006.0}