{"windPeak": 3.930791011049835e-11, "windAvg": 0.0, "temp": 24.388888888888893, "humidity": 59.0, "direction": "N", "rainHour": 0.0, "pressure": 1003.6875}