{"windPeak": 0.3031438873242077, "windAvg": 0.0, "temp": 25.500000000000004, "humidity": 79.0, "direction": "N", "rainHour": 0.0, "pressure": 988.6875}