{"windPeak": 3.1971235400781484, "windAvg": 1.9411818199999993, "temp": 24.000000000000004, "humidity": 76.0, "direction": "N", "rainHour": 0.0, "pressure": 1006.25}