{"windPeak": 4.274492164915968, "windAvg": 2.4556688200000005, "temp": 28.388888888888886, "humidity": 45.0, "direction": "N", "rainHour": 0.0, "pressure": 997.0625}