{"windPeak": 7.936408352313821e-31, "windAvg": 0.0, "temp": 20.777777777777782, "humidity": 74.0, "direction": "N", "rainHour": 0.0, "pressure": 1007.875}