{"windPeak": 2.3148395000043016, "windAvg": 0.81736326, "temp": 22.38888888888889, "humidity": 85.0, "direction": "N", "rainHour": 0.0, "pressure": 998.5625}