{"windPeak": 1.3002270991905825e-20, "windAvg": 0.0, "temp": 11.500000000000002, "humidity": 84.0, "direction": "N", "rainHour": 0.0, "pressure": 1004.375}