{"windPeak": 3.735655810630329, "windAvg": 2.03378948, "temp": 24.88888888888889, "humidity": 74.0, "direction": "N", "rainHour": 0.0, "pressure": 1007.1875}