{"windPeak": 2.390051187551278, "windAvg": 0.52164508, "temp": 17.77777777777778, "humidity": 87.0, "direction": "N", "rainHour": 0.01, "pressure": 998.375}