{"windPeak": 0.3943007327179743, "windAvg": 0.0, "temp": 20.888888888888886, "humidity": 59.0, "direction": "N", "rainHour": 0.0, "pressure": 1005.5}