{"windPeak": 2.2539232430036926, "windAvg": 0.8504693800000002, "temp": 20.27777777777778, "humidity": 60.0, "direction": "N", "rainHour": 0.0, "pressure": 1006.6875}