{"windPeak": 0.002748185975291443, "windAvg": 0.0, "temp": 18.111111111111107, "humidity": 66.0, "direction": "N", "rainHour": 0.0, "pressure": 1008.5625}