{"windPeak": 2.9884933033266803, "windAvg": 2.0360263799999996, "temp": 26.0, "humidity": 60.0, "direction": "N", "rainHour": 0.0, "pressure": 1007.5625}