{"windPeak": 4.787898485351351e-43, "windAvg": 0.0, "temp": 23.61111111111111, "humidity": 81.0, "direction": "N", "rainHour": 0.0, "pressure": 1003.875}