{"windPeak": 6.873576746163343, "windAvg": 4.155713160000002, "temp": 31.27777777777778, "humidity": 40.0, "direction": "N", "rainHour": 0.0, "pressure": 1006.5625}