{"windPeak": 4.158560384052635, "windAvg": 1.9197075799999996, "temp": 22.22222222222222, "humidity": 80.0, "direction": "N", "rainHour": 0.0, "pressure": 1007.5}