{"windPeak": 5.179553953007034, "windAvg": 2.6534108400000003, "temp": 26.611111111111114, "humidity": 57.0, "direction": "N", "rainHour": 0.0, "pressure": 996.1875}