{"windPeak": 1.0628483357759396e-14, "windAvg": 0.0, "temp": 23.61111111111111, "humidity": 68.0, "direction": "N", "rainHour": 0.0, "pressure": 1003.5}