{"windPeak": 4.0167343552116874e-23, "windAvg": 0.0, "temp": 7.888888888888891, "humidity": 83.0, "direction": "N", "rainHour": 0.0, "pressure": 1002.0}