{"windPeak": 3.2584661458075734, "windAvg": 1.1077128800000002, "temp": 16.11111111111111, "humidity": 87.0, "direction": "N", "rainHour": 0.0, "pressure": 1005.0}