{"windPeak": 2.2771812288832134, "windAvg": 0.26708586000000006, "temp": 18.5, "humidity": 84.0, "direction": "N", "rainHour": 0.0, "pressure": 1004.875}