{"windPeak": 0.00010062291953077332, "windAvg": 0.0, "temp": 26.38888888888889, "humidity": 65.0, "direction": "N", "rainHour": 0.0, "pressure": 1006.5625}