{"windPeak": 9.278620691801525, "windAvg": 4.5673027400000015, "temp": 29.499999999999996, "humidity": 43.0, "direction": "N", "rainHour": 0.0, "pressure": 993.875}