{"windPeak": 0.19468271030728795, "windAvg": 0.0, "temp": 23.22222222222222, "humidity": 71.0, "direction": "N", "rainHour": 0.0, "pressure": 1009.0}