{"windPeak": 2.657924592864185, "windAvg": 0.8379427400000001, "temp": 18.88888888888889, "humidity": 85.0, "direction": "N", "rainHour": 0.0, "pressure": 990.0}