{"windPeak": 9.649264442092065e-42, "windAvg": 0.0, "temp": 21.222222222222225, "humidity": 70.0, "direction": "N", "rainHour": 0.0, "pressure": 1012.875}