{"windPeak": 6.710923646029016e-08, "windAvg": 0.0, "temp": 23.22222222222222, "humidity": 70.0, "direction": "N", "rainHour": 0.0, "pressure": 1010.5625}