{"windPeak": 1.3174784910591837, "windAvg": 0.20311052000000004, "temp": 14.000000000000002, "humidity": 66.0, "direction": "N", "rainHour": 0.0, "pressure": 1001.0}