{"windPeak": 1.2689812208899292e-41, "windAvg": 0.0, "temp": 19.27777777777778, "humidity": 86.0, "direction": "N", "rainHour": 0.0, "pressure": 1000.5}