{"windPeak": 3.2928107880806827, "windAvg": 1.0983179, "temp": 25.888888888888886, "humidity": 65.0, "direction": "N", "rainHour": 0.0, "pressure": 1007.6875}