{"windPeak": 9.232368466612755e-58, "windAvg": 0.0, "temp": 21.888888888888893, "humidity": 81.0, "direction": "N", "rainHour": 0.0, "pressure": 1003.0}