{"windPeak": 2.850091953182531, "windAvg": 0.30242888000000007, "temp": 20.611111111111107, "humidity": 70.0, "direction": "N", "rainHour": 0.0, "pressure": 1003.75}