{"windPeak": 5.622097576832987, "windAvg": 2.1183442999999995, "temp": 29.388888888888893, "humidity": 48.0, "direction": "N", "rainHour": 0.0, "pressure": 1007.375}