{"windPeak": 1.4246432680566465, "windAvg": 0.0, "temp": 14.000000000000002, "humidity": 77.0, "direction": "N", "rainHour": 0.0, "pressure": 1004.0625}