{"windPeak": 6.246840037851233, "windAvg": 2.9518133199999994, "temp": 30.61111111111111, "humidity": 47.0, "direction": "N", "rainHour": 0.0, "pressure": 1007.375}