{"windPeak": 6.920788188172324e-10, "windAvg": 0.0, "temp": 20.222222222222225, "humidity": 67.0, "direction": "N", "rainHour": 0.0, "pressure": 1003.6875}