{"windPeak": 2.6590724940978887e-32, "windAvg": 0.0, "temp": 24.277777777777782, "humidity": 67.0, "direction": "N", "rainHour": 0.0, "pressure": 1006.5625}