{"windPeak": 1.127706618036807e-44, "windAvg": 0.0, "temp": 21.888888888888893, "humidity": 80.0, "direction": "N", "rainHour": 0.0, "pressure": 1000.875}