{"windPeak": 4.656332080814174, "windAvg": 2.784940500000001, "temp": 22.611111111111114, "humidity": 58.0, "direction": "N", "rainHour": 0.0, "pressure": 998.25}