{"windPeak": 5.510170559002309e-11, "windAvg": 0.0, "temp": 21.500000000000004, "humidity": 74.0, "direction": "N", "rainHour": 0.0, "pressure": 1006.875}