{"windPeak": 1.6434738360399714, "windAvg": 0.18029414000000002, "temp": 21.38888888888889, "humidity": 56.0, "direction": "N", "rainHour": 0.0, "pressure": 1006.6875}