{"windPeak": 5.716281961145746e-61, "windAvg": 0.0, "temp": 17.611111111111114, "humidity": 74.0, "direction": "N", "rainHour": 0.0, "pressure": 1004.5}