{"windPeak": 2.8358931373957397, "windAvg": 0.63483222, "temp": 22.5, "humidity": 74.0, "direction": "N", "rainHour": 0.0, "pressure": 1005.25}