{"windPeak": 9.799964254242365e-23, "windAvg": 0.0, "temp": 24.111111111111114, "humidity": 81.0, "direction": "N", "rainHour": 0.0, "pressure": 1002.0625}