{"windPeak": 4.174461782729423, "windAvg": 2.4122729600000006, "temp": 16.11111111111111, "humidity": 87.0, "direction": "N", "rainHour": 0.0, "pressure": 1006.75}