{"windPeak": 3.1112534072044102, "windAvg": 0.79588902, "temp": 20.27777777777778, "humidity": 82.0, "direction": "N", "rainHour": 0.0, "pressure": 995.75}