{"windPeak": 3.3617591537912578e-46, "windAvg": 0.0, "temp": 22.611111111111114, "humidity": 78.0, "direction": "N", "rainHour": 0.0, "pressure": 1000.75}