{"windPeak": 1.8623946675792808, "windAvg": 0.04563276, "temp": 23.277777777777782, "humidity": 49.0, "direction": "N", "rainHour": 0.0, "pressure": 1004.6875}