{"windPeak": 5.953278294799016, "windAvg": 2.84891584, "temp": 29.777777777777775, "humidity": 45.0, "direction": "N", "rainHour": 0.0, "pressure": 1007.6875}