{"windPeak": 7.184384724941018, "windAvg": 2.776887739999999, "temp": 20.611111111111107, "humidity": 55.0, "direction": "N", "rainHour": 0.0, "pressure": 1002.75}