{"windPeak": 2.2112382866074984, "windAvg": 0.64601672, "temp": 22.888888888888893, "humidity": 49.0, "direction": "N", "rainHour": 0.0, "pressure": 1006.0}