{"windPeak": 0.37367845233002894, "windAvg": 0.02281638, "temp": 23.000000000000004, "humidity": 63.0, "direction": "N", "rainHour": 0.0, "pressure": 1009.5}