{"windPeak": 2.3237136246950496, "windAvg": 0.40174724000000006, "temp": 16.77777777777778, "humidity": 64.0, "direction": "N", "rainHour": 0.0, "pressure": 1007.0}