{"windPeak": 10.225205969347268, "windAvg": 3.9910772199999998, "temp": 14.888888888888888, "humidity": 87.0, "direction": "N", "rainHour": 0.0, "pressure": 1001.1875}