{"windPeak": 3.8539530154855712, "windAvg": 2.4064570200000004, "temp": 29.61111111111111, "humidity": 38.0, "direction": "N", "rainHour": 0.0, "pressure": 1003.875}