{"windPeak": 4.126203619743035e-33, "windAvg": 0.0, "temp": 16.500000000000004, "humidity": 82.0, "direction": "N", "rainHour": 0.0, "pressure": 994.6875}