{"windPeak": 9.041841182482129e-43, "windAvg": 0.0, "temp": 15.777777777777779, "humidity": 80.0, "direction": "N", "rainHour": 0.0, "pressure": 1001.75}