{"windPeak": 5.675959109966836e-22, "windAvg": 0.0, "temp": 23.722222222222225, "humidity": 82.0, "direction": "N", "rainHour": 0.0, "pressure": 1002.0}