{"windPeak": 1.8337398609520763e-51, "windAvg": 0.0, "temp": 32.22222222222222, "humidity": 57.0, "direction": "N", "rainHour": 0.0, "pressure": 1005.875}