{"windPeak": 0.4820840265088946, "windAvg": 0.0, "temp": 13.277777777777777, "humidity": 68.0, "direction": "N", "rainHour": 0.0, "pressure": 1001.0625}