{"windPeak": 2.8312757385220686, "windAvg": 1.5148286799999995, "temp": 36.38888888888889, "humidity": 38.0, "direction": "N", "rainHour": 0.0, "pressure": 1001.5625}