{"windPeak": 6.039548040124171e-31, "windAvg": 0.0, "temp": 22.888888888888893, "humidity": 87.0, "direction": "N", "rainHour": 0.0, "pressure": 1000.5625}