{"windPeak": 2.6360990656839633, "windAvg": 0.14495112, "temp": 23.77777777777778, "humidity": 83.0, "direction": "N", "rainHour": 0.0, "pressure": 1001.1875}