{"windPeak": 0.9723654868475643, "windAvg": 0.13689828, "temp": 23.61111111111111, "humidity": 50.0, "direction": "N", "rainHour": 0.0, "pressure": 1006.5}