{"windPeak": 4.780233667663772, "windAvg": 2.5710928800000006, "temp": 23.77777777777778, "humidity": 72.0, "direction": "N", "rainHour": 0.0, "pressure": 990.0}