{"windPeak": 1.1789765684875435, "windAvg": 0.15971466000000004, "temp": 16.27777777777778, "humidity": 59.0, "direction": "N", "rainHour": 0.0, "pressure": 1000.0625}