{"windPeak": 2.8234448129289524, "windAvg": 0.66570144, "temp": 26.611111111111114, "humidity": 56.0, "direction": "N", "rainHour": 0.0, "pressure": 992.0625}