{"windPeak": 1.9979299854757124, "windAvg": 0.0559225, "temp": 24.499999999999996, "humidity": 74.0, "direction": "N", "rainHour": 0.0, "pressure": 1000.0625}