{"windPeak": 3.4731942119610073, "windAvg": 1.9058387999999993, "temp": 23.61111111111111, "humidity": 85.0, "direction": "N", "rainHour": 0.0, "pressure": 994.5625}