{"windPeak": 2.2766418804931582e-10, "windAvg": 0.0, "temp": 23.77777777777778, "humidity": 61.0, "direction": "N", "rainHour": 0.0, "pressure": 1003.75}