{"windPeak": 0.3737794246836427, "windAvg": 0.0, "temp": 17.38888888888889, "humidity": 63.0, "direction": "N", "rainHour": 0.0, "pressure": 1006.75}