{"windPeak": 4.84984271126535, "windAvg": 1.920602339999999, "temp": 33.5, "humidity": 51.0, "direction": "N", "rainHour": 0.0, "pressure": 1007.5625}