{"windPeak": 4.024172665305208, "windAvg": 2.59167234, "temp": 27.11111111111111, "humidity": 44.0, "direction": "N", "rainHour": 0.0, "pressure": 1010.25}