{"windPeak": 2.539156199677263, "windAvg": 0.37087802000000003, "temp": 33.88888888888889, "humidity": 55.0, "direction": "N", "rainHour": 0.0, "pressure": 1008.0}