{"windPeak": 1.5085691530185066e-45, "windAvg": 0.0, "temp": 16.27777777777778, "humidity": 82.0, "direction": "N", "rainHour": 0.0, "pressure": 1006.5}