{"windPeak": 3.861344579852234e-55, "windAvg": 0.0, "temp": 22.11111111111111, "humidity": 63.0, "direction": "N", "rainHour": 0.0, "pressure": 1013.0625}