{"windPeak": 4.019852884326514, "windAvg": 2.4968277800000007, "temp": -40.0, "humidity": 0.0, "direction": "N", "rainHour": 0.0, "pressure": 1002.5625}