{"windPeak": 3.88633937963299, "windAvg": 1.38956228, "temp": 23.88888888888889, "humidity": 67.0, "direction": "N", "rainHour": 0.0, "pressure": 1015.0}