{"windPeak": 4.305570467441853, "windAvg": 2.5312760400000003, "temp": 24.277777777777782, "humidity": 68.0, "direction": "N", "rainHour": 0.0, "pressure": 995.875}