{"windPeak": 1.3847618610995607, "windAvg": 0.02281638, "temp": 21.0, "humidity": 79.0, "direction": "N", "rainHour": 0.0, "pressure": 991.5}