{"windPeak": 9.739713321716188, "windAvg": 4.6804898600000024, "temp": 16.222222222222225, "humidity": 55.0, "direction": "N", "rainHour": 0.0, "pressure": 999.875}