{"windPeak": 2.471074375733915, "windAvg": 2.108054559999999, "temp": 16.11111111111111, "humidity": 67.0, "direction": "N", "rainHour": 0.0, "pressure": 1005.1875}