{"windPeak": 5.744680403518902, "windAvg": 2.6283575399999988, "temp": 24.22222222222222, "humidity": 57.0, "direction": "N", "rainHour": 0.0, "pressure": 1005.0625}