{"windPeak": 4.9414874876089355e-17, "windAvg": 0.0, "temp": 21.500000000000004, "humidity": 69.0, "direction": "N", "rainHour": 0.0, "pressure": 1007.5}