{"windPeak": 8.256671326396171, "windAvg": 5.34932314, "temp": 28.22222222222222, "humidity": 40.0, "direction": "N", "rainHour": 0.0, "pressure": 993.25}