{"windPeak": 3.198142606290195, "windAvg": 0.39279964, "temp": 37.72222222222223, "humidity": 45.0, "direction": "N", "rainHour": 0.0, "pressure": 1001.5625}