{"windPeak": 5.918147195186198, "windAvg": 2.9312338200000014, "temp": 26.0, "humidity": 47.0, "direction": "N", "rainHour": 0.0, "pressure": 1005.1875}