{"windPeak": 1.2585519692146207e-05, "windAvg": 0.0, "temp": 12.000000000000002, "humidity": 83.0, "direction": "N", "rainHour": 0.0, "pressure": 1009.375}