{"windPeak": 2.467180531397985, "windAvg": 1.0423954000000002, "temp": 18.77777777777778, "humidity": 83.0, "direction": "N", "rainHour": 0.0, "pressure": 1005.25}