{"windPeak": 3.711171136656435, "windAvg": 2.044079219999999, "temp": 37.5, "humidity": 34.0, "direction": "N", "rainHour": 0.0, "pressure": 1007.5625}