{"windPeak": 3.9203605630770113, "windAvg": 0.43261646000000004, "temp": 18.88888888888889, "humidity": 63.0, "direction": "N", "rainHour": 0.0, "pressure": 1006.5625}