{"windPeak": 1.9083234631081436, "windAvg": 0.6026208599999999, "temp": 26.0, "humidity": 63.0, "direction": "N", "rainHour": 0.0, "pressure": 1007.75}