{"windPeak": 0.0003709864934701328, "windAvg": 0.0, "temp": 21.38888888888889, "humidity": 57.0, "direction": "N", "rainHour": 0.0, "pressure": 1005.0}