{"windPeak": 2.4399875528659756, "windAvg": 1.07326462, "temp": 24.22222222222222, "humidity": 83.0, "direction": "N", "rainHour": 0.0, "pressure": 1001.0625}