{"windPeak": 1.5331989664784695, "windAvg": 0.13824044000000002, "temp": 20.72222222222222, "humidity": 80.0, "direction": "N", "rainHour": 0.0, "pressure": 992.1875}