{"windPeak": 0.0050610551460294854, "windAvg": 0.0, "temp": 23.000000000000004, "humidity": 65.0, "direction": "N", "rainHour": 0.0, "pressure": 992.5}