{"windPeak": 4.698753663035687, "windAvg": 2.0328947399999997, "temp": 22.38888888888889, "humidity": 52.0, "direction": "N", "rainHour": 0.0, "pressure": 1002.5625}