{"windPeak": 8.763445164077357, "windAvg": 4.762807840000003, "temp": 29.22222222222222, "humidity": 44.0, "direction": "N", "rainHour": 0.0, "pressure": 993.75}