{"windPeak": 3.615092752947796, "windAvg": 1.7966780800000004, "temp": 21.999999999999996, "humidity": 85.0, "direction": "N", "rainHour": 0.0, "pressure": 1007.6875}