{"windPeak": 2.621593065524571e-59, "windAvg": 0.0, "temp": 21.38888888888889, "humidity": 74.0, "direction": "N", "rainHour": 0.0, "pressure": 1014.75}