{"windPeak": 1.4911058755288986, "windAvg": 0.04563276, "temp": 25.777777777777782, "humidity": 52.0, "direction": "N", "rainHour": 0.0, "pressure": 1004.5}