{"windPeak": 1.1243116299495884e-26, "windAvg": 0.0, "temp": 23.388888888888886, "humidity": 76.0, "direction": "N", "rainHour": 0.0, "pressure": 1003.6875}