{"windPeak": 8.12109196224218, "windAvg": 3.991077120000002, "temp": 30.27777777777778, "humidity": 31.0, "direction": "N", "rainHour": 0.0, "pressure": 1004.75}