{"windPeak": 0.07207794533268318, "windAvg": 0.0, "temp": 21.77777777777778, "humidity": 54.0, "direction": "N", "rainHour": 0.0, "pressure": 1004.75}