{"windPeak": 4.937047210576703, "windAvg": 2.8386261400000006, "temp": 36.22222222222223, "humidity": 38.0, "direction": "N", "rainHour": 0.0, "pressure": 1001.5625}