{"windPeak": 3.817517400180945e-09, "windAvg": 0.0, "temp": 20.72222222222222, "humidity": 66.0, "direction": "N", "rainHour": 0.0, "pressure": 1003.5}