{"windPeak": 2.807507454110973, "windAvg": 0.33911403999999995, "temp": 22.722222222222225, "humidity": 58.0, "direction": "N", "rainHour": 0.0, "pressure": 998.0}