{"windPeak": 6.942436941040138, "windAvg": 3.857310480000001, "temp": 31.222222222222225, "humidity": 44.0, "direction": "N", "rainHour": 0.0, "pressure": 1007.375}