{"windPeak": 5.043759614702634, "windAvg": 3.1678978200000008, "temp": 24.000000000000004, "humidity": 86.0, "direction": "N", "rainHour": 0.0, "pressure": 992.25}