{"windPeak": 2.945384594378423, "windAvg": 1.6280158199999997, "temp": 29.111111111111114, "humidity": 48.0, "direction": "N", "rainHour": 0.0, "pressure": 1002.6875}