{"windPeak": 2.4703094335706535, "windAvg": 0.40174723999999995, "temp": 32.88888888888889, "humidity": 44.0, "direction": "N", "rainHour": 0.0, "pressure": 1001.875}