{"windPeak": 1.8708668591771054, "windAvg": 0.70551826, "temp": 18.111111111111107, "humidity": 86.0, "direction": "N", "rainHour": 0.0, "pressure": 999.0}