{"windPeak": 9.403971339697767e-06, "windAvg": 0.0, "temp": 23.277777777777782, "humidity": 62.0, "direction": "N", "rainHour": 0.0, "pressure": 1004.6875}