{"windPeak": 3.8838830111507923, "windAvg": 0.46572258, "temp": 27.38888888888889, "humidity": 57.0, "direction": "N", "rainHour": 0.0, "pressure": 1014.25}