{"windPeak": 3.2649847892668623e-43, "windAvg": 0.0, "temp": 20.888888888888886, "humidity": 73.0, "direction": "N", "rainHour": 0.0, "pressure": 1003.0}