{"windPeak": 3.9251346555491256, "windAvg": 2.0087362, "temp": 24.000000000000004, "humidity": 52.0, "direction": "N", "rainHour": 0.0, "pressure": 1000.1875}