{"windPeak": 5.348647439766616, "windAvg": 1.5031968199999997, "temp": 21.27777777777778, "humidity": 82.0, "direction": "N", "rainHour": 0.0, "pressure": 996.1875}