{"windPeak": 3.493826771459827e-17, "windAvg": 0.0, "temp": 27.611111111111114, "humidity": 64.0, "direction": "N", "rainHour": 0.0, "pressure": 1011.0}