{"windPeak": 6.069166333202936, "windAvg": 3.0341312400000002, "temp": 27.77777777777778, "humidity": 36.0, "direction": "N", "rainHour": 0.0, "pressure": 1006.25}