{"windPeak": 1.300529440795058e-42, "windAvg": 0.0, "temp": 20.500000000000004, "humidity": 68.0, "direction": "N", "rainHour": 0.0, "pressure": 1002.0}