{"windPeak": 0.1713412681370825, "windAvg": 0.0, "temp": 25.111111111111114, "humidity": 73.0, "direction": "N", "rainHour": 0.0, "pressure": 1005.6875}