{"windPeak": 0.4153918619474787, "windAvg": 0.0559225, "temp": 24.722222222222225, "humidity": 78.0, "direction": "N", "rainHour": 0.0, "pressure": 986.875}