{"windPeak": 5.0449839153104294, "windAvg": 3.09586964, "temp": 27.277777777777775, "humidity": 40.0, "direction": "N", "rainHour": 0.0, "pressure": 1003.875}