{"windPeak": 4.129117248150942, "windAvg": 2.7665979200000006, "temp": 20.222222222222225, "humidity": 59.0, "direction": "N", "rainHour": 0.0, "pressure": 1004.0}