{"windPeak": 4.376955306948288, "windAvg": 2.5299339, "temp": 29.722222222222225, "humidity": 46.0, "direction": "N", "rainHour": 0.0, "pressure": 1009.1875}