{"windPeak": 5.077134657278469, "windAvg": 3.2913746800000014, "temp": 32.27777777777778, "humidity": 32.0, "direction": "N", "rainHour": 0.0, "pressure": 1006.0}