{"windPeak": 1.048531906918966, "windAvg": 0.14718802, "temp": 25.111111111111114, "humidity": 70.0, "direction": "N", "rainHour": 0.0, "pressure": 1005.0625}