{"windPeak": 7.070100664842888e-08, "windAvg": 0.0, "temp": 25.27777777777778, "humidity": 67.0, "direction": "N", "rainHour": 0.0, "pressure": 1003.25}