{"windPeak": 3.4429708710137885, "windAvg": 0.69746542, "temp": 18.5, "humidity": 52.0, "direction": "N", "rainHour": 0.0, "pressure": 999.75}