{"windPeak": 3.4913120484773676, "windAvg": 1.0571589400000005, "temp": 36.38888888888889, "humidity": 38.0, "direction": "N", "rainHour": 0.0, "pressure": 1003.0}