{"windPeak": 2.186893277606838, "windAvg": 0.0, "temp": 24.722222222222225, "humidity": 51.0, "direction": "N", "rainHour": 0.0, "pressure": 1012.25}