{"windPeak": 12.040413911638819, "windAvg": 4.3923770000000015, "temp": 18.22222222222222, "humidity": 82.0, "direction": "N", "rainHour": 0.0, "pressure": 998.5625}