{"windPeak": 2.099265507182964, "windAvg": 0.02281638, "temp": 29.111111111111114, "humidity": 54.0, "direction": "N", "rainHour": 0.0, "pressure": 1010.375}