{"windPeak": 0.6226171490411078, "windAvg": 0.0, "temp": 27.77777777777778, "humidity": 65.0, "direction": "N", "rainHour": 0.0, "pressure": 1007.6875}