{"windPeak": 4.0439634657184547e-41, "windAvg": 0.0, "temp": 25.61111111111111, "humidity": 60.0, "direction": "N", "rainHour": 0.0, "pressure": 1003.5}