{"windPeak": 3.517325186370295, "windAvg": 0.9547089199999996, "temp": 17.38888888888889, "humidity": 60.0, "direction": "N", "rainHour": 0.0, "pressure": 1006.375}