{"windPeak": 2.1884604920637106e-09, "windAvg": 0.0, "temp": 29.22222222222222, "humidity": 51.0, "direction": "N", "rainHour": 0.0, "pressure": 1009.5}