{"windPeak": 4.064591980852672, "windAvg": 2.0704746399999996, "temp": 17.611111111111114, "humidity": 88.0, "direction": "N", "rainHour": 0.0, "pressure": 993.5625}