{"windPeak": 6.019016170604161, "windAvg": 2.1814248999999997, "temp": 23.77777777777778, "humidity": 72.0, "direction": "N", "rainHour": 0.0, "pressure": 1007.5625}