{"windPeak": 6.263723687273252e-05, "windAvg": 0.0, "temp": 19.61111111111111, "humidity": 56.0, "direction": "N", "rainHour": 0.0, "pressure": 1007.0}