{"windPeak": 6.758024379689717, "windAvg": 3.2810850800000004, "temp": 13.499999999999998, "humidity": 88.0, "direction": "N", "rainHour": 0.0, "pressure": 1002.875}