{"windPeak": 4.815830577501839, "windAvg": 2.9312338000000007, "temp": 24.22222222222222, "humidity": 40.0, "direction": "N", "rainHour": 0.0, "pressure": 1007.375}