{"windPeak": 4.8242725353359025e-06, "windAvg": 0.0, "temp": 26.500000000000004, "humidity": 73.0, "direction": "N", "rainHour": 0.0, "pressure": 1002.1875}