{"windPeak": 2.8249708684370685, "windAvg": 0.8254161000000001, "temp": 12.777777777777779, "humidity": 58.0, "direction": "N", "rainHour": 0.0, "pressure": 1000.25}