{"windPeak": 1.3664827837305808e-54, "windAvg": 0.0, "temp": 28.61111111111111, "humidity": 57.0, "direction": "N", "rainHour": 0.0, "pressure": 1000.75}