{"windPeak": 0.0003627833592321837, "windAvg": 0.0, "temp": 19.499999999999996, "humidity": 57.0, "direction": "N", "rainHour": 0.0, "pressure": 1007.0625}