{"windPeak": 3.0359290820016036, "windAvg": 2.0543689599999997, "temp": 27.5, "humidity": 61.0, "direction": "N", "rainHour": 0.0, "pressure": 1007.5625}