{"windPeak": 2.624990039848002, "windAvg": 0.40398414000000005, "temp": 16.500000000000004, "humidity": 65.0, "direction": "N", "rainHour": 0.0, "pressure": 1007.0}