{"windPeak": 2.7033806484894225e-08, "windAvg": 0.0, "temp": 27.77777777777778, "humidity": 73.0, "direction": "N", "rainHour": 0.0, "pressure": 1001.75}