{"windPeak": 1.9342210495749097, "windAvg": 0.4827230200000001, "temp": 26.999999999999996, "humidity": 68.0, "direction": "N", "rainHour": 0.0, "pressure": 1005.75}