{"windPeak": 5.802361169757396e-14, "windAvg": 0.0, "temp": 20.388888888888893, "humidity": 70.0, "direction": "N", "rainHour": 0.0, "pressure": 1010.0}