{"windPeak": 1.888192932791095e-19, "windAvg": 0.0, "temp": 28.11111111111111, "humidity": 62.0, "direction": "N", "rainHour": 0.0, "pressure": 1011.1875}