{"windPeak": 4.059793518585071, "windAvg": 1.5770145000000002, "temp": 24.000000000000004, "humidity": 72.0, "direction": "N", "rainHour": 0.0, "pressure": 990.1875}