{"windPeak": 1.25603189656706e-12, "windAvg": 0.0, "temp": 26.27777777777778, "humidity": 72.0, "direction": "N", "rainHour": 0.0, "pressure": 1010.1875}