{"windPeak": 2.844361214524825, "windAvg": 2.0749484399999996, "temp": 30.500000000000004, "humidity": 58.0, "direction": "N", "rainHour": 0.0, "pressure": 1001.0625}