{"windPeak": 4.732571501233339e-06, "windAvg": 0.0, "temp": 22.38888888888889, "humidity": 67.0, "direction": "N", "rainHour": 0.0, "pressure": 1002.6875}