{"windPeak": 2.780676440789177, "windAvg": 0.8200475600000001, "temp": 27.38888888888889, "humidity": 58.0, "direction": "N", "rainHour": 0.0, "pressure": 1007.875}