{"windPeak": 6.9666051358624195, "windAvg": 3.322243940000001, "temp": 24.88888888888889, "humidity": 53.0, "direction": "N", "rainHour": 0.0, "pressure": 1001.75}