{"windPeak": 2.8600503617541597, "windAvg": 0.3265874, "temp": 24.499999999999996, "humidity": 49.0, "direction": "N", "rainHour": 0.0, "pressure": 1002.6875}