{"windPeak": 2.0685123354404076, "windAvg": 0.53998766, "temp": 20.500000000000004, "humidity": 84.0, "direction": "N", "rainHour": 0.0, "pressure": 990.0}