{"windPeak": 4.147561057111704, "windAvg": 2.1939515199999997, "temp": 29.111111111111114, "humidity": 41.0, "direction": "N", "rainHour": 0.0, "pressure": 1008.0625}