{"windPeak": 0.0006290812468811476, "windAvg": 0.0, "temp": 26.500000000000004, "humidity": 44.0, "direction": "N", "rainHour": 0.0, "pressure": 1002.75}