{"windPeak": 7.140161633285471, "windAvg": 2.69456978, "temp": 31.38888888888889, "humidity": 44.0, "direction": "N", "rainHour": 0.0, "pressure": 1007.375}