{"windPeak": 2.4313883324770624, "windAvg": 0.67912284, "temp": 29.277777777777782, "humidity": 50.0, "direction": "N", "rainHour": 0.0, "pressure": 1002.5}