{"windPeak": 4.366292815389916e-08, "windAvg": 0.0, "temp": 17.72222222222222, "humidity": 79.0, "direction": "N", "rainHour": 0.0, "pressure": 993.0625}