{"windPeak": 4.6877822635881, "windAvg": 2.7563082000000008, "temp": 25.72222222222222, "humidity": 56.0, "direction": "N", "rainHour": 0.0, "pressure": 1002.5625}