{"windPeak": 4.749203222070429e-19, "windAvg": 0.0, "temp": 16.222222222222225, "humidity": 76.0, "direction": "N", "rainHour": 0.0, "pressure": 1000.375}