{"windPeak": 6.238284673063695, "windAvg": 2.869495320000001, "temp": 23.722222222222225, "humidity": 88.0, "direction": "N", "rainHour": 0.0, "pressure": 991.25}