{"windPeak": 8.716667900768631e-11, "windAvg": 0.0, "temp": 25.500000000000004, "humidity": 78.0, "direction": "N", "rainHour": 0.0, "pressure": 1003.0625}