{"windPeak": 6.246098702081274, "windAvg": 2.9723927800000007, "temp": 31.222222222222225, "humidity": 34.0, "direction": "N", "rainHour": 0.0, "pressure": 1006.6875}