{"windPeak": 2.612578377755532, "windAvg": 0.033106119999999996, "temp": 22.611111111111114, "humidity": 80.0, "direction": "N", "rainHour": 0.0, "pressure": 1003.5}