{"windPeak": 2.244899752443995, "windAvg": 0.17805724, "temp": 23.388888888888886, "humidity": 77.0, "direction": "N", "rainHour": 0.0, "pressure": 1007.75}