{"windPeak": 0.5409293847819084, "windAvg": 0.0, "temp": 21.611111111111114, "humidity": 76.0, "direction": "N", "rainHour": 0.0, "pressure": 1008.875}