{"windPeak": 4.018701699908938, "windAvg": 2.0454213599999993, "temp": 22.77777777777778, "humidity": 81.0, "direction": "N", "rainHour": 0.0, "pressure": 1003.5625}