{"windPeak": 1.395533592085759, "windAvg": 0.13689828, "temp": 22.38888888888889, "humidity": 67.0, "direction": "N", "rainHour": 0.0, "pressure": 1008.5}