{"windPeak": 7.172305359243622, "windAvg": 2.45924788, "temp": 20.611111111111107, "humidity": 72.0, "direction": "N", "rainHour": 0.0, "pressure": 1006.75}