{"windPeak": 8.046683660895182e-10, "windAvg": 0.0, "temp": 15.722222222222221, "humidity": 80.0, "direction": "N", "rainHour": 0.0, "pressure": 1001.75}