{"windPeak": 2.4475528978800734e-24, "windAvg": 0.0, "temp": 20.888888888888886, "humidity": 73.0, "direction": "N", "rainHour": 0.0, "pressure": 1002.5}