{"windPeak": 9.238790237007422e-34, "windAvg": 0.0, "temp": 20.888888888888886, "humidity": 68.0, "direction": "N", "rainHour": 0.0, "pressure": 1011.0}