{"windPeak": 1.3720053467274635, "windAvg": 0.3995103400000001, "temp": 20.388888888888893, "humidity": 55.0, "direction": "N", "rainHour": 0.0, "pressure": 1008.5625}