{"windPeak": 8.07416976004466, "windAvg": 3.054710680000001, "temp": 32.72222222222223, "humidity": 42.0, "direction": "N", "rainHour": 0.0, "pressure": 1006.5625}