{"windPeak": 9.735825990111687, "windAvg": 6.2548201400000005, "temp": 12.277777777777779, "humidity": 55.0, "direction": "N", "rainHour": 0.0, "pressure": 1004.6875}