{"windPeak": 1.9536095817424528, "windAvg": 0.52835578, "temp": 21.500000000000004, "humidity": 51.0, "direction": "N", "rainHour": 0.0, "pressure": 1007.1875}