{"windPeak": 0.72149759036657, "windAvg": 0.0, "temp": 23.277777777777782, "humidity": 84.0, "direction": "N", "rainHour": 0.0, "pressure": 998.0}