{"windPeak": 2.4593862124908874, "windAvg": 0.71222896, "temp": 20.27777777777778, "humidity": 71.0, "direction": "N", "rainHour": 0.0, "pressure": 1009.25}