{"windPeak": 3.1435058563963416, "windAvg": 1.45935356, "temp": 21.611111111111114, "humidity": 83.0, "direction": "N", "rainHour": 0.0, "pressure": 989.375}