{"windPeak": 3.318370798932335, "windAvg": 2.2315314399999995, "temp": 27.222222222222225, "humidity": 57.0, "direction": "N", "rainHour": 0.0, "pressure": 1012.0625}