{"windPeak": 1.1902212757144524e-55, "windAvg": 0.0, "temp": 15.777777777777779, "humidity": 82.0, "direction": "N", "rainHour": 0.0, "pressure": 1004.375}