{"windPeak": 0.420091176821533, "windAvg": 0.07873888, "temp": 11.88888888888889, "humidity": 83.0, "direction": "N", "rainHour": 0.0, "pressure": 1007.5625}