{"windPeak": 7.379373721685203, "windAvg": 3.970497620000001, "temp": 32.72222222222223, "humidity": 38.0, "direction": "N", "rainHour": 0.0, "pressure": 994.25}