{"windPeak": 0.193406050714728, "windAvg": 0.0, "temp": 24.499999999999996, "humidity": 81.0, "direction": "N", "rainHour": 0.0, "pressure": 1001.75}