{"windPeak": 6.978647089272152e-23, "windAvg": 0.0, "temp": 23.000000000000004, "humidity": 76.0, "direction": "N", "rainHour": 0.0, "pressure": 1003.75}