{"windPeak": 3.712930545074529, "windAvg": 2.002920259999999, "temp": 38.00000000000001, "humidity": 35.0, "direction": "N", "rainHour": 0.0, "pressure": 1003.375}