{"windPeak": 3.510682358106886, "windAvg": 0.77754644, "temp": 13.0, "humidity": 59.0, "direction": "N", "rainHour": 0.0, "pressure": 1000.1875}