{"windPeak": 5.591649877449207e-17, "windAvg": 0.0, "temp": 13.111111111111112, "humidity": 83.0, "direction": "N", "rainHour": 0.0, "pressure": 1010.875}