{"windPeak": 4.232654249548665, "windAvg": 2.74601844, "temp": 26.611111111111114, "humidity": 34.0, "direction": "N", "rainHour": 0.0, "pressure": 1009.75}