{"windPeak": 7.297026677028022, "windAvg": 3.4765900800000007, "temp": 33.72222222222223, "humidity": 27.0, "direction": "N", "rainHour": 0.0, "pressure": 1004.75}