{"windPeak": 0.22729331235179842, "windAvg": 0.0, "temp": 24.61111111111111, "humidity": 75.0, "direction": "N", "rainHour": 0.0, "pressure": 1003.5625}