{"windPeak": 3.8654771966729053, "windAvg": 1.8199418399999996, "temp": 38.72222222222223, "humidity": 34.0, "direction": "N", "rainHour": 0.0, "pressure": 1007.5}