{"windPeak": 3.2157560115006434, "windAvg": 0.36998326000000004, "temp": 21.500000000000004, "humidity": 83.0, "direction": "N", "rainHour": 0.0, "pressure": 1002.375}