{"windPeak": 9.424841569070717, "windAvg": 4.145423320000003, "temp": 22.611111111111114, "humidity": 42.0, "direction": "N", "rainHour": 0.0, "pressure": 997.6875}