{"windPeak": 6.060455871246437, "windAvg": 2.35858738, "temp": 13.777777777777777, "humidity": 88.0, "direction": "N", "rainHour": 0.0, "pressure": 1002.375}