{"windPeak": 3.7012855248200007, "windAvg": 2.3961672799999993, "temp": 31.72222222222222, "humidity": 59.0, "direction": "N", "rainHour": 0.0, "pressure": 1000.875}