{"windPeak": 1.410807147069834e-07, "windAvg": 0.0, "temp": 21.72222222222222, "humidity": 68.0, "direction": "N", "rainHour": 0.0, "pressure": 1002.75}