{"windPeak": 6.445219914927454, "windAvg": 2.8193888000000005, "temp": 23.22222222222222, "humidity": 82.0, "direction": "N", "rainHour": 0.0, "pressure": 1002.0625}