{"windPeak": 2.7655169923997156, "windAvg": 0.0, "temp": 21.888888888888893, "humidity": 50.0, "direction": "N", "rainHour": 0.0, "pressure": 1010.75}