{"windPeak": 3.142740779954671, "windAvg": 0.033106119999999996, "temp": 22.38888888888889, "humidity": 75.0, "direction": "N", "rainHour": 0.0, "pressure": 1011.5625}