{"windPeak": 2.7380812851699, "windAvg": 1.7148075399999991, "temp": 22.77777777777778, "humidity": 65.0, "direction": "N", "rainHour": 0.0, "pressure": 1005.875}