{"windPeak": 0.17343275950634834, "windAvg": 0.0, "temp": 30.111111111111114, "humidity": 65.0, "direction": "N", "rainHour": 0.0, "pressure": 1001.5625}