{"windPeak": 1.9775833384992896, "windAvg": 0.14495112, "temp": 23.22222222222222, "humidity": 80.0, "direction": "N", "rainHour": 0.0, "pressure": 1002.0}