{"windPeak": 1.0364711648403322, "windAvg": 0.04563276, "temp": 17.77777777777778, "humidity": 86.0, "direction": "N", "rainHour": 0.0, "pressure": 1002.0625}