{"windPeak": 4.023455760348627, "windAvg": 2.5379867799999998, "temp": 27.611111111111114, "humidity": 63.0, "direction": "N", "rainHour": 0.0, "pressure": 1006.25}