{"windPeak": 4.962345047417307, "windAvg": 2.9929722600000006, "temp": 23.88888888888889, "humidity": 72.0, "direction": "N", "rainHour": 0.0, "pressure": 990.0}