{"windPeak": 4.941271940835146, "windAvg": 2.8694953400000003, "temp": 23.22222222222222, "humidity": 76.0, "direction": "N", "rainHour": 0.0, "pressure": 1000.0}