{"windPeak": 3.7310645852298854, "windAvg": 2.33442884, "temp": 26.222222222222225, "humidity": 67.0, "direction": "N", "rainHour": 0.0, "pressure": 1007.375}