{"windPeak": 1.9690942543689964e-05, "windAvg": 0.0, "temp": 25.500000000000004, "humidity": 47.0, "direction": "N", "rainHour": 0.0, "pressure": 1002.5625}