{"windPeak": 9.867434591768235e-22, "windAvg": 0.0, "temp": 17.22222222222222, "humidity": 82.0, "direction": "N", "rainHour": 0.0, "pressure": 993.25}