{"windPeak": 3.1742830577912207, "windAvg": 1.4571166600000003, "temp": 20.72222222222222, "humidity": 83.0, "direction": "N", "rainHour": 0.0, "pressure": 994.375}