{"windPeak": 8.132301937550157, "windAvg": 4.783387340000003, "temp": 28.000000000000004, "humidity": 42.0, "direction": "N", "rainHour": 0.0, "pressure": 992.875}