{"windPeak": 4.0969832289315535, "windAvg": 2.5071175200000004, "temp": 23.000000000000004, "humidity": 78.0, "direction": "N", "rainHour": 0.0, "pressure": 1009.5}