{"windPeak": 1.093617791131346, "windAvg": 0.0, "temp": 35.22222222222223, "humidity": 57.0, "direction": "N", "rainHour": 0.0, "pressure": 1000.5}