{"windPeak": 1.6475553734713297, "windAvg": 0.10155526, "temp": 22.77777777777778, "humidity": 52.0, "direction": "N", "rainHour": 0.0, "pressure": 1004.5}