{"windPeak": 3.413064696891585, "windAvg": 0.6518326599999998, "temp": 13.111111111111112, "humidity": 85.0, "direction": "N", "rainHour": 0.0, "pressure": 1010.0}