{"windPeak": 5.687119220007592, "windAvg": 2.8386261200000007, "temp": 29.88888888888889, "humidity": 40.0, "direction": "N", "rainHour": 0.0, "pressure": 1009.1875}