{"windPeak": 3.7072708808492263, "windAvg": 1.65217434, "temp": 30.888888888888886, "humidity": 42.0, "direction": "N", "rainHour": 0.0, "pressure": 1001.875}