{"windPeak": 0.933808803704367, "windAvg": 0.111845, "temp": 28.22222222222222, "humidity": 47.0, "direction": "N", "rainHour": 0.0, "pressure": 1004.1875}