{"windPeak": 5.619607777384219e-07, "windAvg": 0.0, "temp": 20.388888888888893, "humidity": 65.0, "direction": "N", "rainHour": 0.0, "pressure": 1009.0}