{"windPeak": 8.226559284625191, "windAvg": 3.8161515400000003, "temp": 14.38888888888889, "humidity": 85.0, "direction": "N", "rainHour": 0.0, "pressure": 1004.5}