{"windPeak": 4.6316289368482675, "windAvg": 2.8180466400000004, "temp": 27.611111111111114, "humidity": 45.0, "direction": "N", "rainHour": 0.0, "pressure": 1008.5}