{"windPeak": 4.229056880554426, "windAvg": 1.0871334000000004, "temp": 24.722222222222225, "humidity": 74.0, "direction": "N", "rainHour": 0.0, "pressure": 1003.0}