{"windPeak": 2.291976611571825, "windAvg": 0.16553059999999997, "temp": 16.88888888888889, "humidity": 87.0, "direction": "N", "rainHour": 0.0, "pressure": 994.1875}