{"windPeak": 3.3635739556060033e-06, "windAvg": 0.0, "temp": 21.222222222222225, "humidity": 83.0, "direction": "N", "rainHour": 0.0, "pressure": 1006.5625}