{"windPeak": 6.014632348026625, "windAvg": 2.6820431399999993, "temp": 27.277777777777775, "humidity": 60.0, "direction": "N", "rainHour": 0.0, "pressure": 1006.0625}