{"windPeak": 4.521744252342016, "windAvg": 2.7357287, "temp": 26.999999999999996, "humidity": 54.0, "direction": "N", "rainHour": 0.0, "pressure": 1008.1875}