{"windPeak": 0.0004923912047574669, "windAvg": 0.0, "temp": 19.499999999999996, "humidity": 85.0, "direction": "N", "rainHour": 0.0, "pressure": 1004.6875}