{"windPeak": 0.4066552548141898, "windAvg": 0.0, "temp": 21.77777777777778, "humidity": 56.0, "direction": "N", "rainHour": 0.0, "pressure": 1006.6875}