{"windPeak": 1.6184835262084778, "windAvg": 0.07873888, "temp": 12.222222222222223, "humidity": 83.0, "direction": "N", "rainHour": 0.0, "pressure": 1007.6875}