{"windPeak": 3.0961530557423004e-32, "windAvg": 0.0, "temp": 20.888888888888886, "humidity": 86.0, "direction": "N", "rainHour": 0.0, "pressure": 1007.25}