{"windPeak": 2.171219546776624e-26, "windAvg": 0.0, "temp": 22.722222222222225, "humidity": 87.0, "direction": "N", "rainHour": 0.0, "pressure": 1000.25}