{"windPeak": 7.413660840783214e-39, "windAvg": 0.0, "temp": 12.000000000000002, "humidity": 83.0, "direction": "N", "rainHour": 0.0, "pressure": 1004.0}