{"windPeak": 3.9923853458031857, "windAvg": 2.169793, "temp": 21.888888888888893, "humidity": 76.0, "direction": "N", "rainHour": 0.0, "pressure": 992.5625}