{"windPeak": 0.8747431457668723, "windAvg": 0.0, "temp": 24.22222222222222, "humidity": 78.0, "direction": "N", "rainHour": 0.0, "pressure": 1002.875}