{"windPeak": 0.9017727456593081, "windAvg": 0.0, "temp": 25.111111111111114, "humidity": 66.0, "direction": "N", "rainHour": 0.0, "pressure": 1006.0625}