{"windPeak": 2.194885882935906, "windAvg": 0.49659179999999997, "temp": 23.77777777777778, "humidity": 79.0, "direction": "N", "rainHour": 0.0, "pressure": 1007.75}