{"windPeak": 2.572946055649866, "windAvg": 1.15334564, "temp": 23.61111111111111, "humidity": 84.0, "direction": "N", "rainHour": 0.0, "pressure": 997.6875}