{"windPeak": 2.8435969757261825e-07, "windAvg": 0.0, "temp": 30.72222222222222, "humidity": 48.0, "direction": "N", "rainHour": 0.0, "pressure": 1013.0}