{"windPeak": 4.26714859692508e-33, "windAvg": 0.0, "temp": 25.888888888888886, "humidity": 64.0, "direction": "N", "rainHour": 0.0, "pressure": 1011.5}