{"windPeak": 0.5811172351351468, "windAvg": 0.1816363, "temp": 26.0, "humidity": 69.0, "direction": "N", "rainHour": 0.0, "pressure": 1007.6875}