{"windPeak": 6.652312547054735, "windAvg": 2.4570109599999994, "temp": 29.111111111111114, "humidity": 38.0, "direction": "N", "rainHour": 0.0, "pressure": 1009.375}