{"windPeak": 4.154081620826057, "windAvg": 2.1138705, "temp": -40.0, "humidity": 0.0, "direction": "N", "rainHour": 0.0, "pressure": 1002.6875}