{"windPeak": 7.034420467621345e-12, "windAvg": 0.0, "temp": 16.77777777777778, "humidity": 80.0, "direction": "N", "rainHour": 0.0, "pressure": 992.6875}