{"windPeak": 3.8430011682837, "windAvg": 1.8910752599999991, "temp": 23.61111111111111, "humidity": 78.0, "direction": "N", "rainHour": 0.0, "pressure": 1007.0}