{"windPeak": 1.8764168789043179, "windAvg": 0.12213473999999998, "temp": 23.88888888888889, "humidity": 70.0, "direction": "N", "rainHour": 0.0, "pressure": 1005.1875}