{"windPeak": 6.675346659848707e-32, "windAvg": 0.0, "temp": 16.38888888888889, "humidity": 77.0, "direction": "N", "rainHour": 0.0, "pressure": 1005.375}