{"windPeak": 2.8463041745319115e-44, "windAvg": 0.0, "temp": 13.388888888888891, "humidity": 83.0, "direction": "N", "rainHour": 0.0, "pressure": 1004.0625}