{"windPeak": 2.69446860105608e-33, "windAvg": 0.0, "temp": 20.222222222222225, "humidity": 69.0, "direction": "N", "rainHour": 0.0, "pressure": 1003.0}