{"windPeak": 1.4798906273632135, "windAvg": 0.033106119999999996, "temp": 18.77777777777778, "humidity": 79.0, "direction": "N", "rainHour": 0.0, "pressure": 1009.75}