{"windPeak": 5.4016544446437225, "windAvg": 1.8100995199999994, "temp": 25.888888888888886, "humidity": 57.0, "direction": "N", "rainHour": 0.0, "pressure": 1009.0625}