{"windPeak": 5.724478635165391e-15, "windAvg": 0.0, "temp": 23.000000000000004, "humidity": 86.0, "direction": "N", "rainHour": 0.0, "pressure": 1000.375}