{"windPeak": 3.1057194848193044, "windAvg": 1.6110153799999996, "temp": 22.22222222222222, "humidity": 82.0, "direction": "N", "rainHour": 0.0, "pressure": 1007.5}