{"windPeak": 2.1608495894829836e-10, "windAvg": 0.0, "temp": 23.11111111111111, "humidity": 85.0, "direction": "N", "rainHour": 0.0, "pressure": 1000.6875}