{"windPeak": 7.993049029394309, "windAvg": 3.239926000000001, "temp": 25.27777777777778, "humidity": 50.0, "direction": "N", "rainHour": 0.0, "pressure": 1007.875}