{"windPeak": 8.190054998007678e-57, "windAvg": 0.0, "temp": 23.000000000000004, "humidity": 60.0, "direction": "N", "rainHour": 0.0, "pressure": 1009.875}