{"windPeak": 2.665428079369101, "windAvg": 0.44648523999999995, "temp": 28.5, "humidity": 54.0, "direction": "N", "rainHour": 0.0, "pressure": 1014.0625}