{"windPeak": 3.8264854406889373, "windAvg": 1.34974546, "temp": 27.888888888888893, "humidity": 65.0, "direction": "N", "rainHour": 0.0, "pressure": 1000.75}