{"windPeak": 1.877949472943323e-08, "windAvg": 0.0, "temp": 22.611111111111114, "humidity": 75.0, "direction": "N", "rainHour": 0.0, "pressure": 1005.1875}