{"windPeak": 3.099164579109538e-32, "windAvg": 0.0, "temp": 19.27777777777778, "humidity": 72.0, "direction": "N", "rainHour": 0.0, "pressure": 1011.1875}