{"windPeak": 3.17413900375953, "windAvg": 1.1886886600000004, "temp": 28.88888888888889, "humidity": 56.0, "direction": "N", "rainHour": 0.0, "pressure": 1003.6875}