{"windPeak": 1.4420370021278497, "windAvg": 0.13466138, "temp": 11.77777777777778, "humidity": 84.0, "direction": "N", "rainHour": 0.0, "pressure": 1007.6875}