{"windPeak": 0.729742902613377, "windAvg": 0.0, "temp": 14.000000000000002, "humidity": 84.0, "direction": "N", "rainHour": 0.0, "pressure": 1005.75}