{"windPeak": 4.790091334042338e-37, "windAvg": 0.0, "temp": 18.388888888888886, "humidity": 83.0, "direction": "N", "rainHour": 0.0, "pressure": 1000.1875}