{"windPeak": 1.2355423306484454e-12, "windAvg": 0.0, "temp": 20.72222222222222, "humidity": 75.0, "direction": "N", "rainHour": 0.0, "pressure": 1005.5625}