{"windPeak": 4.934582249736999e-37, "windAvg": 0.0, "temp": 24.22222222222222, "humidity": 77.0, "direction": "N", "rainHour": 0.0, "pressure": 1006.1875}