{"windPeak": 0.33807308517839246, "windAvg": 0.0, "temp": 23.88888888888889, "humidity": 58.0, "direction": "N", "rainHour": 0.0, "pressure": 1004.875}