{"windPeak": 2.101195941627908, "windAvg": 0.26708586000000006, "temp": 25.500000000000004, "humidity": 71.0, "direction": "N", "rainHour": 0.0, "pressure": 1003.1875}