{"windPeak": 3.5041847978646565, "windAvg": 1.8543901, "temp": 30.0, "humidity": 47.0, "direction": "N", "rainHour": 0.0, "pressure": 1003.375}