{"windPeak": 7.688122953203742, "windAvg": 4.093974560000001, "temp": 31.222222222222225, "humidity": 31.0, "direction": "N", "rainHour": 0.0, "pressure": 1004.875}