{"windPeak": 5.1575822413021534e-79, "windAvg": 0.0, "temp": 24.111111111111114, "humidity": 81.0, "direction": "N", "rainHour": 0.0, "pressure": 1002.5625}