{"windPeak": 7.450988625990097, "windAvg": 3.371455760000001, "temp": 19.22222222222222, "humidity": 60.0, "direction": "N", "rainHour": 0.0, "pressure": 1006.375}