{"windPeak": 0.25820437218383036, "windAvg": 0.0, "temp": 20.611111111111107, "humidity": 84.0, "direction": "N", "rainHour": 0.0, "pressure": 1002.375}