{"windPeak": 2.5718337495609268e-24, "windAvg": 0.0, "temp": 16.77777777777778, "humidity": 78.0, "direction": "N", "rainHour": 0.0, "pressure": 1005.0625}