{"windPeak": 4.198782628241838, "windAvg": 2.5813825999999995, "temp": 33.72222222222223, "humidity": 38.0, "direction": "N", "rainHour": 0.0, "pressure": 1006.5625}