{"windPeak": 2.366801122553675, "windAvg": 1.2575851800000004, "temp": 24.777777777777775, "humidity": 73.0, "direction": "N", "rainHour": 0.0, "pressure": 989.6875}