{"windPeak": 2.2020535363172202, "windAvg": 0.9359189600000002, "temp": 20.388888888888893, "humidity": 63.0, "direction": "N", "rainHour": 0.0, "pressure": 1004.25}