{"windPeak": 4.612770186235658, "windAvg": 2.20200438, "temp": 26.72222222222222, "humidity": 44.0, "direction": "N", "rainHour": 0.0, "pressure": 1011.875}