{"windPeak": 4.0109237072113615, "windAvg": 2.0234997599999995, "temp": 27.38888888888889, "humidity": 66.0, "direction": "N", "rainHour": 0.0, "pressure": 1006.5625}