{"windPeak": 1.6633632313923916, "windAvg": 0.15747776000000002, "temp": 19.499999999999996, "humidity": 62.0, "direction": "N", "rainHour": 0.0, "pressure": 1006.75}