{"windPeak": 6.332333058020143, "windAvg": 3.692674620000001, "temp": 18.88888888888889, "humidity": 73.0, "direction": "N", "rainHour": 0.0, "pressure": 1002.5625}