{"windPeak": 5.985059588178463, "windAvg": 1.0410532600000002, "temp": 6.722222222222223, "humidity": 76.0, "direction": "N", "rainHour": 0.0, "pressure": 1005.75}