{"windPeak": 1.9668818008129574, "windAvg": 0.15747776000000002, "temp": 24.88888888888889, "humidity": 71.0, "direction": "N", "rainHour": 0.0, "pressure": 1005.875}