{"windPeak": 2.69577032021275e-38, "windAvg": 0.0, "temp": 23.277777777777782, "humidity": 83.0, "direction": "N", "rainHour": 0.0, "pressure": 1007.75}