{"windPeak": 11.536485748324534, "windAvg": 5.205266760000001, "temp": 16.38888888888889, "humidity": 51.0, "direction": "N", "rainHour": 0.0, "pressure": 1001.375}