{"windPeak": 6.450554008368848, "windAvg": 3.4868798200000013, "temp": 32.22222222222222, "humidity": 33.0, "direction": "N", "rainHour": 0.0, "pressure": 1006.1875}