{"windPeak": 1.7059850559852478e-10, "windAvg": 0.0, "temp": 24.61111111111111, "humidity": 73.0, "direction": "N", "rainHour": 0.0, "pressure": 1006.875}