{"windPeak": 6.949893430888241, "windAvg": 3.2193465200000015, "temp": 28.22222222222222, "humidity": 37.0, "direction": "N", "rainHour": 0.0, "pressure": 1004.5}