{"windPeak": 2.1757013863961, "windAvg": 0.0, "temp": 32.72222222222223, "humidity": 46.0, "direction": "N", "rainHour": 0.0, "pressure": 1003.0}