{"windPeak": 3.7163291295986935, "windAvg": 2.08523818, "temp": 27.722222222222225, "humidity": 62.0, "direction": "N", "rainHour": 0.0, "pressure": 1007.25}