{"windPeak": 3.1940849454213973, "windAvg": 1.6360686599999994, "temp": 18.000000000000004, "humidity": 87.0, "direction": "N", "rainHour": 0.0, "pressure": 986.875}