{"windPeak": 3.9777319246324896, "windAvg": 2.4681954600000005, "temp": 33.22222222222222, "humidity": 56.0, "direction": "N", "rainHour": 0.0, "pressure": 1005.5}