{"windPeak": 0.0008926615624950944, "windAvg": 0.0, "temp": 29.22222222222222, "humidity": 67.0, "direction": "N", "rainHour": 0.0, "pressure": 1001.875}