{"windPeak": 2.180711407129494, "windAvg": 1.0137630800000001, "temp": 23.77777777777778, "humidity": 75.0, "direction": "N", "rainHour": 0.0, "pressure": 1004.5625}