{"windPeak": 1.2752720938650832e-12, "windAvg": 0.0, "temp": 16.61111111111111, "humidity": 81.0, "direction": "N", "rainHour": 0.0, "pressure": 993.0}