{"windPeak": 0.2723181708573349, "windAvg": 0.0559225, "temp": 25.777777777777782, "humidity": 78.0, "direction": "N", "rainHour": 0.0, "pressure": 1003.0}