{"windPeak": 4.612123625766861e-31, "windAvg": 0.0, "temp": 21.888888888888893, "humidity": 71.0, "direction": "N", "rainHour": 0.0, "pressure": 1012.25}