{"windPeak": 1.1075230040168005, "windAvg": 0.06844914, "temp": 23.61111111111111, "humidity": 48.0, "direction": "N", "rainHour": 0.0, "pressure": 1004.5}