{"windPeak": 2.32114630087144, "windAvg": 0.43037955999999994, "temp": 23.11111111111111, "humidity": 78.0, "direction": "N", "rainHour": 0.0, "pressure": 1007.75}