{"windPeak": 3.7007405279456114, "windAvg": 2.08881722, "temp": 25.61111111111111, "humidity": 71.0, "direction": "N", "rainHour": 0.0, "pressure": 1003.1875}