{"windPeak": 10.004182443503696, "windAvg": 5.009761520000001, "temp": 12.277777777777779, "humidity": 62.0, "direction": "N", "rainHour": 0.0, "pressure": 1004.25}