{"windPeak": 9.68611570533851, "windAvg": 4.8759949600000025, "temp": 27.222222222222225, "humidity": 48.0, "direction": "N", "rainHour": 0.0, "pressure": 992.875}