{"windPeak": 3.697105298436136, "windAvg": 2.0521320599999995, "temp": 25.27777777777778, "humidity": 51.0, "direction": "N", "rainHour": 0.0, "pressure": 997.375}