{"windPeak": 3.992613236548185e-54, "windAvg": 0.0, "temp": 15.277777777777779, "humidity": 81.0, "direction": "N", "rainHour": 0.0, "pressure": 1004.75}