{"windPeak": 4.170482549588889, "windAvg": 2.33219194, "temp": 32.5, "humidity": 45.0, "direction": "N", "rainHour": 0.0, "pressure": 1008.875}