{"windPeak": 3.822438934841508, "windAvg": 0.5994891999999998, "temp": 26.500000000000004, "humidity": 73.0, "direction": "N", "rainHour": 0.0, "pressure": 1001.375}