{"windPeak": 1.5543137621393842e-45, "windAvg": 0.0, "temp": 22.11111111111111, "humidity": 79.0, "direction": "N", "rainHour": 0.0, "pressure": 1002.875}