{"windPeak": 3.2876457606794958, "windAvg": 2.10805456, "temp": 30.61111111111111, "humidity": 62.0, "direction": "N", "rainHour": 0.0, "pressure": 1000.875}