{"windPeak": 7.8601019497310824, "windAvg": 3.0502369800000007, "temp": 19.22222222222222, "humidity": 76.0, "direction": "N", "rainHour": 0.0, "pressure": 1006.375}