{"windPeak": 4.317724189503774, "windAvg": 2.14250282, "temp": 26.72222222222222, "humidity": 45.0, "direction": "N", "rainHour": 0.0, "pressure": 1005.25}