{"windPeak": 7.651126406749153, "windAvg": 3.486879780000001, "temp": 24.88888888888889, "humidity": 37.0, "direction": "N", "rainHour": 0.0, "pressure": 1007.1875}