{"windPeak": 2.8373715052980777, "windAvg": 0.64154292, "temp": 17.38888888888889, "humidity": 86.0, "direction": "N", "rainHour": 0.0, "pressure": 995.375}