{"windPeak": 2.2816664780006657e-05, "windAvg": 0.0, "temp": 24.777777777777775, "humidity": 61.0, "direction": "N", "rainHour": 0.0, "pressure": 1008.5625}