{"windPeak": 2.208338931961228, "windAvg": 0.21563716000000002, "temp": 17.611111111111114, "humidity": 71.0, "direction": "N", "rainHour": 0.0, "pressure": 1004.5}