{"windPeak": 1.5869104893120614, "windAvg": 0.07873888, "temp": 18.000000000000004, "humidity": 60.0, "direction": "N", "rainHour": 0.0, "pressure": 1006.6875}