{"windPeak": 3.1608066152403134, "windAvg": 0.6437798199999999, "temp": 32.22222222222222, "humidity": 48.0, "direction": "N", "rainHour": 0.0, "pressure": 1002.875}