{"windPeak": 12.615884758557684, "windAvg": 4.75251806, "temp": 21.72222222222222, "humidity": 43.0, "direction": "N", "rainHour": 0.0, "pressure": 998.5}