{"windPeak": 2.1415558087883837, "windAvg": 0.21340026, "temp": 22.22222222222222, "humidity": 74.0, "direction": "N", "rainHour": 0.0, "pressure": 1007.375}