{"windPeak": 3.754150654684125, "windAvg": 2.34471858, "temp": 33.388888888888886, "humidity": 54.0, "direction": "N", "rainHour": 0.0, "pressure": 1007.1875}