{"windPeak": 2.1095876493913447e-36, "windAvg": 0.0, "temp": 21.27777777777778, "humidity": 70.0, "direction": "N", "rainHour": 0.0, "pressure": 1012.5}