{"windPeak": 2.029356077230477, "windAvg": 0.62320034, "temp": 20.111111111111114, "humidity": 56.0, "direction": "N", "rainHour": 0.0, "pressure": 1007.1875}