{"windPeak": 3.3472415508203994, "windAvg": 0.67957022, "temp": 22.77777777777778, "humidity": 80.0, "direction": "N", "rainHour": 0.0, "pressure": 1001.375}