{"windPeak": 2.695592934906299, "windAvg": 0.44738000000000006, "temp": 24.499999999999996, "humidity": 77.0, "direction": "N", "rainHour": 0.0, "pressure": 1009.375}