{"windPeak": 2.4225130512370263e-30, "windAvg": 0.0, "temp": 24.61111111111111, "humidity": 78.0, "direction": "N", "rainHour": 0.0, "pressure": 1002.75}