{"windPeak": 3.495150709444534, "windAvg": 1.0674486800000003, "temp": 13.111111111111112, "humidity": 59.0, "direction": "N", "rainHour": 0.0, "pressure": 1000.1875}