{"windPeak": 1.467613378186767, "windAvg": 0.04563276, "temp": 20.111111111111114, "humidity": 81.0, "direction": "N", "rainHour": 0.0, "pressure": 1005.5625}