{"windPeak": 3.008601349221109, "windAvg": 1.4821699400000004, "temp": 29.277777777777782, "humidity": 50.0, "direction": "N", "rainHour": 0.0, "pressure": 1003.375}