{"windPeak": 9.507424433940399, "windAvg": 4.731938600000001, "temp": 28.5, "humidity": 43.0, "direction": "N", "rainHour": 0.0, "pressure": 993.1875}