{"windPeak": 2.4857189538137963, "windAvg": 0.9359189600000001, "temp": 29.388888888888893, "humidity": 45.0, "direction": "N", "rainHour": 0.0, "pressure": 1006.875}