{"windPeak": 5.105562384120653, "windAvg": 2.7460184400000003, "temp": 18.111111111111107, "humidity": 87.0, "direction": "N", "rainHour": 0.0, "pressure": 995.0625}