{"windPeak": 4.12316044876142, "windAvg": 2.39616728, "temp": 28.5, "humidity": 37.0, "direction": "N", "rainHour": 0.0, "pressure": 1009.0625}