{"windPeak": 1.2448968672979954, "windAvg": 0.0, "temp": 23.000000000000004, "humidity": 79.0, "direction": "N", "rainHour": 0.0, "pressure": 1003.5}