{"windPeak": 3.6739732597022803, "windAvg": 2.3550083199999996, "temp": 34.22222222222222, "humidity": 52.0, "direction": "N", "rainHour": 0.0, "pressure": 1000.1875}