{"windPeak": 3.095566297272219, "windAvg": 0.47288066000000006, "temp": 23.388888888888886, "humidity": 81.0, "direction": "N", "rainHour": 0.0, "pressure": 1002.1875}