{"windPeak": 1.2755499680063726e-52, "windAvg": 0.0, "temp": 14.61111111111111, "humidity": 83.0, "direction": "N", "rainHour": 0.0, "pressure": 1004.6875}