{"windPeak": 3.4131394806413278, "windAvg": 2.0682377399999994, "temp": 34.611111111111114, "humidity": 53.0, "direction": "N", "rainHour": 0.0, "pressure": 1000.5}