{"windPeak": 7.129312194101731, "windAvg": 3.0135518199999995, "temp": 23.000000000000004, "humidity": 54.0, "direction": "N", "rainHour": 0.0, "pressure": 1006.375}