{"windPeak": 5.930195784825757, "windAvg": 2.90036458, "temp": 22.722222222222225, "humidity": 55.0, "direction": "N", "rainHour": 0.0, "pressure": 1001.875}