{"windPeak": 3.3853495921544385, "windAvg": 2.138923779999999, "temp": 22.22222222222222, "humidity": 50.0, "direction": "N", "rainHour": 0.0, "pressure": 1004.0}