{"windPeak": 7.408792190221515e-14, "windAvg": 0.0, "temp": 23.277777777777782, "humidity": 74.0, "direction": "N", "rainHour": 0.0, "pressure": 1004.25}