{"windPeak": 7.532427400503281e-42, "windAvg": 0.0, "temp": 19.27777777777778, "humidity": 72.0, "direction": "N", "rainHour": 0.0, "pressure": 1002.0}