{"windPeak": 4.583392985521608e-82, "windAvg": 0.0, "temp": 24.000000000000004, "humidity": 81.0, "direction": "N", "rainHour": 0.0, "pressure": 1003.0625}