{"windPeak": 0.0031578759557345363, "windAvg": 0.0, "temp": 13.722222222222225, "humidity": 79.0, "direction": "N", "rainHour": 0.0, "pressure": 1011.1875}