{"windPeak": 3.254773500288688e-06, "windAvg": 0.0, "temp": 23.61111111111111, "humidity": 54.0, "direction": "N", "rainHour": 0.0, "pressure": 1008.875}