{"windPeak": 3.6289109025236517, "windAvg": 1.7116758800000003, "temp": 17.611111111111114, "humidity": 87.0, "direction": "N", "rainHour": 0.0, "pressure": 991.75}