{"windPeak": 2.528876518255331e-07, "windAvg": 0.0, "temp": 17.611111111111114, "humidity": 79.0, "direction": "N", "rainHour": 0.0, "pressure": 993.0}