{"windPeak": 3.6155813383492345e-20, "windAvg": 0.0, "temp": 21.11111111111111, "humidity": 75.0, "direction": "N", "rainHour": 0.0, "pressure": 1010.25}