{"windPeak": 5.1566758442160765, "windAvg": 3.3119542, "temp": 32.388888888888886, "humidity": 39.0, "direction": "N", "rainHour": 0.0, "pressure": 1006.5}