{"windPeak": 4.407038756607025, "windAvg": 1.8315737199999993, "temp": 24.22222222222222, "humidity": 65.0, "direction": "N", "rainHour": 0.0, "pressure": 1002.25}