{"windPeak": 10.383728184399805, "windAvg": 4.577592700000001, "temp": 21.999999999999996, "humidity": 39.0, "direction": "N", "rainHour": 0.0, "pressure": 999.875}