{"windPeak": 3.3171442165346047e-12, "windAvg": 0.0, "temp": 17.888888888888893, "humidity": 71.0, "direction": "N", "rainHour": 0.0, "pressure": 1000.1875}