{"windPeak": 4.3626434561271477e-41, "windAvg": 0.0, "temp": 19.72222222222222, "humidity": 71.0, "direction": "N", "rainHour": 0.0, "pressure": 1001.875}