{"windPeak": 3.6039845417656986, "windAvg": 2.23153144, "temp": 26.72222222222222, "humidity": 72.0, "direction": "N", "rainHour": 0.0, "pressure": 1001.0}