{"windPeak": 4.385044278382496, "windAvg": 2.032894739999999, "temp": 27.38888888888889, "humidity": 71.0, "direction": "N", "rainHour": 0.0, "pressure": 1007.875}