{"windPeak": 3.6486163736644902e-06, "windAvg": 0.0, "temp": 21.72222222222222, "humidity": 78.0, "direction": "N", "rainHour": 0.0, "pressure": 1005.0625}