{"windPeak": 4.634822496264294, "windAvg": 3.1164490800000006, "temp": 18.61111111111111, "humidity": 88.0, "direction": "N", "rainHour": 0.01, "pressure": 996.6875}