{"windPeak": 2.276705476788245, "windAvg": 0.83928488, "temp": 19.499999999999996, "humidity": 82.0, "direction": "N", "rainHour": 0.0, "pressure": 1005.75}