{"windPeak": 5.481632770774404, "windAvg": 2.68428002, "temp": 29.777777777777775, "humidity": 51.0, "direction": "N", "rainHour": 0.0, "pressure": 1007.5625}