{"windPeak": 2.3147120374164152e-20, "windAvg": 0.0, "temp": 24.000000000000004, "humidity": 73.0, "direction": "N", "rainHour": 0.0, "pressure": 1011.375}