{"windPeak": 1.9189336153765388e-48, "windAvg": 0.0, "temp": 17.72222222222222, "humidity": 74.0, "direction": "N", "rainHour": 0.0, "pressure": 1010.75}