{"windPeak": 4.740654697720309, "windAvg": 2.859205600000001, "temp": 26.222222222222225, "humidity": 65.0, "direction": "N", "rainHour": 0.0, "pressure": 1007.75}