{"windPeak": 0.5167785694214637, "windAvg": 0.0, "temp": 22.722222222222225, "humidity": 74.0, "direction": "N", "rainHour": 0.0, "pressure": 1011.5}