{"windPeak": 3.7690589498887834, "windAvg": 2.3836406400000003, "temp": 21.999999999999996, "humidity": 83.0, "direction": "N", "rainHour": 0.0, "pressure": 1006.875}