{"windPeak": 3.536926089424564e-06, "windAvg": 0.0, "temp": 17.38888888888889, "humidity": 73.0, "direction": "N", "rainHour": 0.0, "pressure": 1003.875}