{"windPeak": 3.6005291204375576, "windAvg": 2.262400659999999, "temp": 38.22222222222222, "humidity": 45.0, "direction": "N", "rainHour": 0.0, "pressure": 1005.375}