{"windPeak": 2.2134547598412113, "windAvg": 1.0374742200000002, "temp": 27.222222222222225, "humidity": 48.0, "direction": "N", "rainHour": 0.0, "pressure": 1006.5}