{"windPeak": 2.847615447760061, "windAvg": 1.3117181600000003, "temp": 33.277777777777786, "humidity": 39.0, "direction": "N", "rainHour": 0.0, "pressure": 1004.0625}