{"windPeak": 2.669251786386895, "windAvg": 1.1985310200000006, "temp": 20.777777777777782, "humidity": 57.0, "direction": "N", "rainHour": 0.0, "pressure": 1004.5}