{"windPeak": 3.1778216292402703, "windAvg": 1.9411818199999997, "temp": 38.72222222222223, "humidity": 44.0, "direction": "N", "rainHour": 0.0, "pressure": 1001.375}