{"windPeak": 2.034114647964723, "windAvg": 0.2751387, "temp": 20.388888888888893, "humidity": 72.0, "direction": "N", "rainHour": 0.0, "pressure": 1009.1875}