{"windPeak": 4.628467633367562, "windAvg": 2.3688770999999997, "temp": 18.111111111111107, "humidity": 88.0, "direction": "N", "rainHour": 0.0, "pressure": 995.1875}