{"windPeak": 3.234883902280221e-45, "windAvg": 0.0, "temp": 23.77777777777778, "humidity": 66.0, "direction": "N", "rainHour": 0.0, "pressure": 1012.1875}