{"windPeak": 3.2514467626039695e-12, "windAvg": 0.0, "temp": 22.611111111111114, "humidity": 79.0, "direction": "N", "rainHour": 0.0, "pressure": 1005.875}