{"windPeak": 5.037000257463883, "windAvg": 2.9003645399999995, "temp": 24.88888888888889, "humidity": 73.0, "direction": "N", "rainHour": 0.0, "pressure": 1009.375}