{"windPeak": 6.3531452275392, "windAvg": 2.1380290199999994, "temp": 19.72222222222222, "humidity": 66.0, "direction": "N", "rainHour": 0.0, "pressure": 1003.1875}