{"windPeak": 2.8669903316273286, "windAvg": 0.32077146, "temp": 18.277777777777782, "humidity": 85.0, "direction": "N", "rainHour": 0.0, "pressure": 988.5}