{"windPeak": 1.4175776367586492e-23, "windAvg": 0.0, "temp": 20.888888888888886, "humidity": 72.0, "direction": "N", "rainHour": 0.0, "pressure": 1002.5}