{"windPeak": 3.1455884656384454e-26, "windAvg": 0.0, "temp": 20.888888888888886, "humidity": 72.0, "direction": "N", "rainHour": 0.0, "pressure": 1007.6875}