{"windPeak": 2.460435195748712, "windAvg": 0.6679383399999999, "temp": 22.277777777777775, "humidity": 81.0, "direction": "N", "rainHour": 0.0, "pressure": 1001.875}