{"windPeak": 4.100382800614559, "windAvg": 1.8955490600000002, "temp": 33.77777777777778, "humidity": 40.0, "direction": "N", "rainHour": 0.0, "pressure": 1008.5625}