{"windPeak": 7.453898939696635, "windAvg": 3.8470207200000015, "temp": 32.388888888888886, "humidity": 29.0, "direction": "N", "rainHour": 0.0, "pressure": 1004.875}