{"windPeak": 2.369548262541148e-05, "windAvg": 0.0, "temp": 23.77777777777778, "humidity": 59.0, "direction": "N", "rainHour": 0.0, "pressure": 1003.0}