{"windPeak": 0.7025709672956493, "windAvg": 0.25232232, "temp": 28.000000000000004, "humidity": 60.0, "direction": "N", "rainHour": 0.0, "pressure": 1003.375}