{"windPeak": 1.6197604071476435e-08, "windAvg": 0.0, "temp": 26.222222222222225, "humidity": 67.0, "direction": "N", "rainHour": 0.0, "pressure": 1003.875}