{"windPeak": 0.3718142800337167, "windAvg": 0.0, "temp": 29.499999999999996, "humidity": 51.0, "direction": "N", "rainHour": 0.0, "pressure": 1001.875}