{"windPeak": 3.1112591829901615e-14, "windAvg": 0.0, "temp": 22.277777777777775, "humidity": 81.0, "direction": "N", "rainHour": 0.0, "pressure": 1004.25}