{"windPeak": 2.160275936812493, "windAvg": 0.51493438, "temp": 17.22222222222222, "humidity": 86.0, "direction": "N", "rainHour": 0.0, "pressure": 993.6875}