{"windPeak": 7.179207166922201, "windAvg": 3.44572088, "temp": 21.72222222222222, "humidity": 66.0, "direction": "N", "rainHour": 0.0, "pressure": 1007.75}