{"windPeak": 5.297472716094715e-28, "windAvg": 0.0, "temp": 21.11111111111111, "humidity": 75.0, "direction": "N", "rainHour": 0.0, "pressure": 1008.1875}