{"windPeak": 7.643651121992766e-09, "windAvg": 0.0, "temp": 22.277777777777775, "humidity": 66.0, "direction": "N", "rainHour": 0.0, "pressure": 997.6875}