{"windPeak": 2.198326512111092, "windAvg": 0.32077146000000006, "temp": 30.777777777777782, "humidity": 56.0, "direction": "N", "rainHour": 0.0, "pressure": 1008.0}