{"windPeak": 3.2363297006840877e-40, "windAvg": 0.0, "temp": 23.000000000000004, "humidity": 81.0, "direction": "N", "rainHour": 0.0, "pressure": 1003.0}