{"windPeak": 2.7822906408661985, "windAvg": 0.28319154, "temp": 23.5, "humidity": 76.0, "direction": "N", "rainHour": 0.0, "pressure": 999.875}