{"windPeak": 2.0845723489360766, "windAvg": 0.35611448, "temp": 17.38888888888889, "humidity": 63.0, "direction": "N", "rainHour": 0.0, "pressure": 1006.875}