{"windPeak": 0.0006022485622556215, "windAvg": 0.0, "temp": 27.222222222222225, "humidity": 48.0, "direction": "N", "rainHour": 0.0, "pressure": 1008.875}