{"windPeak": 0.004603730139419358, "windAvg": 0.0, "temp": 27.11111111111111, "humidity": 50.0, "direction": "N", "rainHour": 0.0, "pressure": 1002.75}