{"windPeak": 2.4133192025270085, "windAvg": 0.19639981999999997, "temp": 29.22222222222222, "humidity": 78.0, "direction": "N", "rainHour": 0.0, "pressure": 999.875}