{"windPeak": 3.7814386596513025, "windAvg": 1.40208892, "temp": 26.777777777777782, "humidity": 67.0, "direction": "N", "rainHour": 0.0, "pressure": 1007.375}