{"windPeak": 3.1866218067760495e-45, "windAvg": 0.0, "temp": 14.222222222222223, "humidity": 84.0, "direction": "N", "rainHour": 0.0, "pressure": 1013.5625}