{"windPeak": 2.758725195959268, "windAvg": 0.9350242, "temp": 35.888888888888886, "humidity": 48.0, "direction": "N", "rainHour": 0.0, "pressure": 1005.5}