{"windPeak": 1.1970409117004628, "windAvg": 0.18834698000000002, "temp": 22.277777777777775, "humidity": 81.0, "direction": "N", "rainHour": 0.0, "pressure": 1003.5}