{"windPeak": 1.987079435754361e-71, "windAvg": 0.0, "temp": 23.22222222222222, "humidity": 80.0, "direction": "N", "rainHour": 0.0, "pressure": 1003.5}