{"windPeak": 2.097090583189513, "windAvg": 0.08679171999999999, "temp": 25.27777777777778, "humidity": 72.0, "direction": "N", "rainHour": 0.0, "pressure": 1000.75}