{"windPeak": 6.515124059773467e-45, "windAvg": 0.0, "temp": 28.11111111111111, "humidity": 59.0, "direction": "N", "rainHour": 0.0, "pressure": 1003.375}