{"windPeak": 3.9575163964129065, "windAvg": 1.7049651799999999, "temp": 20.888888888888886, "humidity": 81.0, "direction": "N", "rainHour": 0.0, "pressure": 991.5625}