{"windPeak": 5.364430933733606e-18, "windAvg": 0.0, "temp": 19.499999999999996, "humidity": 77.0, "direction": "N", "rainHour": 0.0, "pressure": 998.25}