{"windPeak": 0.0005809667955004793, "windAvg": 0.0, "temp": 24.22222222222222, "humidity": 79.0, "direction": "N", "rainHour": 0.0, "pressure": 1007.5625}