{"windPeak": 3.5716554290736178, "windAvg": 1.8007044999999986, "temp": 21.500000000000004, "humidity": 84.0, "direction": "N", "rainHour": 0.0, "pressure": 1006.75}