{"windPeak": 2.8062642110704155, "windAvg": 0.89744428, "temp": 27.77777777777778, "humidity": 48.0, "direction": "N", "rainHour": 0.0, "pressure": 1008.6875}