{"windPeak": 7.637025729926277e-09, "windAvg": 0.0, "temp": 25.27777777777778, "humidity": 57.0, "direction": "N", "rainHour": 0.0, "pressure": 1003.6875}