{"windPeak": 0.021184304037355377, "windAvg": 0.0, "temp": 20.611111111111107, "humidity": 54.0, "direction": "N", "rainHour": 0.0, "pressure": 1008.375}