{"windPeak": 3.6105713695863204, "windAvg": 2.1595032599999993, "temp": 31.777777777777782, "humidity": 59.0, "direction": "N", "rainHour": 0.0, "pressure": 1000.25}