{"windPeak": 1.4348330990547649, "windAvg": 0.0, "temp": 25.72222222222222, "humidity": 74.0, "direction": "N", "rainHour": 0.0, "pressure": 1009.6875}