{"windPeak": 3.256793851299132, "windAvg": 0.9144447200000002, "temp": 34.38888888888889, "humidity": 39.0, "direction": "N", "rainHour": 0.0, "pressure": 1007.75}