{"windPeak": 4.698035371257594, "windAvg": 2.85920562, "temp": 27.888888888888893, "humidity": 45.0, "direction": "N", "rainHour": 0.0, "pressure": 1004.5}