{"windPeak": 2.297643675887208, "windAvg": 1.2419268800000005, "temp": 15.5, "humidity": 67.0, "direction": "N", "rainHour": 0.0, "pressure": 1003.5}