{"windPeak": 2.9732287788538765e-33, "windAvg": 0.0, "temp": 18.277777777777782, "humidity": 82.0, "direction": "N", "rainHour": 0.0, "pressure": 999.6875}