{"windPeak": 1.186966513070402e-37, "windAvg": 0.0, "temp": 25.777777777777782, "humidity": 64.0, "direction": "N", "rainHour": 0.0, "pressure": 1011.6875}