{"windPeak": 1.387299713595547e-06, "windAvg": 0.0, "temp": 21.888888888888893, "humidity": 71.0, "direction": "N", "rainHour": 0.0, "pressure": 1009.0625}