{"windPeak": 3.704149717386581, "windAvg": 1.8100994799999994, "temp": 23.22222222222222, "humidity": 78.0, "direction": "N", "rainHour": 0.0, "pressure": 1006.875}