{"windPeak": 2.4024155741533924e-11, "windAvg": 0.0, "temp": 25.777777777777782, "humidity": 79.0, "direction": "N", "rainHour": 0.0, "pressure": 1002.5}