{"windPeak": 8.2695832410528, "windAvg": 3.826441320000002, "temp": 31.72222222222222, "humidity": 32.0, "direction": "N", "rainHour": 0.0, "pressure": 1005.0}