{"windPeak": 1.3197330409920154e-09, "windAvg": 0.0, "temp": 22.22222222222222, "humidity": 66.0, "direction": "N", "rainHour": 0.0, "pressure": 997.75}