{"windPeak": 1.2135297314511513e-45, "windAvg": 0.0, "temp": 22.722222222222225, "humidity": 63.0, "direction": "N", "rainHour": 0.0, "pressure": 1002.25}