{"windPeak": 4.896727944910589e-14, "windAvg": 0.0, "temp": 21.72222222222222, "humidity": 72.0, "direction": "N", "rainHour": 0.0, "pressure": 1006.5625}