{"windPeak": 2.5165895659884193e-51, "windAvg": 0.0, "temp": 19.27777777777778, "humidity": 72.0, "direction": "N", "rainHour": 0.0, "pressure": 1013.25}