{"windPeak": 3.3268375069087796e-14, "windAvg": 0.0, "temp": 23.61111111111111, "humidity": 60.0, "direction": "N", "rainHour": 0.0, "pressure": 1003.75}