{"windPeak": 3.8236860536453112, "windAvg": 2.3652980599999998, "temp": 19.111111111111114, "humidity": 62.0, "direction": "N", "rainHour": 0.0, "pressure": 1004.0625}