{"windPeak": 0.7792083091229443, "windAvg": 0.0, "temp": 19.72222222222222, "humidity": 71.0, "direction": "N", "rainHour": 0.0, "pressure": 1004.5625}