{"windPeak": 5.114957294469633e-55, "windAvg": 0.0, "temp": 17.22222222222222, "humidity": 78.0, "direction": "N", "rainHour": 0.0, "pressure": 1005.0}