{"windPeak": 3.3648655922632753, "windAvg": 1.8968912000000002, "temp": 18.77777777777778, "humidity": 87.0, "direction": "N", "rainHour": 0.0, "pressure": 995.5625}