{"windPeak": 2.7730627704853195e-42, "windAvg": 0.0, "temp": 23.77777777777778, "humidity": 81.0, "direction": "N", "rainHour": 0.0, "pressure": 1003.75}