{"windPeak": 8.484998633655803e-46, "windAvg": 0.0, "temp": 13.277777777777777, "humidity": 85.0, "direction": "N", "rainHour": 0.0, "pressure": 1004.0625}