{"windPeak": 6.399001709345357e-18, "windAvg": 0.0, "temp": 17.72222222222222, "humidity": 67.0, "direction": "N", "rainHour": 0.0, "pressure": 1006.0}