{"windPeak": 2.4808185003593908e-20, "windAvg": 0.0, "temp": 21.38888888888889, "humidity": 76.0, "direction": "N", "rainHour": 0.0, "pressure": 1009.0}