{"windPeak": 7.980439105786628, "windAvg": 3.3302967999999997, "temp": 26.11111111111111, "humidity": 38.0, "direction": "N", "rainHour": 0.0, "pressure": 998.0625}