{"windPeak": 3.2648415807778046e-09, "windAvg": 0.0, "temp": 12.222222222222223, "humidity": 80.0, "direction": "N", "rainHour": 0.0, "pressure": 1004.25}