{"windPeak": 4.000803320255326e-52, "windAvg": 0.0, "temp": 23.722222222222225, "humidity": 72.0, "direction": "N", "rainHour": 0.0, "pressure": 1013.25}