{"windPeak": 0.031610275592871925, "windAvg": 0.0, "temp": 19.27777777777778, "humidity": 64.0, "direction": "N", "rainHour": 0.0, "pressure": 1002.75}