{"windPeak": 1.6158345703946115, "windAvg": 0.07873888, "temp": 19.22222222222222, "humidity": 63.0, "direction": "N", "rainHour": 0.0, "pressure": 1011.0}