{"windPeak": 1.9561491737660386, "windAvg": 0.4737754199999999, "temp": 31.0, "humidity": 58.0, "direction": "N", "rainHour": 0.0, "pressure": 1005.375}