{"windPeak": 5.7375390094935845, "windAvg": 2.163082359999999, "temp": 13.777777777777777, "humidity": 61.0, "direction": "N", "rainHour": 0.0, "pressure": 1000.75}