{"windPeak": 0.020202508814258384, "windAvg": 0.0, "temp": 27.222222222222225, "humidity": 49.0, "direction": "N", "rainHour": 0.0, "pressure": 1008.75}