{"windPeak": 0.18194362069270403, "windAvg": 0.0, "temp": 31.222222222222225, "humidity": 54.0, "direction": "N", "rainHour": 0.0, "pressure": 1001.0}