{"windPeak": 3.445175760905645, "windAvg": 1.2490849600000002, "temp": 22.277777777777775, "humidity": 83.0, "direction": "N", "rainHour": 0.0, "pressure": 1007.5}