{"windPeak": 1.6688716900110927, "windAvg": 0.19058388, "temp": 7.5, "humidity": 80.0, "direction": "N", "rainHour": 0.0, "pressure": 1000.5625}