{"windPeak": 3.0569605084429803, "windAvg": 1.5197498600000001, "temp": 20.500000000000004, "humidity": 84.0, "direction": "N", "rainHour": 0.0, "pressure": 994.25}