{"windPeak": 1.259759920980238e-26, "windAvg": 0.0, "temp": 20.388888888888893, "humidity": 73.0, "direction": "N", "rainHour": 0.0, "pressure": 1002.75}