{"windPeak": 4.674320784032077e-16, "windAvg": 0.0, "temp": 11.61111111111111, "humidity": 83.0, "direction": "N", "rainHour": 0.0, "pressure": 1004.5625}