{"windPeak": 4.0986598149448465e-34, "windAvg": 0.0, "temp": 21.500000000000004, "humidity": 70.0, "direction": "N", "rainHour": 0.0, "pressure": 1012.25}