{"windPeak": 3.638217712636794, "windAvg": 2.0543689599999992, "temp": 18.88888888888889, "humidity": 84.0, "direction": "N", "rainHour": 0.0, "pressure": 1002.875}