{"windPeak": 2.307673439632278, "windAvg": 0.20892645999999998, "temp": 29.000000000000004, "humidity": 75.0, "direction": "N", "rainHour": 0.0, "pressure": 1000.25}