{"windPeak": 2.9013071076291865, "windAvg": 0.9453139400000002, "temp": 17.72222222222222, "humidity": 87.0, "direction": "N", "rainHour": 0.0, "pressure": 999.0625}