{"windPeak": 4.623888977678192, "windAvg": 2.7563082000000003, "temp": 26.0, "humidity": 54.0, "direction": "N", "rainHour": 0.0, "pressure": 1003.0625}