{"windPeak": 0.29348165726214903, "windAvg": 0.06621223999999999, "temp": 20.500000000000004, "humidity": 79.0, "direction": "N", "rainHour": 0.0, "pressure": 1008.6875}