{"windPeak": 3.378574656215893, "windAvg": 1.35287712, "temp": 30.777777777777782, "humidity": 45.0, "direction": "N", "rainHour": 0.0, "pressure": 1007.375}