{"windPeak": 4.068938718006568, "windAvg": 2.062421799999999, "temp": 23.388888888888886, "humidity": 81.0, "direction": "N", "rainHour": 0.0, "pressure": 1006.5625}