{"windPeak": 0.01753732157149915, "windAvg": 0.0, "temp": 25.888888888888886, "humidity": 61.0, "direction": "N", "rainHour": 0.0, "pressure": 1008.375}