{"windPeak": 3.600361374681995, "windAvg": 1.1144235800000002, "temp": 18.22222222222222, "humidity": 86.0, "direction": "N", "rainHour": 0.0, "pressure": 988.875}