{"windPeak": 1.2390627239455846e-25, "windAvg": 0.0, "temp": 20.888888888888886, "humidity": 83.0, "direction": "N", "rainHour": 0.0, "pressure": 1004.875}