{"windPeak": 11.486236814126924, "windAvg": 5.102369080000002, "temp": 12.611111111111112, "humidity": 61.0, "direction": "N", "rainHour": 0.0, "pressure": 1004.1875}