{"windPeak": 3.713536440248664, "windAvg": 2.136686879999999, "temp": 29.777777777777775, "humidity": 63.0, "direction": "N", "rainHour": 0.0, "pressure": 1000.875}