{"windPeak": 1.9311709727950686e-10, "windAvg": 0.0, "temp": 23.22222222222222, "humidity": 81.0, "direction": "N", "rainHour": 0.0, "pressure": 1004.0}