{"windPeak": 3.332361861263001, "windAvg": 1.790414779999999, "temp": 32.72222222222223, "humidity": 52.0, "direction": "N", "rainHour": 0.0, "pressure": 1004.75}