{"windPeak": 4.743421862147672, "windAvg": 2.68428008, "temp": 22.22222222222222, "humidity": 59.0, "direction": "N", "rainHour": 0.0, "pressure": 1007.75}