{"windPeak": 2.3009538448247313, "windAvg": 0.8616538800000002, "temp": 33.5, "humidity": 42.0, "direction": "N", "rainHour": 0.0, "pressure": 1001.875}