{"windPeak": 7.043299559593578e-22, "windAvg": 0.0, "temp": 21.11111111111111, "humidity": 76.0, "direction": "N", "rainHour": 0.0, "pressure": 1009.0}