{"windPeak": 5.257678219247666, "windAvg": 2.52993394, "temp": 25.27777777777778, "humidity": 51.0, "direction": "N", "rainHour": 0.0, "pressure": 1005.0625}