{"windPeak": 0.49443788958846774, "windAvg": 0.0, "temp": 24.22222222222222, "humidity": 63.0, "direction": "N", "rainHour": 0.0, "pressure": 1008.5625}