{"windPeak": 0.9000290254390281, "windAvg": 0.0, "temp": 20.27777777777778, "humidity": 64.0, "direction": "N", "rainHour": 0.0, "pressure": 1008.25}