{"windPeak": 3.212922706580293, "windAvg": 0.6276741400000001, "temp": 19.111111111111114, "humidity": 62.0, "direction": "N", "rainHour": 0.0, "pressure": 1006.5}