{"windPeak": 1.8762599265851847, "windAvg": 0.23174284, "temp": 14.500000000000002, "humidity": 85.0, "direction": "N", "rainHour": 0.0, "pressure": 1005.1875}