{"windPeak": 3.620938961978498e-13, "windAvg": 0.0, "temp": 29.499999999999996, "humidity": 59.0, "direction": "N", "rainHour": 0.0, "pressure": 1004.5}