{"windPeak": 2.45444250146084, "windAvg": 0.5377507599999999, "temp": 18.277777777777782, "humidity": 86.0, "direction": "N", "rainHour": 0.0, "pressure": 989.5625}