{"windPeak": 5.9369452113489105, "windAvg": 3.178187620000001, "temp": 19.27777777777778, "humidity": 72.0, "direction": "N", "rainHour": 0.0, "pressure": 1002.375}