{"windPeak": 3.343108248442935, "windAvg": 1.9595243999999994, "temp": 26.27777777777778, "humidity": 60.0, "direction": "N", "rainHour": 0.0, "pressure": 1007.75}