{"windPeak": 6.134132430992863, "windAvg": 2.3590347599999997, "temp": 27.277777777777775, "humidity": 34.0, "direction": "N", "rainHour": 0.0, "pressure": 1010.0625}