{"windPeak": 4.731488678032321, "windAvg": 2.7871774200000003, "temp": 27.722222222222225, "humidity": 46.0, "direction": "N", "rainHour": 0.0, "pressure": 1008.375}