{"windPeak": 4.250713978065858, "windAvg": 1.6638062199999997, "temp": 25.500000000000004, "humidity": 44.0, "direction": "N", "rainHour": 0.0, "pressure": 1007.5}