{"windPeak": 8.19076052841158, "windAvg": 2.8386261799999994, "temp": 20.888888888888886, "humidity": 60.0, "direction": "N", "rainHour": 0.0, "pressure": 1003.0}