{"windPeak": 2.1998739967266494, "windAvg": 1.4029836800000004, "temp": 28.11111111111111, "humidity": 60.0, "direction": "N", "rainHour": 0.0, "pressure": 1004.75}