{"windPeak": 7.5474954393220655, "windAvg": 3.713254140000001, "temp": 27.722222222222225, "humidity": 42.0, "direction": "N", "rainHour": 0.0, "pressure": 1007.0625}