{"windPeak": 4.352658412482794, "windAvg": 2.6122518400000003, "temp": 25.0, "humidity": 74.0, "direction": "N", "rainHour": 0.0, "pressure": 1008.875}