{"windPeak": 2.0439320801885894, "windAvg": 1.1256080800000003, "temp": 21.888888888888893, "humidity": 52.0, "direction": "N", "rainHour": 0.0, "pressure": 1006.5625}