{"windPeak": 3.127163272151785, "windAvg": 0.53551386, "temp": 23.61111111111111, "humidity": 84.0, "direction": "N", "rainHour": 0.0, "pressure": 1002.0625}