{"windPeak": 2.4935862638027326, "windAvg": 0.17582034, "temp": 24.499999999999996, "humidity": 51.0, "direction": "N", "rainHour": 0.0, "pressure": 1008.0}