{"windPeak": 2.5037954462837316e-05, "windAvg": 0.0, "temp": 24.111111111111114, "humidity": 76.0, "direction": "N", "rainHour": 0.0, "pressure": 1005.6875}