{"windPeak": 5.9131243631796675, "windAvg": 3.013551740000001, "temp": 27.38888888888889, "humidity": 57.0, "direction": "N", "rainHour": 0.0, "pressure": 1007.875}