{"windPeak": 3.1267780201348425, "windAvg": 2.210951959999999, "temp": 25.72222222222222, "humidity": 61.0, "direction": "N", "rainHour": 0.0, "pressure": 1008.0625}