{"windPeak": 5.166617646208822, "windAvg": 2.6283575200000002, "temp": 31.38888888888889, "humidity": 45.0, "direction": "N", "rainHour": 0.0, "pressure": 1001.5}