{"windPeak": 11.130013989520577, "windAvg": 5.606566559999999, "temp": 12.222222222222223, "humidity": 61.0, "direction": "N", "rainHour": 0.0, "pressure": 1004.25}