{"windPeak": 4.235990142657575, "windAvg": 1.2790594200000003, "temp": 19.61111111111111, "humidity": 62.0, "direction": "N", "rainHour": 0.0, "pressure": 1010.6875}