{"windPeak": 5.037695628082052, "windAvg": 3.6412259600000016, "temp": 28.000000000000004, "humidity": 52.0, "direction": "N", "rainHour": 0.0, "pressure": 1007.6875}