{"windPeak": 6.724514350913994, "windAvg": 3.2296363600000006, "temp": 21.888888888888893, "humidity": 41.0, "direction": "N", "rainHour": 0.0, "pressure": 999.5}