{"windPeak": 4.791612370542147, "windAvg": 2.15771374, "temp": 20.72222222222222, "humidity": 57.0, "direction": "N", "rainHour": 0.0, "pressure": 996.875}