{"windPeak": 3.790782822405402, "windAvg": 2.20066222, "temp": 29.722222222222225, "humidity": 46.0, "direction": "N", "rainHour": 0.0, "pressure": 1009.0625}