{"windPeak": 1.5788466794763954e-26, "windAvg": 0.0, "temp": 24.499999999999996, "humidity": 79.0, "direction": "N", "rainHour": 0.0, "pressure": 1002.6875}