{"windPeak": 5.709248480200632, "windAvg": 3.476590120000002, "temp": 34.5, "humidity": 35.0, "direction": "N", "rainHour": 0.0, "pressure": 1006.25}