{"windPeak": 5.805136944274544e-05, "windAvg": 0.0, "temp": 25.388888888888893, "humidity": 71.0, "direction": "N", "rainHour": 0.0, "pressure": 1007.6875}