{"windPeak": 4.150108386108394, "windAvg": 2.5813825999999995, "temp": 26.0, "humidity": 76.0, "direction": "N", "rainHour": 0.0, "pressure": 1008.0625}