{"windPeak": 0.9744600816455224, "windAvg": 0.0, "temp": 21.222222222222225, "humidity": 70.0, "direction": "N", "rainHour": 0.0, "pressure": 1008.875}