{"windPeak": 3.4806952283157964, "windAvg": 2.1286340399999997, "temp": 26.222222222222225, "humidity": 57.0, "direction": "N", "rainHour": 0.0, "pressure": 1008.0}