{"windPeak": 4.538411348284062, "windAvg": 1.4629326, "temp": 18.77777777777778, "humidity": 59.0, "direction": "N", "rainHour": 0.0, "pressure": 1006.875}