{"windPeak": 0.6454246365709742, "windAvg": 0.0, "temp": 28.61111111111111, "humidity": 46.0, "direction": "N", "rainHour": 0.0, "pressure": 1008.5}