{"windPeak": 2.9010477156647365, "windAvg": 0.9475508400000001, "temp": 19.72222222222222, "humidity": 87.0, "direction": "N", "rainHour": 0.0, "pressure": 996.6875}