{"windPeak": 4.379938081422769, "windAvg": 2.7048595, "temp": 20.72222222222222, "humidity": 60.0, "direction": "N", "rainHour": 0.0, "pressure": 1004.0625}