{"windPeak": 2.442264309476031, "windAvg": 0.45543284, "temp": 21.999999999999996, "humidity": 76.0, "direction": "N", "rainHour": 0.0, "pressure": 1011.6875}