{"windPeak": 6.693786791346123, "windAvg": 3.050236960000001, "temp": 25.222222222222225, "humidity": 37.0, "direction": "N", "rainHour": 0.0, "pressure": 1007.0625}