{"windPeak": 3.5524939545896026, "windAvg": 1.8029413999999988, "temp": 21.72222222222222, "humidity": 84.0, "direction": "N", "rainHour": 0.0, "pressure": 1007.5}