{"windPeak": 0.000202511227908664, "windAvg": 0.0, "temp": 16.61111111111111, "humidity": 87.0, "direction": "N", "rainHour": 0.0, "pressure": 1003.25}