{"windPeak": 3.6374225949829246, "windAvg": 2.4784852000000006, "temp": 17.22222222222222, "humidity": 88.0, "direction": "N", "rainHour": 0.0, "pressure": 993.25}