{"windPeak": 3.7114698176603476, "windAvg": 1.9903936199999996, "temp": 36.27777777777778, "humidity": 38.0, "direction": "N", "rainHour": 0.0, "pressure": 1003.25}