{"windPeak": 3.489692052666877, "windAvg": 0.8428639200000001, "temp": 20.72222222222222, "humidity": 79.0, "direction": "N", "rainHour": 0.0, "pressure": 992.1875}