{"windPeak": 2.1336152878207377, "windAvg": 0.02281638, "temp": 21.11111111111111, "humidity": 70.0, "direction": "N", "rainHour": 0.0, "pressure": 1009.0}