{"windPeak": 4.20804700533807, "windAvg": 2.3755878, "temp": 18.88888888888889, "humidity": 60.0, "direction": "N", "rainHour": 0.0, "pressure": 1003.0625}