{"windPeak": 1.0618953650556265e-13, "windAvg": 0.0, "temp": 19.88888888888889, "humidity": 68.0, "direction": "N", "rainHour": 0.0, "pressure": 1004.0625}