{"windPeak": 0.9254630136636616, "windAvg": 0.35521971999999996, "temp": 27.77777777777778, "humidity": 47.0, "direction": "N", "rainHour": 0.0, "pressure": 1008.6875}