{"windPeak": 4.386547618134169, "windAvg": 2.941523500000001, "temp": -40.0, "humidity": 0.0, "direction": "N", "rainHour": 0.0, "pressure": 1007.375}