{"windPeak": 4.846311960848126, "windAvg": 2.6019620800000003, "temp": 28.61111111111111, "humidity": 39.0, "direction": "N", "rainHour": 0.0, "pressure": 1004.0625}