{"windPeak": 0.027899863761739703, "windAvg": 0.0, "temp": 25.777777777777782, "humidity": 59.0, "direction": "N", "rainHour": 0.0, "pressure": 1008.1875}