{"windPeak": 1.1739845666745257e-26, "windAvg": 0.0, "temp": 19.499999999999996, "humidity": 67.0, "direction": "N", "rainHour": 0.0, "pressure": 1000.5625}