{"windPeak": 0.00040291376377708343, "windAvg": 0.0, "temp": 19.111111111111114, "humidity": 82.0, "direction": "N", "rainHour": 0.0, "pressure": 1004.0}