{"windPeak": 4.166538307304718, "windAvg": 2.4784852199999996, "temp": 17.888888888888893, "humidity": 87.0, "direction": "N", "rainHour": 0.0, "pressure": 992.75}