{"windPeak": 7.212516660031703, "windAvg": 3.7338335800000015, "temp": 32.77777777777778, "humidity": 30.0, "direction": "N", "rainHour": 0.0, "pressure": 1004.75}