{"windPeak": 3.9077908134288597, "windAvg": 2.041842320000001, "temp": 31.72222222222222, "humidity": 55.0, "direction": "N", "rainHour": 0.0, "pressure": 1002.75}