{"windPeak": 10.850650087000158, "windAvg": 5.081789700000002, "temp": 15.222222222222221, "humidity": 56.0, "direction": "N", "rainHour": 0.0, "pressure": 1002.25}