{"windPeak": 5.032929460354494, "windAvg": 1.4709854600000003, "temp": 17.611111111111114, "humidity": 87.0, "direction": "N", "rainHour": 0.0, "pressure": 990.875}