{"windPeak": 2.918767740042783, "windAvg": 0.6871756800000002, "temp": 34.0, "humidity": 41.0, "direction": "N", "rainHour": 0.0, "pressure": 1007.875}