{"windPeak": 7.533199077711018e-12, "windAvg": 0.0, "temp": 23.722222222222225, "humidity": 58.0, "direction": "N", "rainHour": 0.0, "pressure": 1013.0}