{"windPeak": 3.1475077127391455, "windAvg": 1.9984464599999996, "temp": 24.22222222222222, "humidity": 60.0, "direction": "N", "rainHour": 0.0, "pressure": 1003.5625}