{"windPeak": 4.627296488868039, "windAvg": 2.8694953400000007, "temp": 22.277777777777775, "humidity": 72.0, "direction": "N", "rainHour": 0.0, "pressure": 992.6875}