{"windPeak": 3.057136682159903e-10, "windAvg": 0.0, "temp": 21.72222222222222, "humidity": 83.0, "direction": "N", "rainHour": 0.0, "pressure": 1007.1875}