{"windPeak": 3.60084183722989, "windAvg": 1.1837674800000004, "temp": 28.000000000000004, "humidity": 50.0, "direction": "N", "rainHour": 0.0, "pressure": 1005.875}