{"windPeak": 2.0259744922887398e-29, "windAvg": 0.0, "temp": 22.77777777777778, "humidity": 87.0, "direction": "N", "rainHour": 0.0, "pressure": 1000.5}