{"windPeak": 6.040112467736001, "windAvg": 2.1975306, "temp": 20.72222222222222, "humidity": 62.0, "direction": "N", "rainHour": 0.0, "pressure": 1003.0}