{"windPeak": 5.044059397133595e-25, "windAvg": 0.0, "temp": 24.22222222222222, "humidity": 80.0, "direction": "N", "rainHour": 0.0, "pressure": 1002.5}