{"windPeak": 6.683459534634277e-07, "windAvg": 0.0, "temp": 27.611111111111114, "humidity": 55.0, "direction": "N", "rainHour": 0.0, "pressure": 1010.5}