{"windPeak": 3.0212918026382977e-09, "windAvg": 0.0, "temp": 20.500000000000004, "humidity": 57.0, "direction": "N", "rainHour": 0.0, "pressure": 1003.0}