{"windPeak": 5.08311176862034, "windAvg": 3.5074592800000017, "temp": 18.277777777777782, "humidity": 87.0, "direction": "N", "rainHour": 0.0, "pressure": 997.0625}