{"windPeak": 3.887424482673491, "windAvg": 0.5046446400000001, "temp": 25.0, "humidity": 69.0, "direction": "N", "rainHour": 0.0, "pressure": 1007.0}