{"windPeak": 1.0556840985481832, "windAvg": 0.07873888, "temp": 19.111111111111114, "humidity": 66.0, "direction": "N", "rainHour": 0.0, "pressure": 1004.375}