{"windPeak": 1.9435051025325227, "windAvg": 0.40174723999999995, "temp": 24.722222222222225, "humidity": 53.0, "direction": "N", "rainHour": 0.0, "pressure": 1009.5625}