{"windPeak": 1.5725773037641997, "windAvg": 0.0559225, "temp": 23.722222222222225, "humidity": 70.0, "direction": "N", "rainHour": 0.0, "pressure": 1008.0625}