{"windPeak": 0.028202107866731947, "windAvg": 0.0, "temp": 19.72222222222222, "humidity": 72.0, "direction": "N", "rainHour": 0.0, "pressure": 1004.0625}