{"windPeak": 4.235235050201642, "windAvg": 2.4681954599999996, "temp": 32.111111111111114, "humidity": 33.0, "direction": "N", "rainHour": 0.0, "pressure": 1004.0}