{"windPeak": 4.60872119559691e-05, "windAvg": 0.0, "temp": 35.50000000000001, "humidity": 52.0, "direction": "N", "rainHour": 0.0, "pressure": 1008.5625}