{"windPeak": 2.995887151583046, "windAvg": 1.6280158199999994, "temp": 23.22222222222222, "humidity": 63.0, "direction": "N", "rainHour": 0.0, "pressure": 1005.875}