{"windPeak": 0.00011864666015865315, "windAvg": 0.0, "temp": 17.38888888888889, "humidity": 72.0, "direction": "N", "rainHour": 0.0, "pressure": 1004.0}