{"windPeak": 7.981236046708917, "windAvg": 2.4614847799999997, "temp": 20.777777777777782, "humidity": 47.0, "direction": "N", "rainHour": 0.0, "pressure": 998.875}