{"windPeak": 4.767213388493072e-21, "windAvg": 0.0, "temp": 19.000000000000004, "humidity": 80.0, "direction": "N", "rainHour": 0.0, "pressure": 998.5}