{"windPeak": 3.1553887261744697, "windAvg": 1.9617612999999994, "temp": 21.77777777777778, "humidity": 77.0, "direction": "N", "rainHour": 0.0, "pressure": 1006.5}