{"windPeak": 2.03558104143995, "windAvg": 0.15300396, "temp": 17.5, "humidity": 59.0, "direction": "N", "rainHour": 0.0, "pressure": 1007.375}