{"windPeak": 0.07701674026729463, "windAvg": 0.0, "temp": 26.611111111111114, "humidity": 53.0, "direction": "N", "rainHour": 0.0, "pressure": 1007.25}