{"windPeak": 3.8000928755674757, "windAvg": 2.2807432399999996, "temp": 26.500000000000004, "humidity": 54.0, "direction": "N", "rainHour": 0.0, "pressure": 1008.0}