{"windPeak": 4.314190732685066, "windAvg": 1.1520035, "temp": 22.38888888888889, "humidity": 77.0, "direction": "N", "rainHour": 0.0, "pressure": 1007.375}