{"windPeak": 4.497132568145983e-47, "windAvg": 0.0, "temp": 16.77777777777778, "humidity": 81.0, "direction": "N", "rainHour": 0.0, "pressure": 1006.75}