{"windPeak": 11.309555318927764, "windAvg": 5.256715380000002, "temp": 12.722222222222221, "humidity": 62.0, "direction": "N", "rainHour": 0.0, "pressure": 1003.5}