{"windPeak": 3.9149824441217995, "windAvg": 1.6866225999999989, "temp": 21.0, "humidity": 58.0, "direction": "N", "rainHour": 0.0, "pressure": 996.25}