{"windPeak": 8.921004403046734, "windAvg": 2.9415235400000004, "temp": 29.722222222222225, "humidity": 44.0, "direction": "N", "rainHour": 0.0, "pressure": 1002.25