{"windPeak": 2.0493006783993875, "windAvg": 0.20087362000000003, "temp": 22.5, "humidity": 81.0, "direction": "N", "rainHour": 0.0, "pressure": 1003.375}