{"windPeak": 3.436616361736721, "windAvg": 2.0749484399999996, "temp": 35.61111111111111, "humidity": 58.0, "direction": "N", "rainHour": 0.0, "pressure": 999.5625}