{"windPeak": 3.1904275894527103, "windAvg": 0.9748410200000001, "temp": 13.88888888888889, "humidity": 83.0, "direction": "N", "rainHour": 0.0, "pressure": 1010.1875}