{"windPeak": 2.1599079901768804e-09, "windAvg": 0.0, "temp": 17.22222222222222, "humidity": 74.0, "direction": "N", "rainHour": 0.0, "pressure": 1012.0}