{"windPeak": 7.076640070614216e-35, "windAvg": 0.0, "temp": 21.38888888888889, "humidity": 70.0, "direction": "N", "rainHour": 0.0, "pressure": 1012.375}