{"windPeak": 3.8473369877515, "windAvg": 1.5201972400000003, "temp": 14.777777777777779, "humidity": 82.0, "direction": "N", "rainHour": 0.0, "pressure": 1010.25}