{"windPeak": 6.43708855583231e-47, "windAvg": 0.0, "temp": 17.611111111111114, "humidity": 73.0, "direction": "N", "rainHour": 0.0, "pressure": 1010.75}