{"windPeak": 2.9391799785707895, "windAvg": 1.6284631999999997, "temp": 29.22222222222222, "humidity": 62.0, "direction": "N", "rainHour": 0.0, "pressure": 1007.0}