{"windPeak": 1.289106772087271e-37, "windAvg": 0.0, "temp": 12.222222222222223, "humidity": 83.0, "direction": "N", "rainHour": 0.0, "pressure": 1013.0}