{"windPeak": 1.0098770813077675, "windAvg": 0.0, "temp": 19.72222222222222, "humidity": 65.0, "direction": "N", "rainHour": 0.0, "pressure": 1002.75}