{"windPeak": 0.00026058737496214765, "windAvg": 0.0, "temp": 23.11111111111111, "humidity": 85.0, "direction": "N", "rainHour": 0.0, "pressure": 1001.1875}