{"windPeak": 4.226172425336367, "windAvg": 2.725438960000001, "temp": 31.38888888888889, "humidity": 38.0, "direction": "N", "rainHour": 0.0, "pressure": 1009.5}