{"windPeak": 4.888692560303945, "windAvg": 2.2167678999999993, "temp": 27.222222222222225, "humidity": 46.0, "direction": "N", "rainHour": 0.0, "pressure": 1014.5625}