{"windPeak": 2.0831720884498033, "windAvg": 0.07650198, "temp": 18.277777777777782, "humidity": 60.0, "direction": "N", "rainHour": 0.0, "pressure": 1006.5625}