{"windPeak": 6.082876864033329e-19, "windAvg": 0.0, "temp": 23.88888888888889, "humidity": 82.0, "direction": "N", "rainHour": 0.0, "pressure": 1001.25}