{"windPeak": 1.0134963883457092e-07, "windAvg": 0.0, "temp": 22.722222222222225, "humidity": 53.0, "direction": "N", "rainHour": 0.0, "pressure": 1003.0}