{"windPeak": 2.698595711803599, "windAvg": 0.47377542, "temp": 24.388888888888893, "humidity": 75.0, "direction": "N", "rainHour": 0.0, "pressure": 1006.6875}