{"windPeak": 2.008802741515418e-36, "windAvg": 0.0, "temp": 23.388888888888886, "humidity": 81.0, "direction": "N", "rainHour": 0.0, "pressure": 1003.0}