{"windPeak": 5.967237392531547, "windAvg": 4.011656620000002, "temp": 34.38888888888889, "humidity": 35.0, "direction": "N", "rainHour": 0.0, "pressure": 1006.5625}