{"windPeak": 1.5020903153749592, "windAvg": 0.111845, "temp": 22.22222222222222, "humidity": 55.0, "direction": "N", "rainHour": 0.0, "pressure": 1004.5625}