{"windPeak": 2.1347588769506154, "windAvg": 0.18029414000000002, "temp": 24.499999999999996, "humidity": 72.0, "direction": "N", "rainHour": 0.0, "pressure": 1005.5625}