{"windPeak": 3.880529336305347e-10, "windAvg": 0.0, "temp": 27.222222222222225, "humidity": 66.0, "direction": "N", "rainHour": 0.0, "pressure": 1004.25}