{"windPeak": 2.1635017176874682e-49, "windAvg": 0.0, "temp": 19.88888888888889, "humidity": 70.0, "direction": "N", "rainHour": 0.0, "pressure": 1013.5625}