{"windPeak": 2.024940456543984e-13, "windAvg": 0.0, "temp": 21.11111111111111, "humidity": 72.0, "direction": "N", "rainHour": 0.0, "pressure": 998.0}