{"windPeak": 1.4675759259111372, "windAvg": 0.32300836000000005, "temp": 23.000000000000004, "humidity": 83.0, "direction": "N", "rainHour": 0.0, "pressure": 998.875}