{"windPeak": 4.583792912684823, "windAvg": 2.3344288399999997, "temp": 29.111111111111114, "humidity": 44.0, "direction": "N", "rainHour": 0.0, "pressure": 1007.25}