{"windPeak": 1.9664532805137676, "windAvg": 0.57175164, "temp": 26.0, "humidity": 71.0, "direction": "N", "rainHour": 0.0, "pressure": 1006.5625}