{"windPeak": 4.73011383421274, "windAvg": 3.476590180000001, "temp": 29.277777777777782, "humidity": 42.0, "direction": "N", "rainHour": 0.0, "pressure": 1010.0}