{"windPeak": 4.423224885341929e-08, "windAvg": 0.0, "temp": 25.111111111111114, "humidity": 58.0, "direction": "N", "rainHour": 0.0, "pressure": 1003.5625}