{"windPeak": 6.035554380973059, "windAvg": 4.063105300000003, "temp": 26.38888888888889, "humidity": 38.0, "direction": "N", "rainHour": 0.0, "pressure": 1004.75}