{"windPeak": 9.757521055793769e-19, "windAvg": 0.0, "temp": 19.88888888888889, "humidity": 80.0, "direction": "N", "rainHour": 0.0, "pressure": 1005.0625}