{"windPeak": 1.353969367250419e-17, "windAvg": 0.0, "temp": 14.11111111111111, "humidity": 75.0, "direction": "N", "rainHour": 0.0, "pressure": 1003.5625}