{"windPeak": 0.055101615463642305, "windAvg": 0.0, "temp": 18.388888888888886, "humidity": 65.0, "direction": "N", "rainHour": 0.0, "pressure": 1011.0625}