{"windPeak": 2.1352147304267842e-05, "windAvg": 0.0, "temp": 26.888888888888893, "humidity": 59.0, "direction": "N", "rainHour": 0.0, "pressure": 1010.375}