{"windPeak": 2.0579938146757635, "windAvg": 0.7851519000000002, "temp": 32.611111111111114, "humidity": 44.0, "direction": "N", "rainHour": 0.0, "pressure": 1002.1875}