{"windPeak": 4.151318182757542, "windAvg": 1.0902650600000003, "temp": 29.388888888888893, "humidity": 49.0, "direction": "N", "rainHour": 0.0, "pressure": 1007.5}