{"windPeak": 2.150490041705125, "windAvg": 0.8388375000000002, "temp": 30.388888888888893, "humidity": 51.0, "direction": "N", "rainHour": 0.0, "pressure": 1002.25}