{"windPeak": 0.12222246502396181, "windAvg": 0.0, "temp": 26.777777777777782, "humidity": 45.0, "direction": "N", "rainHour": 0.0, "pressure": 1002.6875}