{"windPeak": 4.781064946665931, "windAvg": 2.8694953800000014, "temp": 30.222222222222225, "humidity": 57.0, "direction": "N", "rainHour": 0.0, "pressure": 1007.0}