{"windPeak": 3.4683468783463778e-37, "windAvg": 0.0, "temp": 23.388888888888886, "humidity": 81.0, "direction": "N", "rainHour": 0.0, "pressure": 1002.875}