{"windPeak": 1.2198095413680285e-44, "windAvg": 0.0, "temp": 29.277777777777782, "humidity": 65.0, "direction": "N", "rainHour": 0.0, "pressure": 1006.1875}