{"windPeak": 4.16052283688726, "windAvg": 1.5255657999999999, "temp": 31.72222222222222, "humidity": 59.0, "direction": "N", "rainHour": 0.0, "pressure": 1008.0}