{"windPeak": 2.2837730725679617e-28, "windAvg": 0.0, "temp": 19.88888888888889, "humidity": 65.0, "direction": "N", "rainHour": 0.0, "pressure": 1005.5625}