{"windPeak": 3.9465849629963063, "windAvg": 1.4799330400000001, "temp": 26.611111111111114, "humidity": 49.0, "direction": "N", "rainHour": 0.0, "pressure": 1014.5}