{"windPeak": 2.0592207338798386e-54, "windAvg": 0.0, "temp": 25.888888888888886, "humidity": 68.0, "direction": "N", "rainHour": 0.0, "pressure": 1013.5}