{"windPeak": 7.498658704614561e-43, "windAvg": 0.0, "temp": 26.222222222222225, "humidity": 75.0, "direction": "N", "rainHour": 0.0, "pressure": 1008.0}