{"windPeak": 5.003805330865637, "windAvg": 2.643121040000001, "temp": 37.111111111111114, "humidity": 36.0, "direction": "N", "rainHour": 0.0, "pressure": 1007.5}