{"windPeak": 8.454045721382634, "windAvg": 4.47469504, "temp": 30.72222222222222, "humidity": 41.0, "direction": "N", "rainHour": 0.0, "pressure": 994.1875}