{"windPeak": 5.366382508239924, "windAvg": 3.6412258800000017, "temp": 26.38888888888889, "humidity": 44.0, "direction": "N", "rainHour": 0.0, "pressure": 1007.75}