{"windPeak": 4.177023094623931, "windAvg": 2.19842532, "temp": 31.27777777777778, "humidity": 58.0, "direction": "N", "rainHour": 0.0, "pressure": 1006.75}