{"windPeak": 2.01690743746152e-25, "windAvg": 0.0, "temp": 21.222222222222225, "humidity": 71.0, "direction": "N", "rainHour": 0.0, "pressure": 1003.875}