{"windPeak": 4.4966562506603, "windAvg": 2.48877496, "temp": 27.722222222222225, "humidity": 71.0, "direction": "N", "rainHour": 0.0, "pressure": 1001.6875}