{"windPeak": 3.1927762550131797, "windAvg": 1.61548918, "temp": 26.11111111111111, "humidity": 72.0, "direction": "N", "rainHour": 0.0, "pressure": 1000.5625}