{"windPeak": 8.434401247442656, "windAvg": 3.7749926200000004, "temp": 13.777777777777777, "humidity": 87.0, "direction": "N", "rainHour": 0.0, "pressure": 1002.0}