{"windPeak": 2.683830360528462, "windAvg": 1.2772699000000007, "temp": 35.0, "humidity": 38.0, "direction": "N", "rainHour": 0.0, "pressure": 1001.875}