{"windPeak": 5.02663512992281, "windAvg": 2.8386261200000007, "temp": 18.111111111111107, "humidity": 87.0, "direction": "N", "rainHour": 0.0, "pressure": 995.0625}