{"windPeak": 2.7875300733901114e-23, "windAvg": 0.0, "temp": 17.22222222222222, "humidity": 65.0, "direction": "N", "rainHour": 0.0, "pressure": 1006.1875}