{"windPeak": 0.03744448931568083, "windAvg": 0.0, "temp": 26.222222222222225, "humidity": 69.0, "direction": "N", "rainHour": 0.0, "pressure": 1000.75}