{"windPeak": 11.783305954879111, "windAvg": 4.968602680000001, "temp": 10.222222222222221, "humidity": 61.0, "direction": "N", "rainHour": 0.0, "pressure": 1005.25}