{"windPeak": 1.679983978733057e-35, "windAvg": 0.0, "temp": 23.722222222222225, "humidity": 87.0, "direction": "N", "rainHour": 0.0, "pressure": 1000.5625}