{"windPeak": 7.08040503550999e-11, "windAvg": 0.0, "temp": 12.777777777777779, "humidity": 86.0, "direction": "N", "rainHour": 0.0, "pressure": 1011.0}