{"windPeak": 3.509038067707807, "windAvg": 1.8396265600000006, "temp": 26.38888888888889, "humidity": 61.0, "direction": "N", "rainHour": 0.0, "pressure": 1008.1875}