{"windPeak": 5.496620379548075, "windAvg": 2.40198322, "temp": 17.38888888888889, "humidity": 72.0, "direction": "N", "rainHour": 0.0, "pressure": 1006.5}