{"windPeak": 4.9972713229143215, "windAvg": 2.7563082, "temp": 30.222222222222225, "humidity": 33.0, "direction": "N", "rainHour": 0.0, "pressure": 1005.25}