{"windPeak": 1.5640900341874422, "windAvg": 0.49972346000000006, "temp": 17.0, "humidity": 87.0, "direction": "N", "rainHour": 0.0, "pressure": 999.1875}