{"windPeak": 3.9264468857018096, "windAvg": 2.241821179999999, "temp": 18.61111111111111, "humidity": 59.0, "direction": "N", "rainHour": 0.0, "pressure": 1003.1875}