{"windPeak": 7.25168282926456, "windAvg": 3.3531132200000013, "temp": 28.22222222222222, "humidity": 38.0, "direction": "N", "rainHour": 0.0, "pressure": 1004.5625}