{"windPeak": 2.418237105570307e-26, "windAvg": 0.0, "temp": 19.72222222222222, "humidity": 70.0, "direction": "N", "rainHour": 0.0, "pressure": 1012.5}