{"windPeak": 9.525074881503198, "windAvg": 4.28947964, "temp": 12.388888888888888, "humidity": 63.0, "direction": "N", "rainHour": 0.0, "pressure": 1004.5}