{"windPeak": 6.244995508890947, "windAvg": 3.46630042, "temp": 24.777777777777775, "humidity": 46.0, "direction": "N", "rainHour": 0.0, "pressure": 1005.6875}