{"windPeak": 1.9166387896349117, "windAvg": 0.23621663999999998, "temp": 18.88888888888889, "humidity": 61.0, "direction": "N", "rainHour": 0.0, "pressure": 1008.6875}