{"windPeak": 1.9053004302287664e-09, "windAvg": 0.0, "temp": 22.38888888888889, "humidity": 73.0, "direction": "N", "rainHour": 0.0, "pressure": 1010.1875}