{"windPeak": 3.5188440034989825, "windAvg": 1.32558694, "temp": 35.38888888888889, "humidity": 38.0, "direction": "N", "rainHour": 0.0, "pressure": 1007.75}