{"windPeak": 4.555326049595751, "windAvg": 2.5585662199999994, "temp": 27.11111111111111, "humidity": 40.0, "direction": "N", "rainHour": 0.0, "pressure": 1011.875}