{"windPeak": 3.2148581995900227e-50, "windAvg": 0.0, "temp": 26.38888888888889, "humidity": 55.0, "direction": "N", "rainHour": 0.0, "pressure": 1002.75}