{"windPeak": 1.1471344802273522, "windAvg": 0.06844914, "temp": 11.500000000000002, "humidity": 83.0, "direction": "N", "rainHour": 0.0, "pressure": 1008.5}