{"windPeak": 3.4901185491497935, "windAvg": 1.21732098, "temp": 14.38888888888889, "humidity": 82.0, "direction": "N", "rainHour": 0.0, "pressure": 1006.375}