{"windPeak": 2.71729139613668, "windAvg": 1.8624429399999993, "temp": 30.111111111111114, "humidity": 62.0, "direction": "N", "rainHour": 0.0, "pressure": 1002.6875}