{"windPeak": 1.9880663751748788, "windAvg": 0.4496169, "temp": 25.777777777777782, "humidity": 77.0, "direction": "N", "rainHour": 0.0, "pressure": 1001.1875}