{"windPeak": 2.9966670288163663e-10, "windAvg": 0.0, "temp": 19.777777777777775, "humidity": 63.0, "direction": "N", "rainHour": 0.0, "pressure": 1006.25}