{"windPeak": 4.09074381701334, "windAvg": 0.8254160999999999, "temp": 30.500000000000004, "humidity": 34.0, "direction": "N", "rainHour": 0.0, "pressure": 1006.0}