{"windPeak": 7.962401077254531, "windAvg": 4.484984740000002, "temp": 28.77777777777778, "humidity": 42.0, "direction": "N", "rainHour": 0.0, "pressure": 993.25}