{"windPeak": 2.549587457100646, "windAvg": 5.3107736944444435, "temp": 16.11111111111111, "humidity": 47.0, "direction": "N", "rainHour": 0.0, "pressure": 1004.0}