{"windPeak": 0.32439333228763684, "windAvg": 0.0, "temp": 31.222222222222225, "humidity": 44.0, "direction": "N", "rainHour": 0.0, "pressure": 1003.0}