{"windPeak": 2.520526268174167e-10, "windAvg": 0.0, "temp": 20.611111111111107, "humidity": 74.0, "direction": "N", "rainHour": 0.0, "pressure": 1005.6875}