{"windPeak": 3.7648394443329365e-27, "windAvg": 0.0, "temp": 18.111111111111107, "humidity": 85.0, "direction": "N", "rainHour": 0.0, "pressure": 999.0}