{"windPeak": 2.659067475033616, "windAvg": 0.6804649800000001, "temp": 22.5, "humidity": 67.0, "direction": "N", "rainHour": 0.0, "pressure": 1008.1875}