{"windPeak": 2.761082342709526e-20, "windAvg": 0.0, "temp": 19.111111111111114, "humidity": 78.0, "direction": "N", "rainHour": 0.0, "pressure": 998.5}