{"windPeak": 4.686248222369566, "windAvg": 2.163082319999999, "temp": 27.277777777777775, "humidity": 74.0, "direction": "N", "rainHour": 0.0, "pressure": 1008.0}