{"windPeak": 2.9363191660462524, "windAvg": 1.1918203200000004, "temp": 22.277777777777775, "humidity": 82.0, "direction": "N", "rainHour": 0.0, "pressure": 1007.1875}