{"windPeak": 1.5109571475202557, "windAvg": 0.3252452599999999, "temp": 18.5, "humidity": 86.0, "direction": "N", "rainHour": 0.0, "pressure": 1003.6875}