{"windPeak": 4.181674373890483, "windAvg": 2.3550083199999996, "temp": 30.500000000000004, "humidity": 64.0, "direction": "N", "rainHour": 0.0, "pressure": 1001.25}