{"windPeak": 0.05600891407323724, "windAvg": 0.0, "temp": 30.27777777777778, "humidity": 47.0, "direction": "N", "rainHour": 0.0, "pressure": 1003.0625}