{"windPeak": 2.9495337024911007e-56, "windAvg": 0.0, "temp": 21.500000000000004, "humidity": 79.0, "direction": "N", "rainHour": 0.0, "pressure": 1002.5625}