{"windPeak": 4.337439850229995, "windAvg": 2.6842800000000007, "temp": 29.388888888888893, "humidity": 40.0, "direction": "N", "rainHour": 0.0, "pressure": 1011.0}