{"windPeak": 5.699200274579119, "windAvg": 3.1781875600000014, "temp": 27.77777777777778, "humidity": 41.0, "direction": "N", "rainHour": 0.0, "pressure": 1006.5}