{"windPeak": 3.1261945566850695, "windAvg": 1.5984887400000003, "temp": 37.88888888888889, "humidity": 35.0, "direction": "N", "rainHour": 0.0, "pressure": 1001.375}