{"windPeak": 1.5912232569339937e-54, "windAvg": 0.0, "temp": 21.888888888888893, "humidity": 71.0, "direction": "N", "rainHour": 0.0, "pressure": 1010.5}