{"windPeak": 2.961327495730587, "windAvg": 1.1417137600000005, "temp": 31.27777777777778, "humidity": 48.0, "direction": "N", "rainHour": 0.0, "pressure": 1003.1875}