{"windPeak": 1.5178309024003735, "windAvg": 0.033106119999999996, "temp": 25.0, "humidity": 81.0, "direction": "N", "rainHour": 0.0, "pressure": 1003.0}