{"windPeak": 1.2954914922747922, "windAvg": 0.09931836000000001, "temp": 24.22222222222222, "humidity": 69.0, "direction": "N", "rainHour": 0.0, "pressure": 1005.5625}