{"windPeak": 1.922640906741818e-52, "windAvg": 0.0, "temp": 19.61111111111111, "humidity": 70.0, "direction": "N", "rainHour": 0.0, "pressure": 1014.0}