{"windPeak": 0.05717997985131458, "windAvg": 0.0, "temp": 27.38888888888889, "humidity": 68.0, "direction": "N", "rainHour": 0.0, "pressure": 1007.6875}