{"windPeak": 0.4494075707777609, "windAvg": 0.0, "temp": 26.999999999999996, "humidity": 76.0, "direction": "N", "rainHour": 0.0, "pressure": 1000.875}