{"windPeak": 8.930235580977907, "windAvg": 4.289479800000002, "temp": 17.72222222222222, "humidity": 80.0, "direction": "N", "rainHour": 0.0, "pressure": 999.1875}