{"windPeak": 4.668325019406332, "windAvg": 1.4378793400000003, "temp": 22.277777777777775, "humidity": 77.0, "direction": "N", "rainHour": 0.0, "pressure": 1007.25}