{"windPeak": 1.2324512835484904e-38, "windAvg": 0.0, "temp": 20.222222222222225, "humidity": 72.0, "direction": "N", "rainHour": 0.0, "pressure": 1002.875}