{"windPeak": 4.340774452111715, "windAvg": 2.9929722000000005, "temp": 17.27777777777778, "humidity": 77.0, "direction": "N", "rainHour": 0.0, "pressure": 1003.1875}