{"windPeak": 9.509890011543249, "windAvg": 4.443825880000002, "temp": 14.500000000000002, "humidity": 88.0, "direction": "N", "rainHour": 0.0, "pressure": 1000.5}