{"windPeak": 2.2538813932388466e-16, "windAvg": 0.0, "temp": 17.38888888888889, "humidity": 68.0, "direction": "N", "rainHour": 0.0, "pressure": 1006.25}