{"windPeak": 2.7498024389354963, "windAvg": 1.1050286000000002, "temp": 24.499999999999996, "humidity": 77.0, "direction": "N", "rainHour": 0.0, "pressure": 1009.375}