{"windPeak": 6.597773205705269, "windAvg": 3.6720951800000017, "temp": 19.61111111111111, "humidity": 75.0, "direction": "N", "rainHour": 0.0, "pressure": 1001.0}