{"windPeak": 0.47380576132547153, "windAvg": 0.02281638, "temp": 21.11111111111111, "humidity": 73.0, "direction": "N", "rainHour": 0.0, "pressure": 1009.5625}