{"windPeak": 1.3834209681086272e-30, "windAvg": 0.0, "temp": 21.11111111111111, "humidity": 80.0, "direction": "N", "rainHour": 0.0, "pressure": 1004.5}