{"windPeak": 7.05285474285455e-34, "windAvg": 0.0, "temp": 21.77777777777778, "humidity": 76.0, "direction": "N", "rainHour": 0.0, "pressure": 1007.875}