{"windPeak": 4.633499914039922e-47, "windAvg": 0.0, "temp": 21.72222222222222, "humidity": 81.0, "direction": "N", "rainHour": 0.0, "pressure": 1003.0625}