{"windPeak": 2.7700052336113137, "windAvg": 1.3059022200000001, "temp": 36.611111111111114, "humidity": 41.0, "direction": "N", "rainHour": 0.0, "pressure": 1002.6875}