{"windPeak": 6.16163007590939e-27, "windAvg": 0.0, "temp": 12.388888888888888, "humidity": 85.0, "direction": "N", "rainHour": 0.0, "pressure": 1012.875}