{"windPeak": 3.8627271838775283, "windAvg": 1.11666048, "temp": 6.888888888888888, "humidity": 82.0, "direction": "N", "rainHour": 0.0, "pressure": 1005.0}