{"windPeak": 4.496862345618796, "windAvg": 1.791756899999999, "temp": 28.22222222222222, "humidity": 36.0, "direction": "N", "rainHour": 0.0, "pressure": 1007.5}