{"windPeak": 4.188166170969418, "windAvg": 1.9783143800000003, "temp": 20.777777777777782, "humidity": 79.0, "direction": "N", "rainHour": 0.0, "pressure": 992.375}