{"windPeak": 3.141418719424347, "windAvg": 1.5801461599999995, "temp": 32.111111111111114, "humidity": 53.0, "direction": "N", "rainHour": 0.0, "pressure": 1004.75}