{"windPeak": 1.393442268773106e-17, "windAvg": 0.0, "temp": 12.000000000000002, "humidity": 82.0, "direction": "N", "rainHour": 0.0, "pressure": 1004.375}