{"windPeak": 2.6757040038935247, "windAvg": 0.8025997199999999, "temp": 7.000000000000001, "humidity": 77.0, "direction": "N", "rainHour": 0.0, "pressure": 1005.5625}