{"windPeak": 1.5867762818528282, "windAvg": 0.25903302000000006, "temp": 20.611111111111107, "humidity": 57.0, "direction": "N", "rainHour": 0.0, "pressure": 1006.75}