{"windPeak": 8.813390031243627e-19, "windAvg": 0.0, "temp": 21.999999999999996, "humidity": 64.0, "direction": "N", "rainHour": 0.0, "pressure": 1003.75}