{"windPeak": 1.6568133598661485, "windAvg": 0.3171924200000001, "temp": 26.27777777777778, "humidity": 70.0, "direction": "N", "rainHour": 0.0, "pressure": 1006.375}