{"windPeak": 4.88323395864174, "windAvg": 2.6328313199999998, "temp": 21.11111111111111, "humidity": 85.0, "direction": "N", "rainHour": 0.0, "pressure": 1007.375}