{"windPeak": 3.0209906082913256, "windAvg": 0.827653, "temp": 30.61111111111111, "humidity": 52.0, "direction": "N", "rainHour": 0.0, "pressure": 1003.25}