{"windPeak": 3.277375827175118, "windAvg": 1.0218159199999999, "temp": 23.5, "humidity": 72.0, "direction": "N", "rainHour": 0.0, "pressure": 990.1875}