{"windPeak": 0.04934471735028857, "windAvg": 0.0, "temp": 28.77777777777778, "humidity": 66.0, "direction": "N", "rainHour": 0.0, "pressure": 1009.5625}