{"windPeak": 1.9854614379551443, "windAvg": 0.09931836000000001, "temp": 19.88888888888889, "humidity": 71.0, "direction": "N", "rainHour": 0.0, "pressure": 1004.375}