{"windPeak": 0.0003479214571701796, "windAvg": 0.0, "temp": 14.888888888888888, "humidity": 84.0, "direction": "N", "rainHour": 0.0, "pressure": 1005.375}