{"windPeak": 2.4908957687502133, "windAvg": 0.24426948000000004, "temp": 16.0, "humidity": 77.0, "direction": "N", "rainHour": 0.0, "pressure": 1004.75}