{"windPeak": 2.1795275646913263e-32, "windAvg": 0.0, "temp": 23.000000000000004, "humidity": 78.0, "direction": "N", "rainHour": 0.0, "pressure": 1003.375}