{"windPeak": 1.4163936883387242e-17, "windAvg": 0.0, "temp": 21.72222222222222, "humidity": 81.0, "direction": "N", "rainHour": 0.0, "pressure": 1005.5625}