{"windPeak": 0.26221371829440077, "windAvg": 0.0, "temp": 29.722222222222225, "humidity": 49.0, "direction": "N", "rainHour": 0.0, "pressure": 1008.875}