{"windPeak": 0.00010556613261862555, "windAvg": 0.0, "temp": 28.722222222222225, "humidity": 61.0, "direction": "N", "rainHour": 0.0, "pressure": 1003.25}