{"windPeak": 4.083263755136399, "windAvg": 1.7778881199999994, "temp": 29.777777777777775, "humidity": 43.0, "direction": "N", "rainHour": 0.0, "pressure": 1006.875}