{"windPeak": 4.4418959878789295, "windAvg": 2.4784852, "temp": 19.777777777777775, "humidity": 61.0, "direction": "N", "rainHour": 0.0, "pressure": 1004.1875}