{"windPeak": 4.779163560829884, "windAvg": 2.030657899999999, "temp": 24.000000000000004, "humidity": 79.0, "direction": "N", "rainHour": 0.0, "pressure": 1002.0}