{"windPeak": 3.978343218251151, "windAvg": 2.1026859999999994, "temp": 18.277777777777782, "humidity": 67.0, "direction": "N", "rainHour": 0.0, "pressure": 1004.5}