{"windPeak": 0.20172678684807255, "windAvg": 0.08679171999999999, "temp": 24.88888888888889, "humidity": 59.0, "direction": "N", "rainHour": 0.0, "pressure": 1003.6875}