{"windPeak": 5.312286002962421e-37, "windAvg": 0.0, "temp": 17.72222222222222, "humidity": 71.0, "direction": "N", "rainHour": 0.0, "pressure": 1011.375}