{"windPeak": 7.5344376091951935, "windAvg": 3.15760812, "temp": 26.11111111111111, "humidity": 45.0, "direction": "N", "rainHour": 0.0, "pressure": 1006.5625}