{"windPeak": 4.647663381788415, "windAvg": 3.065000380000001, "temp": 22.38888888888889, "humidity": 87.0, "direction": "N", "rainHour": 0.0, "pressure": 989.5}