{"windPeak": 5.108700859182232, "windAvg": 3.157608040000001, "temp": 33.77777777777778, "humidity": 27.0, "direction": "N", "rainHour": 0.0, "pressure": 1004.875}