{"windPeak": 4.673514487351737, "windAvg": 2.5505133999999994, "temp": 30.27777777777778, "humidity": 36.0, "direction": "N", "rainHour": 0.0, "pressure": 1004.0}