{"windPeak": 1.1059323590095583e-05, "windAvg": 0.0, "temp": 20.611111111111107, "humidity": 60.0, "direction": "N", "rainHour": 0.0, "pressure": 1005.0625}