{"windPeak": 2.1372636681153856, "windAvg": 0.10737120000000001, "temp": 25.111111111111114, "humidity": 77.0, "direction": "N", "rainHour": 0.0, "pressure": 986.5625}