{"windPeak": 1.9522230693948466, "windAvg": 0.02281638, "temp": 12.222222222222223, "humidity": 61.0, "direction": "N", "rainHour": 0.0, "pressure": 1000.0625}