{"windPeak": 1.5199238758997948, "windAvg": 0.43485335999999997, "temp": 14.11111111111111, "humidity": 84.0, "direction": "N", "rainHour": 0.0, "pressure": 1005.5625}