{"windPeak": 2.5372475566289303, "windAvg": 0.7864940399999999, "temp": 29.499999999999996, "humidity": 60.0, "direction": "N", "rainHour": 0.0, "pressure": 1007.5}