{"windPeak": 4.29385604842709e-38, "windAvg": 0.0, "temp": 12.000000000000002, "humidity": 84.0, "direction": "N", "rainHour": 0.0, "pressure": 1004.0}