{"windPeak": 0.0002710175349551167, "windAvg": 0.0, "temp": 18.722222222222225, "humidity": 77.0, "direction": "N", "rainHour": 0.0, "pressure": 993.6875}