{"windPeak": 4.342402366422554e-08, "windAvg": 0.0, "temp": 22.22222222222222, "humidity": 70.0, "direction": "N", "rainHour": 0.0, "pressure": 1009.1875}