{"windPeak": 4.637368264293947, "windAvg": 1.5890938, "temp": -40.0, "humidity": 0.0, "direction": "N", "rainHour": 0.0, "pressure": 1007.0}