{"windPeak": 12.345389652862501, "windAvg": 5.575697260000001, "temp": 14.38888888888889, "humidity": 88.0, "direction": "N", "rainHour": 0.0, "pressure": 1000.75}