{"windPeak": 7.930289107243701e-14, "windAvg": 0.0, "temp": 19.388888888888893, "humidity": 73.0, "direction": "N", "rainHour": 0.0, "pressure": 1004.0}