{"windPeak": 6.337914596591221, "windAvg": 3.0547106400000006, "temp": 19.000000000000004, "humidity": 58.0, "direction": "N", "rainHour": 0.0, "pressure": 1006.6875}