{"windPeak": 3.728235319730724, "windAvg": 2.19842532, "temp": 23.388888888888886, "humidity": 86.0, "direction": "N", "rainHour": 0.0, "pressure": 995.1875}