{"windPeak": 2.6405656961732547, "windAvg": 0.31853456, "temp": 23.388888888888886, "humidity": 81.0, "direction": "N", "rainHour": 0.0, "pressure": 1001.375}