{"windPeak": 2.1208096178049294, "windAvg": 0.21563716000000002, "temp": 19.111111111111114, "humidity": 60.0, "direction": "N", "rainHour": 0.0, "pressure": 1006.375}