{"windPeak": 3.140087330293728, "windAvg": 1.7165970599999998, "temp": 18.000000000000004, "humidity": 86.0, "direction": "N", "rainHour": 0.0, "pressure": 999.0}