{"windPeak": 1.1588930798482855, "windAvg": 0.12213473999999998, "temp": 23.22222222222222, "humidity": 68.0, "direction": "N", "rainHour": 0.0, "pressure": 1002.75}