{"windPeak": 0.00023288931208033438, "windAvg": 0.0, "temp": 24.000000000000004, "humidity": 83.0, "direction": "N", "rainHour": 0.0, "pressure": 1003.25}