{"windPeak": 2.8903670820195115, "windAvg": 1.0159999800000004, "temp": 22.22222222222222, "humidity": 67.0, "direction": "N", "rainHour": 0.0, "pressure": 1007.25}