{"windPeak": 3.1891601606013493, "windAvg": 1.3014284200000004, "temp": 22.5, "humidity": 81.0, "direction": "N", "rainHour": 0.0, "pressure": 1007.0625}