{"windPeak": 4.227964402004216, "windAvg": 2.4887749400000003, "temp": 31.500000000000004, "humidity": 34.0, "direction": "N", "rainHour": 0.0, "pressure": 1004.0}