{"windPeak": 3.298178591624457e-11, "windAvg": 0.0, "temp": 30.888888888888886, "humidity": 58.0, "direction": "N", "rainHour": 0.0, "pressure": 1009.5}