{"windPeak": 9.08372101854507e-36, "windAvg": 0.0, "temp": 17.888888888888893, "humidity": 71.0, "direction": "N", "rainHour": 0.0, "pressure": 1001.5}