{"windPeak": 1.4488426806231889, "windAvg": 2.8611984545454545, "temp": 9.777777777777779, "humidity": 61.0, "direction": "N", "rainHour": 0.0, "pressure": 1006.0}