{"windPeak": 4.948302035554396, "windAvg": 2.6945697400000004, "temp": 29.111111111111114, "humidity": 41.0, "direction": "N", "rainHour": 0.0, "pressure": 1004.25}