{"windPeak": 3.1468673968615675, "windAvg": 1.8432056, "temp": 23.722222222222225, "humidity": 78.0, "direction": "N", "rainHour": 0.0, "pressure": 1006.25}