{"windPeak": 4.027677991592058, "windAvg": 2.1595032599999997, "temp": 33.22222222222222, "humidity": 54.0, "direction": "N", "rainHour": 0.0, "pressure": 1005.5}