{"windPeak": 1.0299090280031361e-07, "windAvg": 0.0, "temp": 25.61111111111111, "humidity": 76.0, "direction": "N", "rainHour": 0.0, "pressure": 1002.875}