{"windPeak": 9.229812710330943e-34, "windAvg": 0.0, "temp": 21.27777777777778, "humidity": 86.0, "direction": "N", "rainHour": 0.0, "pressure": 1007.25}