{"windPeak": 6.773265840565894, "windAvg": 3.73383366, "temp": 29.61111111111111, "humidity": 38.0, "direction": "N", "rainHour": 0.0, "pressure": 1006.25}