{"windPeak": 5.5044825527890495, "windAvg": 2.58272478, "temp": 21.72222222222222, "humidity": 45.0, "direction": "N", "rainHour": 0.0, "pressure": 1007.375}