{"windPeak": 6.7341218175960424, "windAvg": 2.66146364, "temp": 26.611111111111114, "humidity": 49.0, "direction": "N", "rainHour": 0.0, "pressure": 1005.25}