{"windPeak": 6.110145495628819, "windAvg": 3.7647028000000016, "temp": 18.277777777777782, "humidity": 87.0, "direction": "N", "rainHour": 0.0, "pressure": 996.75}