{"windPeak": 5.3157128770029, "windAvg": 2.0373685199999994, "temp": 17.5, "humidity": 87.0, "direction": "N", "rainHour": 0.0, "pressure": 998.6875}