{"windPeak": 4.539503628609976, "windAvg": 2.2624006599999995, "temp": 18.722222222222225, "humidity": 77.0, "direction": "N", "rainHour": 0.0, "pressure": 1008.0625}