{"windPeak": 1.833597928518469, "windAvg": 0.19863672000000002, "temp": 13.611111111111112, "humidity": 64.0, "direction": "N", "rainHour": 0.0, "pressure": 1000.5625}