{"windPeak": 0.022803720668869275, "windAvg": 0.0, "temp": 14.222222222222223, "humidity": 72.0, "direction": "N", "rainHour": 0.0, "pressure": 1004.6875}