{"windPeak": 5.155155958566082, "windAvg": 1.7962306999999995, "temp": 19.22222222222222, "humidity": 83.0, "direction": "N", "rainHour": 0.0, "pressure": 998.5}