{"windPeak": 1.1728082810593677e-12, "windAvg": 0.0, "temp": 20.72222222222222, "humidity": 73.0, "direction": "N", "rainHour": 0.0, "pressure": 998.0}