{"windPeak": 5.681869645093904, "windAvg": 2.68562218, "temp": 21.77777777777778, "humidity": 58.0, "direction": "N", "rainHour": 0.0, "pressure": 997.0625}