{"windPeak": 5.369748579763928, "windAvg": 5.285347700000001, "temp": 16.0, "humidity": 46.0, "direction": "N", "rainHour": 0.0, "pressure": 1003.875}