{"windPeak": 0.009091319567858741, "windAvg": 0.0, "temp": 19.22222222222222, "humidity": 76.0, "direction": "N", "rainHour": 0.0, "pressure": 993.5625}