{"windPeak": 4.849297683866616, "windAvg": 2.1263971599999993, "temp": 19.88888888888889, "humidity": 86.0, "direction": "N", "rainHour": 0.0, "pressure": 994.6875}