{"windPeak": 1.7123293059151107e-16, "windAvg": 0.0, "temp": 22.77777777777778, "humidity": 61.0, "direction": "N", "rainHour": 0.0, "pressure": 1003.75}