{"windPeak": 2.6283881438744245, "windAvg": 1.06297488, "temp": 31.777777777777782, "humidity": 44.0, "direction": "N", "rainHour": 0.0, "pressure": 1008.5625}