{"windPeak": 4.102813656805954, "windAvg": 1.8624429399999993, "temp": 30.222222222222225, "humidity": 47.0, "direction": "N", "rainHour": 0.0, "pressure": 1003.25}