{"windPeak": 3.7330465582866377, "windAvg": 2.2726903999999997, "temp": 30.777777777777782, "humidity": 42.0, "direction": "N", "rainHour": 0.0, "pressure": 996.375}