{"windPeak": 2.232334534484239, "windAvg": 0.37445705999999995, "temp": 22.722222222222225, "humidity": 73.0, "direction": "N", "rainHour": 0.0, "pressure": 1010.1875}