{"windPeak": 3.526080448189372, "windAvg": 2.2315314399999995, "temp": -40.0, "humidity": 0.0, "direction": "N", "rainHour": 0.0, "pressure": 1003.25}