{"windPeak": 1.55281343175591, "windAvg": 0.12437163999999999, "temp": 17.888888888888893, "humidity": 86.0, "direction": "N", "rainHour": 0.0, "pressure": 998.875}