{"windPeak": 6.694534414753446e-15, "windAvg": 0.0, "temp": 20.611111111111107, "humidity": 62.0, "direction": "N", "rainHour": 0.0, "pressure": 1013.0625}