{"windPeak": 2.2781259697260348, "windAvg": 0.30019197999999997, "temp": 17.5, "humidity": 86.0, "direction": "N", "rainHour": 0.0, "pressure": 999.25}