{"windPeak": 2.115472029327042, "windAvg": 0.06621223999999999, "temp": 23.61111111111111, "humidity": 80.0, "direction": "N", "rainHour": 0.0, "pressure": 1002.0625}