{"windPeak": 2.6655442822909485, "windAvg": 0.07650198, "temp": 24.277777777777782, "humidity": 47.0, "direction": "N", "rainHour": 0.0, "pressure": 1004.6875}