{"windPeak": 3.749505223269528, "windAvg": 2.4064570199999995, "temp": 32.388888888888886, "humidity": 57.0, "direction": "N", "rainHour": 0.0, "pressure": 1000.6875}