{"windPeak": 3.8921635604267957, "windAvg": 2.40645702, "temp": 20.72222222222222, "humidity": 56.0, "direction": "N", "rainHour": 0.0, "pressure": 1002.75}