{"windPeak": 6.935189689922163e-24, "windAvg": 0.0, "temp": 8.499999999999998, "humidity": 83.0, "direction": "N", "rainHour": 0.0, "pressure": 1002.0625}