{"windPeak": 2.1625506142256, "windAvg": 0.26708585999999995, "temp": 20.388888888888893, "humidity": 79.0, "direction": "N", "rainHour": 0.0, "pressure": 1006.5}