{"windPeak": 2.448743945075062, "windAvg": 0.0, "temp": 23.388888888888886, "humidity": 68.0, "direction": "N", "rainHour": 0.0, "pressure": 1012.0}