{"windPeak": 5.588676549596835e-41, "windAvg": 0.0, "temp": 20.777777777777782, "humidity": 70.0, "direction": "N", "rainHour": 0.0, "pressure": 1012.875}