{"windPeak": 4.7376271274180715, "windAvg": 2.807756919999999, "temp": 19.27777777777778, "humidity": 73.0, "direction": "N", "rainHour": 0.0, "pressure": 1003.0}