{"windPeak": 0.024830057196248877, "windAvg": 0.0, "temp": 21.77777777777778, "humidity": 61.0, "direction": "N", "rainHour": 0.0, "pressure": 998.5}