{"windPeak": 3.7334144219725425, "windAvg": 2.4887749400000003, "temp": 28.722222222222225, "humidity": 40.0, "direction": "N", "rainHour": 0.0, "pressure": 1010.0625}