{"windPeak": 0.7442311737731154, "windAvg": 0.0, "temp": 25.888888888888886, "humidity": 73.0, "direction": "N", "rainHour": 0.0, "pressure": 1000.75}