{"windPeak": 0.9324524519131652, "windAvg": 0.0, "temp": 13.722222222222225, "humidity": 64.0, "direction": "N", "rainHour": 0.0, "pressure": 1000.75}