{"windPeak": 3.934652933251994, "windAvg": 2.5093544200000006, "temp": 16.88888888888889, "humidity": 75.0, "direction": "N", "rainHour": 0.0, "pressure": 1004.0}