{"windPeak": 8.555338874261946e-05, "windAvg": 0.0, "temp": 22.277777777777775, "humidity": 74.0, "direction": "N", "rainHour": 0.0, "pressure": 990.75}