{"windPeak": 8.336936228355289e-11, "windAvg": 0.0, "temp": 24.000000000000004, "humidity": 72.0, "direction": "N", "rainHour": 0.0, "pressure": 1004.0625}