{"windPeak": 3.8527612360338575, "windAvg": 2.56080314, "temp": 27.77777777777778, "humidity": 45.0, "direction": "N", "rainHour": 0.0, "pressure": 1008.5}