{"windPeak": 6.622148442260628, "windAvg": 2.340244799999999, "temp": 26.0, "humidity": 65.0, "direction": "N", "rainHour": 0.0, "pressure": 1007.6875}