{"windPeak": 7.396885721658528e-05, "windAvg": 0.0, "temp": 11.61111111111111, "humidity": 73.0, "direction": "N", "rainHour": 0.0, "pressure": 1001.0625}