{"windPeak": 0.9254630136636616, "windAvg": 0.09708146, "temp": 25.0, "humidity": 72.0, "direction": "N", "rainHour": 0.0, "pressure": 1006.0}