{"windPeak": 2.106878019275548, "windAvg": 0.0, "temp": 16.61111111111111, "humidity": 87.0, "direction": "N", "rainHour": 0.0, "pressure": 1003.0625}