{"windPeak": 4.236230985657025, "windAvg": 2.6328313, "temp": 17.27777777777778, "humidity": 88.0, "direction": "N", "rainHour": 0.0, "pressure": 994.1875}