{"windPeak": 3.36862166635943, "windAvg": 1.7828093000000007, "temp": 20.777777777777782, "humidity": 70.0, "direction": "N", "rainHour": 0.0, "pressure": 1008.875}