{"windPeak": 3.7269991862556213, "windAvg": 2.2292945399999993, "temp": 35.61111111111111, "humidity": 36.0, "direction": "N", "rainHour": 0.0, "pressure": 1007.5625}