{"windPeak": 10.368601031148756, "windAvg": 3.425141380000001, "temp": 17.5, "humidity": 78.0, "direction": "N", "rainHour": 0.0, "pressure": 1006.1875}