{"windPeak": 4.1529182428568906e-20, "windAvg": 0.0, "temp": 27.277777777777775, "humidity": 60.0, "direction": "N", "rainHour": 0.0, "pressure": 1009.6875}