{"windPeak": 2.8525177314621278e-09, "windAvg": 0.0, "temp": 20.777777777777782, "humidity": 80.0, "direction": "N", "rainHour": 0.0, "pressure": 1002.875}