{"windPeak": 3.6162531652908583, "windAvg": 1.88883836, "temp": 30.27777777777778, "humidity": 45.0, "direction": "N", "rainHour": 0.0, "pressure": 1006.0}