{"windPeak": 2.3593338456371537e-55, "windAvg": 0.0, "temp": 29.61111111111111, "humidity": 56.0, "direction": "N", "rainHour": 0.0, "pressure": 1000.875}