{"windPeak": 7.686203029559535, "windAvg": 2.7518344399999997, "temp": 19.000000000000004, "humidity": 67.0, "direction": "N", "rainHour": 0.0, "pressure": 1003.1875