{"windPeak": 5.309162811077035, "windAvg": 2.4740114199999996, "temp": 17.11111111111111, "humidity": 73.0, "direction": "N", "rainHour": 0.0, "pressure": 1006.375}