{"windPeak": 1.5764878433901567e-35, "windAvg": 0.0, "temp": 23.722222222222225, "humidity": 79.0, "direction": "N", "rainHour": 0.0, "pressure": 1006.1875}