{"windPeak": 3.7390616534835437, "windAvg": 1.2629537400000006, "temp": 7.000000000000001, "humidity": 81.0, "direction": "N", "rainHour": 0.0, "pressure": 1004.875}