{"windPeak": 4.821250821462407, "windAvg": 3.106159400000001, "temp": 28.77777777777778, "humidity": 52.0, "direction": "N", "rainHour": 0.0, "pressure": 1007.75}