{"windPeak": 3.5742248133397485, "windAvg": 2.3630611599999995, "temp": 34.0, "humidity": 62.0, "direction": "N", "rainHour": 0.0, "pressure": 999.5}