{"windPeak": 0.09218826721828088, "windAvg": 0.0, "temp": 18.388888888888886, "humidity": 63.0, "direction": "N", "rainHour": 0.0, "pressure": 1008.5}