{"windPeak": 1.0427727500902007e-31, "windAvg": 0.0, "temp": 23.11111111111111, "humidity": 87.0, "direction": "N", "rainHour": 0.0, "pressure": 1000.5625}