{"windPeak": 2.3898212705133198e-32, "windAvg": 0.0, "temp": 16.77777777777778, "humidity": 82.0, "direction": "N", "rainHour": 0.0, "pressure": 994.25}