{"windPeak": 1.6401600304431115e-47, "windAvg": 0.0, "temp": 15.111111111111112, "humidity": 85.0, "direction": "N", "rainHour": 0.0, "pressure": 1013.5}