{"windPeak": 0.8797909716733058, "windAvg": 0.02281638, "temp": 19.88888888888889, "humidity": 70.0, "direction": "N", "rainHour": 0.0, "pressure": 1010.0625}