{"windPeak": 5.47971403208489, "windAvg": 3.0135516800000004, "temp": 18.22222222222222, "humidity": 87.0, "direction": "N", "rainHour": 0.0, "pressure": 995.25}