{"windPeak": 3.8868435860345956e-07, "windAvg": 0.0, "temp": 24.722222222222225, "humidity": 67.0, "direction": "N", "rainHour": 0.0, "pressure": 1010.6875}