{"windPeak": 5.850988994941711e-20, "windAvg": 0.0, "temp": 22.611111111111114, "humidity": 74.0, "direction": "N", "rainHour": 0.0, "pressure": 1004.6875}