{"windPeak": 1.1949253957128641e-10, "windAvg": 0.0, "temp": 19.499999999999996, "humidity": 69.0, "direction": "N", "rainHour": 0.0, "pressure": 1003.75}