{"windPeak": 1.8216868481162873, "windAvg": 0.0, "temp": 30.61111111111111, "humidity": 63.0, "direction": "N", "rainHour": 0.0, "pressure": 1012.5}