{"windPeak": 4.514599381798797, "windAvg": 2.36082426, "temp": 23.88888888888889, "humidity": 49.0, "direction": "N", "rainHour": 0.0, "pressure": 1010.6875}