{"windPeak": 0.08318747567951691, "windAvg": 0.0, "temp": 24.88888888888889, "humidity": 67.0, "direction": "N", "rainHour": 0.0, "pressure": 1008.1875}