{"windPeak": 3.585825159226954, "windAvg": 2.2498740199999996, "temp": 34.77777777777778, "humidity": 60.0, "direction": "N", "rainHour": 0.0, "pressure": 999.5}