{"windPeak": 1.293409895963234e-12, "windAvg": 0.0, "temp": 22.277777777777775, "humidity": 79.0, "direction": "N", "rainHour": 0.0, "pressure": 1006.25}