{"windPeak": 1.3470973654276266e-21, "windAvg": 0.0, "temp": 12.888888888888891, "humidity": 83.0, "direction": "N", "rainHour": 0.0, "pressure": 1013.0}