{"windPeak": 4.707434845891383, "windAvg": 2.8283363800000005, "temp": 17.38888888888889, "humidity": 76.0, "direction": "N", "rainHour": 0.0, "pressure": 1003.375}