{"windPeak": 2.6164027695131953, "windAvg": 0.7055182600000001, "temp": 11.722222222222223, "humidity": 83.0, "direction": "N", "rainHour": 0.0, "pressure": 1002.875}