{"windPeak": 5.244230077340816, "windAvg": 3.2502157600000015, "temp": 18.61111111111111, "humidity": 87.0, "direction": "N", "rainHour": 0.0, "pressure": 996.375}