{"windPeak": 1.4807298385023204, "windAvg": 0.11408190000000001, "temp": 25.0, "humidity": 72.0, "direction": "N", "rainHour": 0.0, "pressure": 1003.25}