{"windPeak": 2.9996278766428027e-06, "windAvg": 0.0, "temp": 28.277777777777782, "humidity": 60.0, "direction": "N", "rainHour": 0.0, "pressure": 1006.5625}