{"windPeak": 3.359572904305994, "windAvg": 1.67678024, "temp": 25.777777777777782, "humidity": 80.0, "direction": "N", "rainHour": 0.0, "pressure": 1002.5625}