{"windPeak": 2.7130899760134533, "windAvg": 0.0, "temp": 25.111111111111114, "humidity": 77.0, "direction": "N", "rainHour": 0.0, "pressure": 1002.1875}