{"windPeak": 1.2007861190076354e-46, "windAvg": 0.0, "temp": 22.38888888888889, "humidity": 83.0, "direction": "N", "rainHour": 0.0, "pressure": 1004.375}