{"windPeak": 8.238320971324065, "windAvg": 3.54638136, "temp": 15.222222222222221, "humidity": 87.0, "direction": "N", "rainHour": 0.0, "pressure": 1000.0}