{"windPeak": 3.592618663546941e-39, "windAvg": 0.0, "temp": 17.11111111111111, "humidity": 75.0, "direction": "N", "rainHour": 0.0, "pressure": 995.5625}