{"windPeak": 3.655607118389939, "windAvg": 1.5984887399999996, "temp": 17.5, "humidity": 69.0, "direction": "N", "rainHour": 0.0, "pressure": 1004.0625}