{"windPeak": 3.7498099166148258, "windAvg": 1.1358978200000005, "temp": 23.277777777777782, "humidity": 82.0, "direction": "N", "rainHour": 0.0, "pressure": 1009.6875}