{"windPeak": 1.4422258380776531, "windAvg": 0.21563716000000002, "temp": 25.111111111111114, "humidity": 61.0, "direction": "N", "rainHour": 0.0, "pressure": 1009.5625}