{"windPeak": 0.1391603106279228, "windAvg": 0.0, "temp": 23.61111111111111, "humidity": 62.0, "direction": "N", "rainHour": 0.0, "pressure": 1010.1875}