{"windPeak": 3.7687779761662235, "windAvg": 2.715149220000001, "temp": 25.72222222222222, "humidity": 58.0, "direction": "N", "rainHour": 0.0, "pressure": 991.75}