{"windPeak": 0.00011582280964631889, "windAvg": 0.0, "temp": 21.77777777777778, "humidity": 69.0, "direction": "N", "rainHour": 0.0, "pressure": 1009.6875}