{"windPeak": 2.4907230266297875e-07, "windAvg": 0.0, "temp": 31.27777777777778, "humidity": 60.0, "direction": "N", "rainHour": 0.0, "pressure": 1009.0625}