{"windPeak": 7.033331564054184, "windAvg": 3.733833680000002, "temp": 25.222222222222225, "humidity": 42.0, "direction": "N", "rainHour": 0.0, "pressure": 1005.25}