{"windPeak": 4.329060417010934e-58, "windAvg": 0.0, "temp": 18.111111111111107, "humidity": 75.0, "direction": "N", "rainHour": 0.0, "pressure": 1005.0}