{"windPeak": 7.227025397492049, "windAvg": 3.57948748, "temp": 13.722222222222225, "humidity": 62.0, "direction": "N", "rainHour": 0.0, "pressure": 1000.25}