{"windPeak": 3.164069706518833, "windAvg": 1.8463372599999992, "temp": 27.11111111111111, "humidity": 69.0, "direction": "N", "rainHour": 0.0, "pressure": 1000.5}