{"windPeak": 11.814133302215627, "windAvg": 5.040630720000002, "temp": 17.5, "humidity": 49.0, "direction": "N", "rainHour": 0.0, "pressure": 999.5}