{"windPeak": 6.652316367253495, "windAvg": 3.070816460000001, "temp": 14.222222222222223, "humidity": 87.0, "direction": "N", "rainHour": 0.0, "pressure": 1003.875}