{"windPeak": 3.5623951601912722, "windAvg": 2.091054119999999, "temp": 16.722222222222225, "humidity": 74.0, "direction": "N", "rainHour": 0.0, "pressure": 1004.375}