{"windPeak": 3.4622249452581076e-33, "windAvg": 0.0, "temp": 17.611111111111114, "humidity": 72.0, "direction": "N", "rainHour": 0.0, "pressure": 1011.6875}