{"windPeak": 5.725653015829513, "windAvg": 3.281085000000001, "temp": 30.27777777777778, "humidity": 38.0, "direction": "N", "rainHour": 0.0, "pressure": 1009.25}