{"windPeak": 4.703404171201775, "windAvg": 2.3894566, "temp": 31.0, "humidity": 44.0, "direction": "N", "rainHour": 0.0, "pressure": 996.1875}