{"windPeak": 1.792615476075188, "windAvg": 0.35835138, "temp": 18.88888888888889, "humidity": 72.0, "direction": "N", "rainHour": 0.0, "pressure": 1005.1875}