{"windPeak": 4.092753623318371, "windAvg": 2.198425320000001, "temp": 32.111111111111114, "humidity": 56.0, "direction": "N", "rainHour": 0.0, "pressure": 1005.75}