{"windPeak": 2.974362339304722, "windAvg": 0.8276530000000002, "temp": 21.11111111111111, "humidity": 80.0, "direction": "N", "rainHour": 0.0, "pressure": 997.6875}