{"windPeak": 8.165105593251697, "windAvg": 2.6959120600000004, "temp": 14.777777777777779, "humidity": 85.0, "direction": "N", "rainHour": 0.0, "pressure": 1004.0}