{"windPeak": 0.007426944049524736, "windAvg": 0.0, "temp": 14.27777777777778, "humidity": 77.0, "direction": "N", "rainHour": 0.0, "pressure": 1007.6875}