{"windPeak": 5.657326991410545, "windAvg": 2.78046676, "temp": 23.5, "humidity": 38.0, "direction": "N", "rainHour": 0.0, "pressure": 1010.5}