{"windPeak": 4.031858219372457, "windAvg": 2.4887749400000003, "temp": -2.6111111111111107, "humidity": 0.0, "direction": "N", "rainHour": 0.0, "pressure": 1002.75}