{"windPeak": 2.4099559769692886, "windAvg": 0.14718802, "temp": 25.27777777777778, "humidity": 42.0, "direction": "N", "rainHour": 0.0, "pressure": 1005.6875}