{"windPeak": 3.803096915165351, "windAvg": 2.1595032599999997, "temp": 23.77777777777778, "humidity": 46.0, "direction": "N", "rainHour": 0.0, "pressure": 1004.0}