{"windPeak": 1.7498766614000004e-08, "windAvg": 0.0, "temp": 21.500000000000004, "humidity": 55.0, "direction": "N", "rainHour": 0.0, "pressure": 1003.0}