{"windPeak": 0.002536578404035548, "windAvg": 0.0, "temp": 22.611111111111114, "humidity": 83.0, "direction": "N", "rainHour": 0.0, "pressure": 1002.25}