{"windPeak": 4.7652503943029325, "windAvg": 2.5196441600000004, "temp": 17.611111111111114, "humidity": 88.0, "direction": "N", "rainHour": 0.0, "pressure": 994.0625}