{"windPeak": 2.3028577195056927, "windAvg": 0.29795508, "temp": 18.277777777777782, "humidity": 86.0, "direction": "N", "rainHour": 0.0, "pressure": 988.0}