{"windPeak": 0.019488609093446345, "windAvg": 0.0, "temp": 23.388888888888886, "humidity": 81.0, "direction": "N", "rainHour": 0.0, "pressure": 1007.5625}