{"windPeak": 3.2874111560222415e-21, "windAvg": 0.0, "temp": 23.77777777777778, "humidity": 82.0, "direction": "N", "rainHour": 0.0, "pressure": 1001.875}