{"windPeak": 7.04984190836283, "windAvg": 4.0116566600000025, "temp": 13.388888888888891, "humidity": 55.0, "direction": "N", "rainHour": 0.0, "pressure": 1004.0625}