{"windPeak": 4.214337153595162, "windAvg": 2.15726636, "temp": 26.222222222222225, "humidity": 78.0, "direction": "N", "rainHour": 0.0, "pressure": 1008.1875}