{"windPeak": 4.73222495858095, "windAvg": 3.0193676600000017, "temp": 25.111111111111114, "humidity": 59.0, "direction": "N", "rainHour": 0.0, "pressure": 991.5}