{"windPeak": 1.1926627874013062e-53, "windAvg": 0.0, "temp": 25.888888888888886, "humidity": 68.0, "direction": "N", "rainHour": 0.0, "pressure": 1013.375}