{"windPeak": 1.901789663885853, "windAvg": 0.60306824, "temp": 29.22222222222222, "humidity": 49.0, "direction": "N", "rainHour": 0.0, "pressure": 1010.375}