{"windPeak": 3.7019300418013925, "windAvg": 2.653410780000001, "temp": 32.22222222222222, "humidity": 60.0, "direction": "N", "rainHour": 0.0, "pressure": 1001.0}