{"windPeak": 1.6061069700159709e-41, "windAvg": 0.0, "temp": 23.77777777777778, "humidity": 81.0, "direction": "N", "rainHour": 0.0, "pressure": 1004.0}